evidence	directory	-	-
evidence/PRE-RUN-IDENTITY.json	file	6633	36bb4aae5caa9bd4814ebbc12a3a9b99494e01c09f97f8eea0d44b26ca95ff66
evidence/SANITIZED-FINAL-CHILD.json	file	37856	10748e17048a5e96039379bc77d27c47900eb5cadf6d6ce5c66fd74464b229b9
evidence/captures	directory	-	-
evidence/captures/first-present	directory	-	-
evidence/captures/first-present/20260721T220539Z-97312	directory	-	-
evidence/captures/first-present/20260721T220539Z-97312/capture.json	file	339	bec4e82d2491201549acdaa923ce04c00b9216784bccc63f3d0ce747935c9c0c
evidence/captures/first-present/20260721T220539Z-97312/probe.json	file	5896	dfc228fdb7f1884dd876da99e910e24acb4abff8ce990ab3db274c1d834eea95
evidence/captures/first-present/20260721T220539Z-97312/result.json	file	1937	4af549aaffaef092555cd9a39a78ac8fdbe68396e6f4c4042359cef1e957e74c
evidence/captures/first-present/20260721T220539Z-97312/selected-window.json	file	128	73e1e70544ae6e4f81a2df40c515df1ba38a355d34584e65db1247d15f66feb5
evidence/captures/first-present/20260721T220539Z-97312/window-7906.bmp	file	2359350	2a25236845dd229fe5024c1d70fec81b0cb618537648524e616f4b7f33aeafb1
evidence/captures/first-present/20260721T220539Z-97312/window-7906.png	file	2367	63373382cfa36078355ba24feb69e5e94474e40ec28f26bb01c8bfd7f4ed18e6
evidence/captures/late	directory	-	-
evidence/captures/late/20260721T220733Z-97843	directory	-	-
evidence/captures/late/20260721T220733Z-97843/capture.json	file	330	57cfbad644cc2288c03ff67294703876fedba72dfa70099b2c972269871a7948
evidence/captures/late/20260721T220733Z-97843/probe.json	file	6046	8249f75d5af4db7de4d82301f8f329593d30f9770b908f940a84e72b426245c2
evidence/captures/late/20260721T220733Z-97843/result.json	file	1892	6d58ccb52df5b4cd0a33b6e48839424968c81965e54c9b68c6645f8f0efea643
evidence/captures/late/20260721T220733Z-97843/selected-window.json	file	128	73e1e70544ae6e4f81a2df40c515df1ba38a355d34584e65db1247d15f66feb5
evidence/captures/late/20260721T220733Z-97843/window-7906.bmp	file	2359350	2a25236845dd229fe5024c1d70fec81b0cb618537648524e616f4b7f33aeafb1
evidence/captures/late/20260721T220733Z-97843/window-7906.png	file	2367	63373382cfa36078355ba24feb69e5e94474e40ec28f26bb01c8bfd7f4ed18e6
evidence/logs	directory	-	-
evidence/logs/capture-first-present.log	file	1937	4af549aaffaef092555cd9a39a78ac8fdbe68396e6f4c4042359cef1e957e74c
evidence/logs/capture-first-present.rc	file	2	1121cfccd5913f0a63fec40a6ffd44ea64f9dc135c66634ba001d10bcf4302a2
evidence/logs/capture-late-1100s.log	file	1892	6d58ccb52df5b4cd0a33b6e48839424968c81965e54c9b68c6645f8f0efea643
evidence/logs/capture-late-1100s.rc	file	2	1121cfccd5913f0a63fec40a6ffd44ea64f9dc135c66634ba001d10bcf4302a2
evidence/logs/end-epoch.txt	file	32	941c7fdac5037b7f3b9d053f2191400e674787a08ac51164ca8a1b90a3168852
evidence/logs/mr-run.done	file	5	d117fa006ba9208500b2930ce69cbde436c647afa917cb7396a9bc9111a46dd2
evidence/logs/mr-run.rc	file	4	ca2ebdf97d7469496b1f4b78958f9dc8447efdcb623953fee7b6996b762f6fff
evidence/logs/start-epoch.txt	file	32	46a05cd94a2621eef0f6c3159234c13bcbfa49587dc1a6f4b31af3ce2e9115f9
evidence/run-contract.json	file	30159	7fe3156b5238f453b3032207c34be27498f2252e57f9df3f4e87aa399bc87596
reports	directory	-	-
reports/PIXEL-FIRST-NATIVE-NTDLL-BINARY-BISECT.md	file	8203	0869d15395ce7bc6e5905d7f9f074719434872ebfab7f75fa59e04bc84760714
reports/PIXEL-FIRST-WINEMAC-BINARY-BISECT.md	file	6742	d115c2d9f9001b681246f4d6c7d62281626edb32f0bacdf2a16307b1c80dbfda
runner	directory	-	-
runner/laneA-run-hk.sh	file	9812	6dc990a1edcd8315acd59cc2ac780ca425c92dc3ba1e80ac63bb436c1f61d478
runner/mr-run.sh	file	30043	4b23ba831e926d5475b5e13ea22846ad7c73b3b8b926264d5a88ae854a4213a9
runner/sync-prefix-from-dist.sh	file	8048	492d392db11f104ef41bd533c8f6f7b8fd869eb2606a362889caee4adab8fb3a
runtime	directory	-	-
runtime/dist-arm64ec-spike	directory	-	-
runtime/dist-arm64ec-spike/bin	directory	-	-
runtime/dist-arm64ec-spike/bin/function_grep.pl	file	8187	6651cbf6fce931b9ac81ef6faf4a8745e35ab108cac6ec06a4f1abd563f0b7f5
runtime/dist-arm64ec-spike/bin/widl	file	662632	5ba210b52ea4b9239319457f7cb77ff58d699fd6a76c52addc3c1b384b67fb7b
runtime/dist-arm64ec-spike/bin/wine	file	34424	00145dabeee2cd6f2903cc61a73e58b87c2186a3fd67c0fb2580eab5a80e0085
runtime/dist-arm64ec-spike/bin/winebuild	file	232616	45aeacfdb2037b5e38fe4306603656a3047f92a705d948b4bd0ad216fa6304b2
runtime/dist-arm64ec-spike/bin/winecpp	symlink	winegcc	06784ea0487f9256b163c2eedd168f7efd7d9b42cfed53da8d8070b98d466a11
runtime/dist-arm64ec-spike/bin/winedump	file	416040	08e328902d18e4b3799f1fb3fcc22f73e0260c6680a1aa912d4b5df0af6b3fe0
runtime/dist-arm64ec-spike/bin/wineg++	symlink	winegcc	06784ea0487f9256b163c2eedd168f7efd7d9b42cfed53da8d8070b98d466a11
runtime/dist-arm64ec-spike/bin/winegcc	file	97720	8d9f0a9512682ae9fa597dec9c361eb69e72f872680e2515691680e6d89e520a
runtime/dist-arm64ec-spike/bin/winemaker	file	95151	65d518e5be63ec43e846d39dc78d7bd969b6ecda3f6d36be61dbb402d1eb1b29
runtime/dist-arm64ec-spike/bin/wineserver	file	684248	7d759baf76280bfa91d05029f21f4421bdcb52141338b0ca6eb29090f911f04b
runtime/dist-arm64ec-spike/bin/wmc	file	96400	93f0e16132bfec649ca5d34ab0729c75cc6d79adcf503c1b33f396a83405dea3
runtime/dist-arm64ec-spike/bin/wrc	file	251680	99d34bd7bdf70c0d08b170fa1116b10ebe1b62c04840c2d7eba75a4adf64e1c0
runtime/dist-arm64ec-spike/include	directory	-	-
runtime/dist-arm64ec-spike/include/wine	directory	-	-
runtime/dist-arm64ec-spike/include/wine/debug.h	file	22396	be78467e456d555db938bd45661ee22cf1c34b3aaa01bd67d3d8c9e8101a9f17
runtime/dist-arm64ec-spike/include/wine/exception.h	file	10918	0a2ed062f66b14252f28b48ea79285116422482a5efb38d42d261db09370c22a
runtime/dist-arm64ec-spike/include/wine/iaccessible2.h	file	195455	3eb6d5b789125ddef9ac9e64c690783373e443dd09be94501868c3ae5e00bc7e
runtime/dist-arm64ec-spike/include/wine/iaccessible2.idl	file	217372	708d89a8d20f15a8e8aa4e609ea5f5e69e16bbf1a227498222d41a0f2345089a
runtime/dist-arm64ec-spike/include/wine/itss.h	file	10306	bd230855175c20dc710d3350a3849f673aeaf4dd3dd0c18c4ec57fa31c1dcc52
runtime/dist-arm64ec-spike/include/wine/itss.idl	file	3011	e5dcb97d48c6f0fd4f774bf3a79b46089d692e0291405d763f7d1e267a6ec61d
runtime/dist-arm64ec-spike/include/wine/mfinternal.h	file	6191	cc50ec6a22cbdf09c845a6f3e9164eda0e7f080e643e7f55e861b3b3d8693d6b
runtime/dist-arm64ec-spike/include/wine/mfinternal.idl	file	3116	bf23eb9b08e705a39c1cf9a37255acd6a525cd5cff3048deaa68d534bf4018b7
runtime/dist-arm64ec-spike/include/wine/msvcrt	directory	-	-
runtime/dist-arm64ec-spike/include/wine/msvcrt/assert.h	file	1148	f53b28110d1cb96102830c1ae61ca3e8d93d435c8480a8268bd0396266e38893
runtime/dist-arm64ec-spike/include/wine/msvcrt/complex.h	file	1424	204226b0bb6785b0da601698a2ee089b5da6f30d1241e93ba43b48a7b776e0c7
runtime/dist-arm64ec-spike/include/wine/msvcrt/conio.h	file	2153	f17231da3217e80368654f39513e752dcf8edf26d773488dea900f5045b88a44
runtime/dist-arm64ec-spike/include/wine/msvcrt/corecrt.h	file	7976	a5948b6c1d16aa6fb18d5c67325de06d0835855fa3cdc0dae720d125273f582c
runtime/dist-arm64ec-spike/include/wine/msvcrt/corecrt_io.h	file	5097	db7dcb7c0bdffda0d271e9ee6735b972d731c485fb5b85ab405a414893d27fd6
runtime/dist-arm64ec-spike/include/wine/msvcrt/corecrt_malloc.h	file	2005	55e13ffbceced28d538efca5630ae188b73ebc41758b2a3c5a51dbb774d83cc3
runtime/dist-arm64ec-spike/include/wine/msvcrt/corecrt_startup.h	file	2245	4a28fbb73f877870f1fbb55a63aa5b3c25d0034fe3e4ec9010fe44f145725976
runtime/dist-arm64ec-spike/include/wine/msvcrt/corecrt_stdio_config.h	file	1239	9571faf5d95666031f1da114f486da393cb4bbe63fa858a9e390f638884c119b
runtime/dist-arm64ec-spike/include/wine/msvcrt/corecrt_wctype.h	file	2579	89c5e3924e76354eb504fbcf54018176e2db9ee8a5a851f4576ff34a945d0f1c
runtime/dist-arm64ec-spike/include/wine/msvcrt/corecrt_wdirect.h	file	557	51daef365e49fef23adfe9a81357963f471546e0a6f28d5ca37ba94d15ecc4ef
runtime/dist-arm64ec-spike/include/wine/msvcrt/corecrt_wio.h	file	3232	1d2856f6f8b4ba500035385646b2b1c16e25acf1b6084cf05aafdaaa7fe6814d
runtime/dist-arm64ec-spike/include/wine/msvcrt/corecrt_wprocess.h	file	1654	9a9e7ec945d288b73ae6491ff0986869f8779bd83925046a6bf20f5957fb98dd
runtime/dist-arm64ec-spike/include/wine/msvcrt/corecrt_wstdio.h	file	13899	9c76df241495669f344d32fb5f153bfe81c2b8203d57aaa8bdb1a60e773419d8
runtime/dist-arm64ec-spike/include/wine/msvcrt/corecrt_wstdlib.h	file	4866	5a3690feb874c05c5458f4645aa65533e701e506252d27a321cd9b1bc6f3ce65
runtime/dist-arm64ec-spike/include/wine/msvcrt/corecrt_wstring.h	file	4713	b72728a5bb9d172a55ce7f4507d73797bd77e6795bf27d663cd3cfed5a3fa4f5
runtime/dist-arm64ec-spike/include/wine/msvcrt/corecrt_wtime.h	file	1301	0b758dd0f4f1da355cdb1848d7de6ff08b646e0cd6f3c8e495374031e96b0726
runtime/dist-arm64ec-spike/include/wine/msvcrt/crtdbg.h	file	4384	2083e8ff6344079c995707ca56c24aecce479c10912f67182c16a3ecacbe4b62
runtime/dist-arm64ec-spike/include/wine/msvcrt/crtdefs.h	file	907	a3792562c736c79ef2ac8ca4225701b1f0adf02d82bc7b5abec648322b974665
runtime/dist-arm64ec-spike/include/wine/msvcrt/ctype.h	file	2175	8b11f928ad91e45cd16bc7c9865d4ad30525e7bce9150c7c0eaf92973108847e
runtime/dist-arm64ec-spike/include/wine/msvcrt/direct.h	file	1363	9b320d6295b6f0e430751eb82dffb76d71e796fb3ecf711c3e72fe7ac02c6ec9
runtime/dist-arm64ec-spike/include/wine/msvcrt/dirent.h	file	20	4415f60c4808c822eb13c088390f418932e5948a3edb2350cef5dd25797b02fe
runtime/dist-arm64ec-spike/include/wine/msvcrt/dos.h	file	998	1b9cbc82f7ed8302f6f02fd73a033cecd755ebe724d6b13422b6c76e1ad25277
runtime/dist-arm64ec-spike/include/wine/msvcrt/eh.h	file	1719	0e619b3f3f8558c2e4385e0b8587656860a6535d2218042f6edb60379208043a
runtime/dist-arm64ec-spike/include/wine/msvcrt/errno.h	file	2891	bfd30a2e9a063bd26e9d66e594a934acdc6bfc4dd1fb3b086d3eb9870ccd9f29
runtime/dist-arm64ec-spike/include/wine/msvcrt/fcntl.h	file	1327	cd71e6789165336bd543729bdbba4b1d1cb9c962cf8e91deef12a64b0bfb6bbd
runtime/dist-arm64ec-spike/include/wine/msvcrt/fenv.h	file	1252	5b2818c3c3906c4be9820949321572144f1c3e8530ab83054a92896f14a36e77
runtime/dist-arm64ec-spike/include/wine/msvcrt/float.h	file	5441	067e7a97f34ede0cc7dd065ad5e2716071eac99a836fd9026da246263faebe9b
runtime/dist-arm64ec-spike/include/wine/msvcrt/fpieee.h	file	4545	930b52abfac3e925bb7e1a52ddd2363b5e70343ff19d5d153a5cb68074ce6d1b
runtime/dist-arm64ec-spike/include/wine/msvcrt/intrin.h	file	2755	9ce367b093455b2ee06342af30e90ec7d4d59a095bf89bf9e790baba73681d23
runtime/dist-arm64ec-spike/include/wine/msvcrt/inttypes.h	file	4744	714eb713d06269ead6732f215b0f31b36386237b2c1367f196ba7309efb73387
runtime/dist-arm64ec-spike/include/wine/msvcrt/io.h	file	2109	9f8fee33daf0e1db383d77d44abbc98c9b30c6ec8acba0166097f55cc2cf3db0
runtime/dist-arm64ec-spike/include/wine/msvcrt/limits.h	file	1076	d2eef5eae3af47a9141de0a4521924f1f0034cb7b3f10e94cb2f45449677f3a0
runtime/dist-arm64ec-spike/include/wine/msvcrt/locale.h	file	3259	0b21276e4146d4c693a9d0ce6f11a4233cc292df2c4dc361b9c5594ef2f292ed
runtime/dist-arm64ec-spike/include/wine/msvcrt/malloc.h	file	2229	0166326bb0d3d8213ff1a9e1c5511147a44b00f42069444ee8b7710396bcbe16
runtime/dist-arm64ec-spike/include/wine/msvcrt/math.h	file	15216	17d15c3ac3af411c08a20cd6794bd26321765d0ab77f8b4f90f87d4a834245db
runtime/dist-arm64ec-spike/include/wine/msvcrt/mbctype.h	file	2434	2e4804d7ce0c34da8459c9efed7b359aedce246a684a3e7eb2e4d6f742e70597
runtime/dist-arm64ec-spike/include/wine/msvcrt/mbstring.h	file	7440	506f31a80c00a8e098f9db49895e88e1f5c1aca2a9f3ddf49c134e57e5872c0b
runtime/dist-arm64ec-spike/include/wine/msvcrt/memory.h	file	1174	58c806a52aaefc3f2b17714eb9560c95aee77c67c559dd3c6f35898c0ee5ef59
runtime/dist-arm64ec-spike/include/wine/msvcrt/process.h	file	4850	ca515fbe5f2b138826664624b7eb598f72c7e9a0b229423ae97574197c1de879
runtime/dist-arm64ec-spike/include/wine/msvcrt/search.h	file	1995	6490945affd471c0335fafb4f35d5152ca314573f8ba71b16c4de5c587c8b101
runtime/dist-arm64ec-spike/include/wine/msvcrt/setjmp.h	file	4378	30329057de8618b0e0470098203f42b431b63fdd55e9bcab1d9a019e7a0dabc2
runtime/dist-arm64ec-spike/include/wine/msvcrt/share.h	file	1254	a4e62e8cf824b17e5400608bda0111a6c58ec26512a3cd6231f6c8d8886c6eb1
runtime/dist-arm64ec-spike/include/wine/msvcrt/signal.h	file	1446	bd3c0953ebf9105dd82f68349b3d80ca8d687ab8a8cf9dd36e1a9e47219d97f1
runtime/dist-arm64ec-spike/include/wine/msvcrt/stdarg.h	file	1062	872f585c30b55b7822fe698fef8c120c8ac3ee6a2f4b86ae0674b66d0af393cb
runtime/dist-arm64ec-spike/include/wine/msvcrt/stdbool.h	file	1005	ae3c465705b94d9f8fdaa6bc04d15cc647aaacf0f4946cbe9675955f13429eff
runtime/dist-arm64ec-spike/include/wine/msvcrt/stddef.h	file	1371	6bb25a7c18783d3bec7291935f2d0ce6eebf88a5d4124f4cb1a0203869f54f54
runtime/dist-arm64ec-spike/include/wine/msvcrt/stdint.h	file	6223	97b2a3a77ab84c357b069b1b7a1b3a38bee9f037a2a3f16e986786db084fc73c
runtime/dist-arm64ec-spike/include/wine/msvcrt/stdio.h	file	21934	b5d6f754f4c70523668004beba0c6fe82ebd6bfdd49e570f9362eee79b55af1a
runtime/dist-arm64ec-spike/include/wine/msvcrt/stdlib.h	file	13074	e7b3e5c782f0decf05a1b835a3a4f7b342f2c5b280684e79d4041e220829369f
runtime/dist-arm64ec-spike/include/wine/msvcrt/string.h	file	5081	05ed609c2a007419ed241533964cb0487613e84c6160f9133752c6bf9edaa47f
runtime/dist-arm64ec-spike/include/wine/msvcrt/sys	directory	-	-
runtime/dist-arm64ec-spike/include/wine/msvcrt/sys/locking.h	file	1102	67054610dee832cfd5e56c996c9bc74966d865adc4d3a8a688245ca1abdd2471
runtime/dist-arm64ec-spike/include/wine/msvcrt/sys/stat.h	file	5026	571b534728dfbc0f8bb09e98a6fe80674dbddd502b10f1a289b023290d3a1498
runtime/dist-arm64ec-spike/include/wine/msvcrt/sys/timeb.h	file	1926	a50621ae5a18f1cc19387e3c4339dce6775e59ea50e08017a2bed4546c3e02aa
runtime/dist-arm64ec-spike/include/wine/msvcrt/sys/types.h	file	1783	44826d78caf959f6cf8cc398f25b028e8980809d5ad8908ad0113f1a9daaa376
runtime/dist-arm64ec-spike/include/wine/msvcrt/sys/unistd.h	file	20	b5239a9340ef9440234ebf0a16ae276a58cabb6923df05f7fc49b66cd70ace20
runtime/dist-arm64ec-spike/include/wine/msvcrt/sys/utime.h	file	2534	7d26ace9e89b3db2c584fbb0c6bfb6b8fc443eccb6ef89c43243354d38c964c5
runtime/dist-arm64ec-spike/include/wine/msvcrt/time.h	file	5230	105393a4c2e4a845fe9a0e480abde736c45c5f13f41c8cefaf275b0b952d032d
runtime/dist-arm64ec-spike/include/wine/msvcrt/uchar.h	file	1865	d729d2580e6b5b667f5e929954baf7ab2fe8404a9163154fe14f24ef788fd009
runtime/dist-arm64ec-spike/include/wine/msvcrt/unistd.h	file	37	aab906ae0cf775431bf67aeca46f7b140efa4ef7edcd2c982f8b1158b9bf6532
runtime/dist-arm64ec-spike/include/wine/msvcrt/vadefs.h	file	1985	603616690a26ea50ed3ae4975268879118a3eab89e1aa570b24e9f5ecf609e20
runtime/dist-arm64ec-spike/include/wine/msvcrt/wchar.h	file	2527	4719e8797a1edf985e63dc75f23f014ad21e8daa53cfdc3c14b1d9ccb9d4750a
runtime/dist-arm64ec-spike/include/wine/msvcrt/wctype.h	file	2591	cdde1b05fd8228777f832d3d741734664ce87b86c86f505dbf86f51018d442a9
runtime/dist-arm64ec-spike/include/wine/svcctl.h	file	20063	fb0ab1e780edeed629cf4ff09049d3ec7f0c7b65a5aab615f502f14853ffb4d8
runtime/dist-arm64ec-spike/include/wine/svcctl.idl	file	26320	8f9177a3bdb9f54b42ce1089f7e12a4dfaa2e2b735ce6277d0836b432fbcb33f
runtime/dist-arm64ec-spike/include/wine/unixlib.h	file	8576	9b3c7b9ea04b8d5085db65cf6b95dfe9c28acfa72a31896efce1093096f29ff6
runtime/dist-arm64ec-spike/include/wine/windows	directory	-	-
runtime/dist-arm64ec-spike/include/wine/windows/accctrl.h	file	14366	72131cd6a3535d745b8439a86b8903c18a9ae728f62352283cb17fb125b65a5d
runtime/dist-arm64ec-spike/include/wine/windows/access.idl	file	4270	ee53a645e533dcd45a43a5c450c9fa99a9455f42ff0acc3efb545b6504d96a8c
runtime/dist-arm64ec-spike/include/wine/windows/aclapi.h	file	5603	ee03284a759c82ae69a046a0d10c845c33599c0fff9774eb4acfad2b9132f4cc
runtime/dist-arm64ec-spike/include/wine/windows/aclui.h	file	8963	c73aec74e528ec5113d6a70fc6cc5e99783d5c6d90ba7b3479122a406114d0c6
runtime/dist-arm64ec-spike/include/wine/windows/activation.h	file	4758	652c5e3292a0498da86815c846ec13cebf1041abb6da7370008aabc5e0430526
runtime/dist-arm64ec-spike/include/wine/windows/activation.idl	file	1009	0dea2963d0e476a19b44566a09e99061326b0d68e10abd03aa79966cb78fcec5
runtime/dist-arm64ec-spike/include/wine/windows/activaut.h	file	848	1d04e43fbbf10a4916e5f730215af0758d22abfbbc5d3bf022190b17c12eb1cb
runtime/dist-arm64ec-spike/include/wine/windows/activaut.idl	file	1060	80fdf0af2573077c7141b36f901487a4b26c2f93a0544bc62f02f2b211dae8dc
runtime/dist-arm64ec-spike/include/wine/windows/activdbg.h	file	98216	a03d1e9a27d69bdfb8f5c3fedce853a37a4dfc74bf18d9199468f547061c924f
runtime/dist-arm64ec-spike/include/wine/windows/activdbg.idl	file	16347	803980ccabc1f5a224187537a4d9bbb18de7ebf1962ee5b2df9dc5c4656537de
runtime/dist-arm64ec-spike/include/wine/windows/activeds.h	file	838	1809aab13334776a05c6a9258eecac92abc6e361bf918d1b85f40b0933b899a7
runtime/dist-arm64ec-spike/include/wine/windows/activscp.h	file	87841	d3dfc79cde99433fa2002332385b4d13ff773b3302add49d36d33ae2b1823687
runtime/dist-arm64ec-spike/include/wine/windows/activscp.idl	file	17823	da0a77f00f2951b98beac54649b508442e312403dc94b7d7f5530a6f98316961
runtime/dist-arm64ec-spike/include/wine/windows/adserr.h	file	2826	7d2ea3982f69e6f382f0a50807579fd47590fd9317658cb7b1203c8c2311728b
runtime/dist-arm64ec-spike/include/wine/windows/adshlp.h	file	1635	98e6109a74572d7ab17025ea97b0d5b479ef486f1645b05e3fe3826ec5421030
runtime/dist-arm64ec-spike/include/wine/windows/advpub.h	file	12587	9aa522a36583c98ac1ca568e2ef347c914d09e7da5a15bfbcad425609a8ac7fe
runtime/dist-arm64ec-spike/include/wine/windows/af_irda.h	file	3046	7cd8cd9f9c92e3099778a4e258e120a63463fd82295b6e996340e512e246672d
runtime/dist-arm64ec-spike/include/wine/windows/afunix.h	file	1080	fbdd9a4db5fe1bda0fb97156531ddf69af632c6227d8384d50f7c0993a89edb1
runtime/dist-arm64ec-spike/include/wine/windows/amaudio.h	file	1855	21a867b03ee96ca5d3c4327304a10e5080c978b0b60f7492350fd374b626cb93
runtime/dist-arm64ec-spike/include/wine/windows/amsi.h	file	1350	ca56f4fe66f764c79e3e57e6c2ed2e95d60018ca95b29d555cf724b7aaea87a2
runtime/dist-arm64ec-spike/include/wine/windows/amsi.idl	file	1669	7294b02d2f4b800664200d54187ce21d50bc641fff639710ff8581958c88b850
runtime/dist-arm64ec-spike/include/wine/windows/amstream.h	file	69090	bba34b992d2be45d667bc9780670b55dd653abfb09226afd55b08d0f726c8d74
runtime/dist-arm64ec-spike/include/wine/windows/amstream.idl	file	7432	09ffab5be427f1aab33a7eea736b7f40d9e05c910a3203a97286d85e8bed215b
runtime/dist-arm64ec-spike/include/wine/windows/amva.h	file	2116	e487d9b88f6eededcb19300840eb2721cf2ed6282e4877ae07214616854daae2
runtime/dist-arm64ec-spike/include/wine/windows/amvideo.h	file	42444	a45f7f922b0a78370b1d34acaf3bfe28bb891b131fa107c2c3f8af2ee579db84
runtime/dist-arm64ec-spike/include/wine/windows/amvideo.idl	file	7451	d670b5371de0c72dc8e9c230d690ede661e4fd67201724efaaaaa579b68f1819
runtime/dist-arm64ec-spike/include/wine/windows/appcompatapi.h	file	991	d65d86c9d28a01478d768d18067e8d4fe8aa98f8724705ba3163a47f544291a2
runtime/dist-arm64ec-spike/include/wine/windows/appmgmt.h	file	1513	8ce52c026434ce5869b8f182e63cd6cdf8cac8ba42720d5be40aedae67eea470
runtime/dist-arm64ec-spike/include/wine/windows/appmodel.h	file	3233	f7b5cfe7a1a6114e42d04493ec26cb6b5349c17e6d51e1827e10d98c81b6daaf
runtime/dist-arm64ec-spike/include/wine/windows/appnotify.h	file	1888	3ddf77ca4e3966677043d67aef18d6b6bdfc043dbbbb3d0c0c5c506bf7e0a51c
runtime/dist-arm64ec-spike/include/wine/windows/asferr.h	file	4314	b312d67475f0bbe6800dea346813252bc572cdce8a0530cc06f223561fa143bb
runtime/dist-arm64ec-spike/include/wine/windows/asptlb.h	file	24305	ce9c591d339755dbb24adcc4bed5aea872d2e977eb37d7385b75383a25e8b6fd
runtime/dist-arm64ec-spike/include/wine/windows/asptlb.idl	file	3166	fe21cf452cf5d756b03b063d95471ddb08ac7c69459dc204aad8be5b1e2dd3a6
runtime/dist-arm64ec-spike/include/wine/windows/asyncinfo.h	file	5814	e263d734eabbe3d16980330e817fd908f4641c3c0b833c31267e16bda66dbd69
runtime/dist-arm64ec-spike/include/wine/windows/asyncinfo.idl	file	1349	bc7e5c789839620891a879b1e05518ccbdbc68cb8bf7a611b7fdbd226e7343ee
runtime/dist-arm64ec-spike/include/wine/windows/asynot.idl	file	2323	e67ee03d02fb4cb5c5b3a95560b2a337c1d3b3f3d4f90b931ea18f10c2d4e543
runtime/dist-arm64ec-spike/include/wine/windows/asysta.idl	file	2170	14850ec5ab0713472f7b871e177cf448c6d206cae402970dd9fcdadf857af1e2
runtime/dist-arm64ec-spike/include/wine/windows/atlbase.h	file	10104	68059196febf1be9807d27a4d8cf44a4446bb3b7954bd2d8bf6ad05ce62d3c9d
runtime/dist-arm64ec-spike/include/wine/windows/atlcom.h	file	1766	e990abf413b0c6deb39c162ed0d1cf95fad8bc638f0ce8da1ee2b3a947bcab4b
runtime/dist-arm64ec-spike/include/wine/windows/atldef.h	file	3764	a3ec5d0ec6decd536392ee1d1731ebf6dab63b1c69636e52efed2d3c35639fc6
runtime/dist-arm64ec-spike/include/wine/windows/atliface.h	file	61568	026e31740301d3331c6b7aa6ae872e86bdfac25456f9a90c0695e0433b592b7a
runtime/dist-arm64ec-spike/include/wine/windows/atliface.idl	file	7762	dd5c8eb54d1ce6e7597a4e426ed4e95274ad629420668b1937de34fbe58cff82
runtime/dist-arm64ec-spike/include/wine/windows/atlthunk.h	file	1216	0ad19ee04f1e4b983c340b28a1c303ecdb58912804ae215d2a5cd8a1499c1a55
runtime/dist-arm64ec-spike/include/wine/windows/atlwin.h	file	1895	db6fa5af0d4b9a9a53ca00f6b63afa2ed920f3410ba23231c02ba9d6fbaca190
runtime/dist-arm64ec-spike/include/wine/windows/audevcod.h	file	1478	5a9aea6bfebd14d51da0f6db23701156e492db44b377a229eebdec7942f2f299
runtime/dist-arm64ec-spike/include/wine/windows/audioclient.h	file	72517	ce376049843b9a508093f02cfcc2f87a53258e8877dbf0018f7c7b2a9d6a4165
runtime/dist-arm64ec-spike/include/wine/windows/audioclient.idl	file	12866	03aa6df575d684a9594c44e22dbb00cbccbb49073a745be8e8cfc4cfc9f0463a
runtime/dist-arm64ec-spike/include/wine/windows/audiopolicy.h	file	48138	ce45c42d950e03ead9e131770478124da97c6249769cee10226bb6c649a8cf7a
runtime/dist-arm64ec-spike/include/wine/windows/audiopolicy.idl	file	6147	a661da821126a7d25d2ad08d80748b78eadd382717651923cc548cbb0d7f055a
runtime/dist-arm64ec-spike/include/wine/windows/audiosessiontypes.h	file	2144	44ab568a69ab51dc3dd72d006773d829923eb5b81307d65b6782dacabb9feb95
runtime/dist-arm64ec-spike/include/wine/windows/austream.h	file	21749	09180919333e2f9e9f241d509e0177dae0345883b7f6d68c9115978d244082bf
runtime/dist-arm64ec-spike/include/wine/windows/austream.idl	file	2242	5beb734bd570a787b9fe374e60ab03c43693e3903d642378a3c19f21afd32d5a
runtime/dist-arm64ec-spike/include/wine/windows/authz.h	file	4491	7ac7f6c913cb747d88f8502520f710954c617e9e3a9fcec02d03372a5517956f
runtime/dist-arm64ec-spike/include/wine/windows/aviriff.h	file	8005	d687b3b20945e52458d44d415fafa99d360dfc552374a4d11857b37f1218fce8
runtime/dist-arm64ec-spike/include/wine/windows/avrt.h	file	2850	43d7dd229c4aecd18a8aa6f0d9c125a60f5e8f8c2b94ed1ef0f87fb6f461fd53
runtime/dist-arm64ec-spike/include/wine/windows/axcore.idl	file	15664	ba58ce616acb7f559075330ff222075ce69bd6531a868fa79b6cc239bde387a6
runtime/dist-arm64ec-spike/include/wine/windows/axextend.idl	file	36262	aa3ad8eac81775889d55d160fc2fb87bf80b40a53b12fd15aba6dc07d82df004
runtime/dist-arm64ec-spike/include/wine/windows/axextendenums.h	file	1032	7d8f34a5306f2bc531e528312b7e9ef9d42900930ef17d2311b0f3aee9c38661
runtime/dist-arm64ec-spike/include/wine/windows/basetsd.h	file	8577	bc8418c4543e74c726424c6ffb3f92ca6b4e6061c8daa29eba3afe1d51d691ef
runtime/dist-arm64ec-spike/include/wine/windows/basetyps.h	file	3056	7526f485e44c98246ab69c6d52fb40f768461bdb383e43df5673d247aefa5bb0
runtime/dist-arm64ec-spike/include/wine/windows/bcrypt.h	file	28576	e1536c27274fc02e62e0934f522310b9e584f68fff900d2050d22b86ea33993a
runtime/dist-arm64ec-spike/include/wine/windows/bdaiface.h	file	253152	c3395dc1881c462513a464d6a3851b7b71c6bc173228205e33f2ea4ba9dd3ffa
runtime/dist-arm64ec-spike/include/wine/windows/bdaiface.idl	file	30060	00a28b5f6330b9eda7d6af8a2cc5ee0f38aebf48c556a4910e63415eba175f6c
runtime/dist-arm64ec-spike/include/wine/windows/bdaiface_enums.h	file	2217	5f780db8a5f83624296338656c2624a7288f55fc844dc915f0ea6ca8f8c934af
runtime/dist-arm64ec-spike/include/wine/windows/bdatypes.h	file	6280	ff85fb38a79e37aabdf61bdcb7d61b29d785b35572da9dc83a693add0d56c0b7
runtime/dist-arm64ec-spike/include/wine/windows/binres.idl	file	2044	0ad773b02b82db2b66bf2b36b45265d24db1122b34945fa076673d066803f0a1
runtime/dist-arm64ec-spike/include/wine/windows/bits.h	file	48436	b41290e7a9d6188e97d4c9ffc3d4f1a23ba371a4e23f04aa323f78bfb92c460e
runtime/dist-arm64ec-spike/include/wine/windows/bits.idl	file	9327	452bb441edcfebe6afe91b49d62bb05ad32b34651d3106e3ac0ddf585dacee7d
runtime/dist-arm64ec-spike/include/wine/windows/bits1_5.h	file	21686	3bc5ec4ec97c470f78749e1f9db09bab2f9370008c0bbbc0a30a3a6db825de41
runtime/dist-arm64ec-spike/include/wine/windows/bits1_5.idl	file	3189	ddb3b9c2fed3bca18aaa228c3d040f6d0ff7e71a3c61987b8c6b590fcb5de253
runtime/dist-arm64ec-spike/include/wine/windows/bits2_0.h	file	27460	377eac4a7759d816b25d49d1af795b1bbeff118dcf1c15b89ccfef332a1c4d2b
runtime/dist-arm64ec-spike/include/wine/windows/bits2_0.idl	file	2648	c0bd66871e42c14cc34b89707622b2622c550f82300c1cb9ba036e55df3f55c8
runtime/dist-arm64ec-spike/include/wine/windows/bits2_5.h	file	10776	7e6dfdc8d59c8833c35f208a59b4f5d05a269aa6bb3269d92a22202e83505187
runtime/dist-arm64ec-spike/include/wine/windows/bits2_5.idl	file	2825	416587dfb9f021ca04f7134617befdec11fecd3bda7c3c6ffb8e0bd053a22184
runtime/dist-arm64ec-spike/include/wine/windows/bits3_0.h	file	29353	31540446e6aa1196fe19992895138ed252c69b7c6f56e801061d568ecfee0510
runtime/dist-arm64ec-spike/include/wine/windows/bits3_0.idl	file	2148	7d73b55e1d2cae66eea97815c0bf4b95a54ca603dac7614e86298f0a4c837d52
runtime/dist-arm64ec-spike/include/wine/windows/bits5_0.h	file	24732	580c68845b69120cef84f47a01a83dc252dd2b8d6fbd2154fef90f74b004f85b
runtime/dist-arm64ec-spike/include/wine/windows/bits5_0.idl	file	1982	32819bdbd914c5e282c17f03fd611718a59db4231e5cdad9618ab58a1a250750
runtime/dist-arm64ec-spike/include/wine/windows/bitsmsg.h	file	4123	656ba55d85a1621761ddc826ad9df067961a565b45bb3ec6c751d360dc9c2d45
runtime/dist-arm64ec-spike/include/wine/windows/bluetoothapis.h	file	10362	56d8b8478278250e3c9a93c61ff32c180574a6e074e29b55e07398050c824056
runtime/dist-arm64ec-spike/include/wine/windows/bluetoothleapis.h	file	1167	90b1d0b840540067f2eade5e85134e722fca58f7d70afcb349fdf02b28c5761a
runtime/dist-arm64ec-spike/include/wine/windows/bthdef.h	file	2646	0c1c2a6af50f7e395702e53763b47285734a803ea18d46b8324523923d8f59c4
runtime/dist-arm64ec-spike/include/wine/windows/bthioctl.h	file	1807	64ee88d98a0282dfafa700994db0be9a8e06088430274b973eca5c8bf7de09b6
runtime/dist-arm64ec-spike/include/wine/windows/bthledef.h	file	1837	dc6c3cc8c1d8bc929fb4bfb47ab8af2f312c0b831c6d3260f3e6c831a4195888
runtime/dist-arm64ec-spike/include/wine/windows/bthsdpdef.h	file	2476	1b044ed0ac6100985f8cd26e737b68bff3b04f27741aa15fd9761d091f555772
runtime/dist-arm64ec-spike/include/wine/windows/cderr.h	file	2331	9690d11f0064fe973aa4ae9531931ccee0ce197d37a81e0adf0b4811101a2581
runtime/dist-arm64ec-spike/include/wine/windows/cdosys.h	file	68367	9d54bd55e2a56db5ede33c36b00a380afc8c5fc8899302b336691861621d4d30
runtime/dist-arm64ec-spike/include/wine/windows/cdosys.idl	file	13440	305934a9c4c9ed6a354387c40d1f82f78dcfb5f349b672dd41de6a97ae1f0178
runtime/dist-arm64ec-spike/include/wine/windows/cfg.h	file	8829	0ba24f71b0df459230cdaceb03032c0f5c598b78b478abc1543d79835dbc60b9
runtime/dist-arm64ec-spike/include/wine/windows/cfgmgr32.h	file	16322	7be32ea4dff0dbe26d2a9398f21993a076278216a9e730e2e4389a5200529191
runtime/dist-arm64ec-spike/include/wine/windows/cguid.h	file	4056	2021ae31cbc581ea5d2e4c497f0771c0f4d54e6b6057c43c0f5e128b4bbdf203
runtime/dist-arm64ec-spike/include/wine/windows/chprst.idl	file	1607	b25fefe001e3e4453565998b5dca39263f9f8801d51a02818fe97c94f8e40dbe
runtime/dist-arm64ec-spike/include/wine/windows/cierror.h	file	2194	179963931ec9f06d17034744e740b13d6836778fce30042eb77182032c89a184
runtime/dist-arm64ec-spike/include/wine/windows/clusapi.h	file	1956	43a629bea5b947535d23cfa7c577fe11c92d4359214c3dd8dc821e97edca8135
runtime/dist-arm64ec-spike/include/wine/windows/cmdbas.idl	file	2649	9a639d66a7560af2cd548b713f8e6400387d73494f1f848ab9cac4065e100622
runtime/dist-arm64ec-spike/include/wine/windows/cmdpre.idl	file	1225	b1f9b455723af434ba21bad2ca0700659219e2e9060e816418a2b925b9b5ea71
runtime/dist-arm64ec-spike/include/wine/windows/cmdprp.idl	file	1780	094fc2e04b75607f1973d62a3002b8bce090182e7894057d0d9cc3697f497a08
runtime/dist-arm64ec-spike/include/wine/windows/cmdstrm.idl	file	1227	ffe24da81d1c521df008c37228905a63ed0f6b2945838caa39ddca1211300058
runtime/dist-arm64ec-spike/include/wine/windows/cmdtxt.idl	file	1765	4fa8e610749ef7e53ab0dac3441418db32da6028d3b5c10ccd0e84dad537f733
runtime/dist-arm64ec-spike/include/wine/windows/cmdwpr.idl	file	2625	0739a4e3fc150834245c3cb063b1ca1de732f0f789cbaf92fec82fce1806052f
runtime/dist-arm64ec-spike/include/wine/windows/cmnquery.h	file	11555	36ed712294f734dc797608dac8b04df00b16e1bd871df7287027dd277d96b6ce
runtime/dist-arm64ec-spike/include/wine/windows/cmnquery.idl	file	3008	85cd12983df5ef984024bb7c3ca754cfe29d3e4775ed9a24ee8abd9906338fe8
runtime/dist-arm64ec-spike/include/wine/windows/codecapi.h	file	22240	da7b87c22770c383241246bfffcccaaf8cb994b0ea6f6d2c07a7768e9a5f2129
runtime/dist-arm64ec-spike/include/wine/windows/colinf.idl	file	2057	53fc1f5648c5ed9631633a9c35f9eaa52998f09bcd7f5f29f00dc87d6853a5a0
runtime/dist-arm64ec-spike/include/wine/windows/colordlg.h	file	1937	00717f5a0503ea6997f3a1ba2e8b9bda0b1268059240082164464d93e99d9455
runtime/dist-arm64ec-spike/include/wine/windows/colrst.idl	file	2023	f288737cf83de6f282326d28681ac07477a01cbfecee37d7ce6add3c1ad877c7
runtime/dist-arm64ec-spike/include/wine/windows/combaseapi.h	file	1877	fc8ab081cb56f6392982d9624c2c3d27c41f2cbcb6a413f5fe4d4525e076fb4f
runtime/dist-arm64ec-spike/include/wine/windows/comcat.h	file	25181	ec62b5f5528cfda8c6c35cbdd2c3cbb139f98837b757cc2fd62747d64df24d4f
runtime/dist-arm64ec-spike/include/wine/windows/comcat.idl	file	8398	c756e48fe8716cbdbd47464cf6ef6a126b285b81bcdfa0c295801341883b60dd
runtime/dist-arm64ec-spike/include/wine/windows/commctrl.h	file	191947	4e559914f6737b66543e0c1cf7ed18b80e5c39bffe6db756e196617e4358bd76
runtime/dist-arm64ec-spike/include/wine/windows/commctrl.rh	file	7281	de29e1d8da4b4c63d312b0fdc90db677598d61a1426fb8232d0b05b8dfc781f3
runtime/dist-arm64ec-spike/include/wine/windows/commdlg.h	file	28637	8576dba4892847f17cd3303e158b048791753e1069e04c1b3f94068ad876cc09
runtime/dist-arm64ec-spike/include/wine/windows/commoncontrols.h	file	37268	8b78e2c04f55a8c93ec49b2960d49d8158c2c1a605fa5b6b860b5bff3fba093c
runtime/dist-arm64ec-spike/include/wine/windows/commoncontrols.idl	file	5920	21e85ab22776f68f293b4d462664e16402d2ce664a20d6a4b70cca3103bfebf4
runtime/dist-arm64ec-spike/include/wine/windows/compobj.h	file	936	858c08dde230943995d9f7cd1c10ecfa29551dd2508aa15679cd78d5ca896d77
runtime/dist-arm64ec-spike/include/wine/windows/comsvcs.h	file	36735	ebb70cf9aa60945d22e2fefe073670cd42f340bca28a37d498110aab2112d863
runtime/dist-arm64ec-spike/include/wine/windows/comsvcs.idl	file	5258	9aac1c6d4fd4c4735514036bcea04a0477766f5c35585616ddc4ca89764de807
runtime/dist-arm64ec-spike/include/wine/windows/concurrencysal.h	file	1591	8da72f7dfd616b1c521049f681d8ad14ca795dfbed62a6ec8c42b867f078e7c2
runtime/dist-arm64ec-spike/include/wine/windows/consoleapi.h	file	3854	e5f9bac580700f0dd0d0476856d07b98d554269441c82d400429e76d10b702a6
runtime/dist-arm64ec-spike/include/wine/windows/control.h	file	100866	11f7187b99ec29fb9c3dfa74b87687514bed760f243e85b384f016b2094583e3
runtime/dist-arm64ec-spike/include/wine/windows/control.idl	file	10971	3a2c1c36e7ac2900c78902dfdaddf22bebc6bf8f86bb5c9602425b03ee566df2
runtime/dist-arm64ec-spike/include/wine/windows/cor.h	file	15742	a63215ea55984816051709d28d163a8d6821e7b820bc13c568f84197ea578e6a
runtime/dist-arm64ec-spike/include/wine/windows/cor.idl	file	4546	5c311501d0b659ca869380349f15a44e4e4fb38f2c087a69c899ef2575e2b813
runtime/dist-arm64ec-spike/include/wine/windows/cordebug.h	file	268126	ad98f5c71c8caeda2bca653bbdffaf1b81051d35966c5becea54dd0f929bd76f
runtime/dist-arm64ec-spike/include/wine/windows/cordebug.idl	file	34216	5287ed2cd2a48b38450dfa5e51cc3f05400d905f555f0fec098c0af5bed83994
runtime/dist-arm64ec-spike/include/wine/windows/corerror.h	file	61076	0f265492f8776b8957f8c9145f73b52835a92fc3b2d7bfce5a69744c0a3ab179
runtime/dist-arm64ec-spike/include/wine/windows/corhdr.h	file	11861	90528813fb9a6cf3829fcf030b8c5ab67f6a2a8b77b29bed3dde269b9db484c1
runtime/dist-arm64ec-spike/include/wine/windows/corsym.h	file	104367	3716a53130e539a3faadb9eb95e8adfc490b2c3309287f56eb6b1450b89c8fa9
runtime/dist-arm64ec-spike/include/wine/windows/corsym.idl	file	7108	abdfe0c3064acabb8627dbc24be69c11e028240a34f7b9f0d09bef17461b47ad
runtime/dist-arm64ec-spike/include/wine/windows/cpl.h	file	2231	3cdccbefb5a566aceb8f270188c6a6207d8bbeeb98392f849f505f5ff4108e6c
runtime/dist-arm64ec-spike/include/wine/windows/crtrow.idl	file	2318	4777c133bfd88d0a9a63889d062908a91972caa655057e751a138fd96828feb7
runtime/dist-arm64ec-spike/include/wine/windows/cryptdlg.h	file	11269	685310e21b55b68954814b2b038591bd622306cfb7a2cc16dcce342e67fdd4d2
runtime/dist-arm64ec-spike/include/wine/windows/cryptuiapi.h	file	16542	abd1569b9afd6121ec0eb23a0d75ef1b4a2465951272272e20dd741daf52688f
runtime/dist-arm64ec-spike/include/wine/windows/cryptxml.h	file	11788	c8dad347f8497ec60c64c38dd11e81928f7ed83ed5405a805c8b707e7a59393a
runtime/dist-arm64ec-spike/include/wine/windows/ctfutb.h	file	35022	e9e4af645cdd06d3f1086e2a0b7199716cd32679d6a73416284d0eda0eb11cd3
runtime/dist-arm64ec-spike/include/wine/windows/ctfutb.idl	file	5548	e974aad2283a0b9f96848ede8873fd0fe5bbe278bcc290fd6b9f282bd6cdbb87
runtime/dist-arm64ec-spike/include/wine/windows/ctxtcall.h	file	3944	34e946cb2e4d3fbcf13b91d7668d0a5d899cbe0b0ecc4f6760550cbaaee843da
runtime/dist-arm64ec-spike/include/wine/windows/ctxtcall.idl	file	1475	ec6a921413cfd323ad4dc4131b46807284bed8f05980bdebd9ad3cf90fad1127
runtime/dist-arm64ec-spike/include/wine/windows/custcntl.h	file	3285	ff5a3b0aadc8a08c4f04dfcc125698d35504e03af974b02aa19f35085cb1dcbf
runtime/dist-arm64ec-spike/include/wine/windows/cvconst.h	file	26198	9744f6c9f92df70c67193784eb13f74dee8edd749681e47bdc18348eebe5a120
runtime/dist-arm64ec-spike/include/wine/windows/cvttyp.idl	file	1544	10b4f3671a3a2797650a7e68b46bd1bda998f987a14ef2720b2b315cc1b26846
runtime/dist-arm64ec-spike/include/wine/windows/d2d1.h	file	336011	609f05b411a6d78e5c61054832f1f9768e59832eef0a59d8a471ae24fd8fcdc5
runtime/dist-arm64ec-spike/include/wine/windows/d2d1.idl	file	33176	d9781062247cbfec018db8199b24012f6211e2b960153bfe086abf3174de2af1
runtime/dist-arm64ec-spike/include/wine/windows/d2d1_1.h	file	200886	fd392e988f081304e1d671811f59d3070da0eb7991342d62e677fd84d80f9a8d
runtime/dist-arm64ec-spike/include/wine/windows/d2d1_1.idl	file	28234	22524a191c5400cbf26c0a4d2d84ec6365c8f9ad0b6106c9fd4569eab8050659
runtime/dist-arm64ec-spike/include/wine/windows/d2d1_2.h	file	91388	011cf478e3bac263a04430317867583932c235cc66368e67b3dad3d8114e0a0f
runtime/dist-arm64ec-spike/include/wine/windows/d2d1_2.idl	file	2780	76529bceb471afa399627630ab5c0f4040cb7b43fa31329a8f40b35dfd7bf2d9
runtime/dist-arm64ec-spike/include/wine/windows/d2d1_3.h	file	652690	cfab5194f19996736d80d5a0b3d2857c657c40de96165a73bf62a0242ff8978a
runtime/dist-arm64ec-spike/include/wine/windows/d2d1_3.idl	file	22769	c46e2eb1fb2523c75aab97c407fb5af7f2f1bd879ffe33c8cb7ecbe07a17d869
runtime/dist-arm64ec-spike/include/wine/windows/d2d1effectauthor.h	file	108031	fa41b34c627fd1bb82f25b9b5d652a787fca5186aaf3db2f5535691ca1eb442a
runtime/dist-arm64ec-spike/include/wine/windows/d2d1effectauthor.idl	file	15668	66c8d6f2f4cd3d99970bfc03711732f9dab64acc0e9c800a2020eaa9d5fe2901
runtime/dist-arm64ec-spike/include/wine/windows/d2d1effects.h	file	13612	c16dbe29e6cafde003107cf602ff81e8d877c8f3b081d01c0b16e07446a357ed
runtime/dist-arm64ec-spike/include/wine/windows/d2d1effects.idl	file	14296	7c239606ec193b357faf8648f01250667b08f40d52da22896b1d6bf8647d9bfb
runtime/dist-arm64ec-spike/include/wine/windows/d2d1effects_1.h	file	1854	7c3b4b8fe98a18034f076d071d7138c9318c9d3159f496a7e998ea96e3597905
runtime/dist-arm64ec-spike/include/wine/windows/d2d1effects_1.idl	file	2034	ea70711a0fea74dcc726d70536dd94de4eb38be6f65c30fa57660073b3c8a6e3
runtime/dist-arm64ec-spike/include/wine/windows/d2d1effects_2.h	file	1595	4ecada4ae26626c03f4cfdf6d431861c5c487c82fe82d5f96c00cb0273ebde7a
runtime/dist-arm64ec-spike/include/wine/windows/d2d1effects_2.idl	file	1773	c53e07599a686d63e35de815de840f93a2d85d36ec1cb2f6e1060ad163c8f039
runtime/dist-arm64ec-spike/include/wine/windows/d2dbasetypes.h	file	1364	ffd56b55b7672b384360b2d75e8829409fe9a86bd1215b644af74db4dce7c153
runtime/dist-arm64ec-spike/include/wine/windows/d2derr.h	file	1117	823da01c5416fbfa7bb216ad53828d7337ac4c065c4f8539f956ef8d8aa42e27
runtime/dist-arm64ec-spike/include/wine/windows/d3d.h	file	96675	9457caebf51fe21c402c39ebe217de3b764bcfae6164dfda4965394535bd7e38
runtime/dist-arm64ec-spike/include/wine/windows/d3d10.h	file	220538	302915cdb6bb305a00dd6da7e03bbffbea75f15ace54c4e49db86a92f0c315a8
runtime/dist-arm64ec-spike/include/wine/windows/d3d10.idl	file	65653	db36a91474062488622e8b815966866a58b0c27e3d5da69726f4e73fd3c1b9e1
runtime/dist-arm64ec-spike/include/wine/windows/d3d10_1.h	file	70365	df87e54da345136a271c4817e08eb7638de7f1de7d0eb71e5382124ae9d26800
runtime/dist-arm64ec-spike/include/wine/windows/d3d10_1.idl	file	5460	0b70ca875308e1a12cc738fc879c77d1aee255ddf83feaf6461483d6f57a92a1
runtime/dist-arm64ec-spike/include/wine/windows/d3d10_1shader.h	file	2600	88b363a93c87e73421f1eba5a96bd131dfad8093cdb3de410c35dc4fb7ad8beb
runtime/dist-arm64ec-spike/include/wine/windows/d3d10effect.h	file	240376	45e16a565b8f62e3e93a18a04507ee0b2d986c96bbdbbbf638b167c178c46743
runtime/dist-arm64ec-spike/include/wine/windows/d3d10effect.idl	file	17443	07b0a8fb3f95666e10a897161756b3640f32ca3a9be2bd8b3a70de66295bc61b
runtime/dist-arm64ec-spike/include/wine/windows/d3d10misc.h	file	1690	b10c48c34b1b1f3ea1693c4fed5dd923490b451bc1492171c6537ef935a69384
runtime/dist-arm64ec-spike/include/wine/windows/d3d10sdklayers.h	file	62532	023239c7eef2b48ca08bbe18d0fb8b7a84afe21337564320cb47191aa1e68426
runtime/dist-arm64ec-spike/include/wine/windows/d3d10sdklayers.idl	file	35454	48e1866c66d38301da9b4c897294d1ae716fd0e10896a2e1a91f8d9bd2c327ce
runtime/dist-arm64ec-spike/include/wine/windows/d3d10shader.h	file	21039	e5b696cd0ab7a9f80b7019b6c06f971a9e034a28ff391f94a73b7c375e58d654
runtime/dist-arm64ec-spike/include/wine/windows/d3d10shader.idl	file	7826	ba6dc7645c18496acb18d75997e38cafb09a7f263f793452120da80375ad006f
runtime/dist-arm64ec-spike/include/wine/windows/d3d11.h	file	471389	9a7ae89f5c330aab91abe51112857a29a2a8aeac046cb96fa7e7fb80e5b13a58
runtime/dist-arm64ec-spike/include/wine/windows/d3d11.idl	file	147156	140870c7a6067d3378619a49b8d54775b0d7b8f55d16455becc532c9715c2354
runtime/dist-arm64ec-spike/include/wine/windows/d3d11_1.h	file	227248	aae27c354ba86ecc63e5fa9ba193b87358a12c531642a26295496473fef7e0f9
runtime/dist-arm64ec-spike/include/wine/windows/d3d11_1.idl	file	16290	4be06c76f57e365a2b175074f50bcc11489e649c6273f41ee49a44631fbe28d1
runtime/dist-arm64ec-spike/include/wine/windows/d3d11_2.h	file	126988	34d4ffa05f88412ca08cbf23b9bd51459d278168c63be42ae7fa6afbbaf6fbc2
runtime/dist-arm64ec-spike/include/wine/windows/d3d11_2.idl	file	4932	a8b7237bbaa0d76e44cc759c0654b4908181b52de23d3682a5a7e64b89a17de0
runtime/dist-arm64ec-spike/include/wine/windows/d3d11_3.h	file	275437	62743ed5576e79117795838b3f6eb342af5022f8dad2efe2a5fd308e78dfcfae
runtime/dist-arm64ec-spike/include/wine/windows/d3d11_3.idl	file	9528	8b8cd44b5d7d89231340b78e23309e2375558c25a55cf2db03c7de5d4fe63882
runtime/dist-arm64ec-spike/include/wine/windows/d3d11_4.h	file	146441	eb082d1052e0849a7aee33413efefeb6cd142dd1ff1b4392a79b7ef653355e9c
runtime/dist-arm64ec-spike/include/wine/windows/d3d11_4.idl	file	3056	b6977cb9051edfb5e7ca7a05cbf0473b7aaedd2552581aae19996f6307a5359a
runtime/dist-arm64ec-spike/include/wine/windows/d3d11on12.h	file	17675	35377b87ac9fa1f72d9c20b2e2c20667288ae4e667c4304dc2d6ceaf94a82f4a
runtime/dist-arm64ec-spike/include/wine/windows/d3d11on12.idl	file	3018	89f8a6785cae56faefb0dd34fecc03827642529f4d5275d2eb0274405b16151f
runtime/dist-arm64ec-spike/include/wine/windows/d3d11sdklayers.h	file	109052	04b37870d5dc34c6b074643579bbaa00e7eaa9daeb9ef16d59e492403e8bf176
runtime/dist-arm64ec-spike/include/wine/windows/d3d11sdklayers.idl	file	73353	e76c3ea302a86dac9a7fb264459641d9455963d283c4cbc613cf5aa0ade185ec
runtime/dist-arm64ec-spike/include/wine/windows/d3d11shader.h	file	13849	32b68040bcff9da9540424fbd2f38bd96bca62e49427baa04d792d9e3fc7e8c7
runtime/dist-arm64ec-spike/include/wine/windows/d3d12.h	file	1234065	c0796709fb13850d0d31680dd647129719e7784e1abbafb0e96617044f03a0f6
runtime/dist-arm64ec-spike/include/wine/windows/d3d12.idl	file	179828	409a5b5f10d3002df593708fb2aa4e90cb7163fc6b836615d4f8f2ce334866d8
runtime/dist-arm64ec-spike/include/wine/windows/d3d12sdklayers.h	file	137872	2e00a5c572fd564ff4838075deed485d0e0190904ac2198c2fb250fdf0fd2787
runtime/dist-arm64ec-spike/include/wine/windows/d3d12sdklayers.idl	file	69246	cffe97c59d745fe7d806459ecc531fee85e863ba2d40c387f9a41f3c4125bc7e
runtime/dist-arm64ec-spike/include/wine/windows/d3d12shader.h	file	43003	80fa4f7b9ca0e46beff27c5e7b7c3ff8f0d390dce149f6880d997be7e83945f6
runtime/dist-arm64ec-spike/include/wine/windows/d3d12shader.idl	file	9263	c08b113904a21f859c427003d9102b2ade1224f04c20f5efaa02f9d99bc12f40
runtime/dist-arm64ec-spike/include/wine/windows/d3d12video.h	file	252616	f7818d5bf1908d2f31d498ecf7911160fe75ef8fa7df1975c4b0b5fb8255d2b6
runtime/dist-arm64ec-spike/include/wine/windows/d3d12video.idl	file	93359	86311c79423d05b48c6f54076414c7c856a665e8b3dda77eb219adfd62427cc2
runtime/dist-arm64ec-spike/include/wine/windows/d3d8.h	file	78954	e03c863023535cdb80a7adf97f274da6d74c23ec78e20a3cc2447451c572f89b
runtime/dist-arm64ec-spike/include/wine/windows/d3d8caps.h	file	12761	242b785317aece7fe477e82fa4dcd293a7f482452e04256cd0082b08703351a2
runtime/dist-arm64ec-spike/include/wine/windows/d3d8types.h	file	39441	548f06814678d5b4f4fd8a81720c43f1aa4f495d6c3e3f8baa4b4be4cf183169
runtime/dist-arm64ec-spike/include/wine/windows/d3d9.h	file	162339	fb49b3c44acec5e100a5c0ff1622f7d0207842d87fc513b49047a818e8c351b2
runtime/dist-arm64ec-spike/include/wine/windows/d3d9caps.h	file	20894	c2d0e534dccaa47eb211dc491a668ab1823dea087cc5bbdc05e1d11ad46efa8f
runtime/dist-arm64ec-spike/include/wine/windows/d3d9on12.h	file	6174	51bff44e3f32e84a0c3e064b6eb9c63a6396526082fc27a36b97f722c7e1e8e8
runtime/dist-arm64ec-spike/include/wine/windows/d3d9on12.idl	file	1821	67f4b61ef00493b919337799f45d165a657349b64f6e988cdd30f7aaf1df2982
runtime/dist-arm64ec-spike/include/wine/windows/d3d9types.h	file	53443	ca6537e10480d694582ea1db785cb0805425df8268932d435b03fe9cc0e5820f
runtime/dist-arm64ec-spike/include/wine/windows/d3dcaps.h	file	17558	f90786c50a71a6bd544b6a56098edf0a501193268c38e92017fd655017e69234
runtime/dist-arm64ec-spike/include/wine/windows/d3dcommon.h	file	34732	577d872d04acbf3c80d0fe520239c845766a951f689a78115acf2822f3774ad4
runtime/dist-arm64ec-spike/include/wine/windows/d3dcommon.idl	file	25290	8ff28f6c141bcbc87acf31636bccc1b04ca679ef5d5308ffa139db24a30c54c4
runtime/dist-arm64ec-spike/include/wine/windows/d3dcompiler.h	file	7986	204bd5193f8199d097859094a178ebad1ca42a53f5a60568e0790f50b8a888e7
runtime/dist-arm64ec-spike/include/wine/windows/d3dhal.h	file	17874	78d451740414f9f79d390b4aab14c1c4063f96a20907d4330e7d34426e1b4b5c
runtime/dist-arm64ec-spike/include/wine/windows/d3dkmdt.h	file	6663	e0b478af6dbe958886b2b2e9b46964e6f1f1c788fd9a1311cd70d5cccb374503
runtime/dist-arm64ec-spike/include/wine/windows/d3drm.h	file	39011	12bbb53c36e5a498db215e6b2c55ee8a7295ee70bdf782ebaf7a333536946140
runtime/dist-arm64ec-spike/include/wine/windows/d3drmdef.h	file	15421	4f2213e5f37d49ad339df9b7a6fb800e305983d71f00050fe74b862b30274a22
runtime/dist-arm64ec-spike/include/wine/windows/d3drmobj.h	file	326703	24883157dffc0f2769e7bdc0cf25a41b77b9539ddb8103a20f3502a0578dc48a
runtime/dist-arm64ec-spike/include/wine/windows/d3drmwin.h	file	4890	ba1b7f9a4b927d4bb8c6d56aa1e6c7721c160ae8a56f65efc13070dc7af7bc2e
runtime/dist-arm64ec-spike/include/wine/windows/d3dtypes.h	file	41415	06127039d6f1460e625ae76eb532a7f27832c1c5046a65b87e6e4f6b450e9e82
runtime/dist-arm64ec-spike/include/wine/windows/d3dukmdt.h	file	11076	a974eb5411038b14ff4c200c94c5ba93b790089323eca37a154c357546cffc3d
runtime/dist-arm64ec-spike/include/wine/windows/d3dvec.inl	file	3253	021d69db144be8df5de66aea752acc50c28373a1eda576e57032310261446e66
runtime/dist-arm64ec-spike/include/wine/windows/d3dx10.h	file	1851	146dc5170a723007cea72d3fe36e3eb13be1b523ea5051e07fd45179041eeec3
runtime/dist-arm64ec-spike/include/wine/windows/d3dx10async.h	file	5130	3ae1d82f9b8e6b6ffc69b87ef59c15e1a978aeb6f39717817724f39d87126c18
runtime/dist-arm64ec-spike/include/wine/windows/d3dx10core.h	file	14958	2217baea78795f319a69e720aad441b8859c328cc1b4db6205bb91859ce02cc1
runtime/dist-arm64ec-spike/include/wine/windows/d3dx10math.h	file	7602	dc871d6156dc8bfa5c31b73fd76b5bd3406baeef56901480504bcc994d82c96f
runtime/dist-arm64ec-spike/include/wine/windows/d3dx10mesh.h	file	4767	8a0c6a6f799638c9c1acb1e1516f1585b13db18713207c54a382300aa317404d
runtime/dist-arm64ec-spike/include/wine/windows/d3dx10tex.h	file	6642	4bed02d632148bceff59aa507fb4ffd81140fcb2568a219d6672cd1e98d61f62
runtime/dist-arm64ec-spike/include/wine/windows/d3dx11.h	file	1816	e8f965680dc15fd136a6bd3c48ead5573bceeae369cc431ee67e08f3e3f0fd64
runtime/dist-arm64ec-spike/include/wine/windows/d3dx11async.h	file	2428	19f48ed6ebca58d6da06cf2310e210282a45754fa6bcd663f901e92ad6720121
runtime/dist-arm64ec-spike/include/wine/windows/d3dx11core.h	file	10566	5cc3ac320e3bf030d904c582d63e65fe86fef202e6f72e987a54b57fbeb0e166
runtime/dist-arm64ec-spike/include/wine/windows/d3dx11core.idl	file	1845	3aab417a6f723220bb872f4966858d1dfe2fca4d5ac3f675889409e325563fa3
runtime/dist-arm64ec-spike/include/wine/windows/d3dx11tex.h	file	7126	48eea23d86e0ea7e35e7502570eb4e736895a7eed38e78bbec09a5562de70776
runtime/dist-arm64ec-spike/include/wine/windows/d3dx9.h	file	1922	88eeb87b51ad53678d5762e96f153ed43d42bfd5ff31c0de03882833fda37ffd
runtime/dist-arm64ec-spike/include/wine/windows/d3dx9anim.h	file	19421	41a4c27dba7cddd71609abc14bdcb188aa5f7ca9ba1d13aca572c0f602b26d1b
runtime/dist-arm64ec-spike/include/wine/windows/d3dx9core.h	file	24120	5cf24a56dd6cd8bde7df6d7d7b5afd86812d56b5f56bef22ceaf2bf4a5747b6c
runtime/dist-arm64ec-spike/include/wine/windows/d3dx9effect.h	file	27636	eb97f8e882c008bd4e2a9d6b957aec930147dce830e70ad65c515c12ed9d83a2
runtime/dist-arm64ec-spike/include/wine/windows/d3dx9math.h	file	24077	d1abd6b106f780f665cfcd72da319c7c76a9d1344efa6d7de7afc4e58bc06163
runtime/dist-arm64ec-spike/include/wine/windows/d3dx9math.inl	file	31586	34b13cdd60604ff13adc0112d1c3d3947fbae48d604a84b44948e193b74204cf
runtime/dist-arm64ec-spike/include/wine/windows/d3dx9mesh.h	file	54836	e04114360e7a308ab70e9463293b23f4e7fbbb1a405374904fa19e6e6acb13d8
runtime/dist-arm64ec-spike/include/wine/windows/d3dx9shader.h	file	23795	81ff8120118cec6c3b0242dbd34200f04bc4bb1d493e046035d1a68b8ed8b8f8
runtime/dist-arm64ec-spike/include/wine/windows/d3dx9shape.h	file	2465	d77f9f0a9d6f88754a06fba66dac85973386139e4c7aa9753948228311e323ff
runtime/dist-arm64ec-spike/include/wine/windows/d3dx9tex.h	file	21784	5b74458af87042d658de779819f7f942c4ddb0ce3364dba43748bc8ed0467c8a
runtime/dist-arm64ec-spike/include/wine/windows/d3dx9xof.h	file	7795	211196146e2cf0c303a98268f03f7616889b688cce90a84cfd423aef355af181
runtime/dist-arm64ec-spike/include/wine/windows/davclnt.h	file	2331	11dffee620154dd0d0c69930ea7dbc07cad6f88b6d8ee62add8f581ade171ba9
runtime/dist-arm64ec-spike/include/wine/windows/dbccmd.idl	file	1409	cb8a445df66c08eb1312aa52ff0ffcc1511a1e3f567579cb7225287153ec40a3
runtime/dist-arm64ec-spike/include/wine/windows/dbcses.idl	file	1413	45715670ac80cc3948f2576a1656b589199a7e79cce7665692b86fc75433f8eb
runtime/dist-arm64ec-spike/include/wine/windows/dbdsad.idl	file	3774	62703dda555b3d6a220f432fe5d173ba423723bf0f2945d2a2482bfbaf5f438e
runtime/dist-arm64ec-spike/include/wine/windows/dbgeng.h	file	167086	50b1945c42c6ca9af9b653fd2cc9adb302aef0c02000159d4887f1a7552a5c2f
runtime/dist-arm64ec-spike/include/wine/windows/dbghelp.h	file	52733	3275d4aa516c6583060dd72d51ee6f91b5fe079fa0217de13648d2fa98cffd40
runtime/dist-arm64ec-spike/include/wine/windows/dbinit.idl	file	1205	e55463a89afa08e2edd066f19c74186a1cf93432722ffa433323128393dcd142
runtime/dist-arm64ec-spike/include/wine/windows/dbprop.idl	file	3066	c1ab15dd15b4ddc91b4339d45fa3f4bfa71b5f4a609b06cb925dbe979f36e16f
runtime/dist-arm64ec-spike/include/wine/windows/dbs.idl	file	42717	5e146d0d28c6ba29bfd17b53b2232c2f89f75abcc270f38ec06e1634e8be8bf6
runtime/dist-arm64ec-spike/include/wine/windows/dbsrst.idl	file	5438	a33a8e31984285eec3751270af3fd87f80cd7429a82a5a7b398ffbbba7d09822
runtime/dist-arm64ec-spike/include/wine/windows/dbt.h	file	4840	a753dc2789147bf0eec6d5bf39f7a7b4592e69ee03354e370ef47c3a36023eb6
runtime/dist-arm64ec-spike/include/wine/windows/dciddi.h	file	2255	747af14bcae072d021fe1b06543d7abc902aeb951e1ccf48f18dc9c764f46420
runtime/dist-arm64ec-spike/include/wine/windows/dciman.h	file	1130	22d80e96e481c846b443e11a4a971dbdb50c1ec35053e1d4f0716a3db33429fd
runtime/dist-arm64ec-spike/include/wine/windows/dcommon.h	file	5102	3ff5c2ad9a26ba39efadcc2d40b240cf423379f5f2ca7e2d1baa2133d53e437d
runtime/dist-arm64ec-spike/include/wine/windows/dcommon.idl	file	4282	a4838ce2326c4fe772664a4afbbf728a3f723f5cd49554898f4478f416e65f78
runtime/dist-arm64ec-spike/include/wine/windows/dcomp.h	file	175483	6f385aca046e7d4deec29e815450633254e6082f27aac5adb3007a4c7946428b
runtime/dist-arm64ec-spike/include/wine/windows/dcomp.idl	file	17696	2ceaa9d0fa5e1254945761e5856b03549717a4a3e8a950b72d69f59eedb92b65
runtime/dist-arm64ec-spike/include/wine/windows/dcompanimation.h	file	6808	1c98985f51915af62ab25edba859fe824ff77ab586987a0f709b044402d63f34
runtime/dist-arm64ec-spike/include/wine/windows/dcompanimation.idl	file	1484	bf38fb8a52e90135508433e079220d8f2d06d070720470ed5fa460f2bf163b69
runtime/dist-arm64ec-spike/include/wine/windows/dcomptypes.h	file	2370	94b4448471152d4a4370161ccd64ddfa1c84668ef8e07a5f2fc6ee385dec2731
runtime/dist-arm64ec-spike/include/wine/windows/dcomptypes.idl	file	2568	5438326d5d3288d39c39367d75821f00f5a2a01e95265ce3895879a92c68f2fe
runtime/dist-arm64ec-spike/include/wine/windows/dde.h	file	2430	600eb04ed4c86e63ee4ec40b2dc119ae1ab5aa217e0aefaa5168708bd7e3bf4f
runtime/dist-arm64ec-spike/include/wine/windows/dde.rh	file	1249	bbbb11bfbf47c3d5751dd8ba000fdfe58e707bd4e719697ba20541da45803abe
runtime/dist-arm64ec-spike/include/wine/windows/ddeml.h	file	14019	183e05a4a2a7cd0f7ce96203608ba91d61705efc8c798977a853bbd622f534e7
runtime/dist-arm64ec-spike/include/wine/windows/ddk	directory	-	-
runtime/dist-arm64ec-spike/include/wine/windows/ddk/bthguid.h	file	1290	46f948f8c731fc2d57a9867522bca8bae9507f059577452ef977a10fba4b1094
runtime/dist-arm64ec-spike/include/wine/windows/ddk/compstui.h	file	20853	e6637071f65bcb7f46778f80200fed1df24e7eed7fcd31eb3837d830f7a032bb
runtime/dist-arm64ec-spike/include/wine/windows/ddk/csq.h	file	1366	45908e74d897497c7689a030d1f27d265af881b8038e3b054af3ef98c7f5cdff
runtime/dist-arm64ec-spike/include/wine/windows/ddk/d3dkmthk.h	file	40801	639ba21e4fe0f8260e973b9ef2f0abb6a0d47ad226613ca394b35489c936c6c1
runtime/dist-arm64ec-spike/include/wine/windows/ddk/fltkernel.h	file	21865	2ffefe7d96fd15e516db551c409e371ec479dec63bc01fe8f9e50db846998b6b
runtime/dist-arm64ec-spike/include/wine/windows/ddk/hidclass.h	file	3249	2fa397f747f920b204032c936ee879746e234894d727c6b68bdc4dac809899d0
runtime/dist-arm64ec-spike/include/wine/windows/ddk/hidpddi.h	file	2099	1223620a826a58d566f6e031ab22cf25313b9ca60c4e336c5f7dc3f3e8cfb792
runtime/dist-arm64ec-spike/include/wine/windows/ddk/hidpi.h	file	11129	d6329918fe92b9fe14bd5fd2bbbbc3fff6524661c2a9b513cb0eda5a18301913
runtime/dist-arm64ec-spike/include/wine/windows/ddk/hidport.h	file	2724	3affba2010b86c2999e40ed06cdc3de02ba2a561735949960e779b5421c2173b
runtime/dist-arm64ec-spike/include/wine/windows/ddk/hidsdi.h	file	2574	91443178dc2f7b30e338ff5baab15ef72c2339067384cec27ff11de68fd4c7d2
runtime/dist-arm64ec-spike/include/wine/windows/ddk/hidtypes.h	file	1043	681e7a31dbad51997e99ae03ba02c112810d7d4e344417f2e4de39d075cfb2ef
runtime/dist-arm64ec-spike/include/wine/windows/ddk/mountmgr.h	file	8359	7e6393e32efec30944436e56b3f4836d4513aa00ba5fb97197682e124d960ce0
runtime/dist-arm64ec-spike/include/wine/windows/ddk/ndis.h	file	7471	94935847e7ff53dadcfdbde48abc796e9719c08118261a826d701e886a62d608
runtime/dist-arm64ec-spike/include/wine/windows/ddk/ntddcdvd.h	file	6281	f043e461e36816d92584e0c48363a0463f2a01f08bfc4914a8e069d7b8de915a
runtime/dist-arm64ec-spike/include/wine/windows/ddk/ntddk.h	file	12259	993df1c56a7498e0e0b8b9f8a1bb694e707b6318ffe0c4eadd610104f1ac016f
runtime/dist-arm64ec-spike/include/wine/windows/ddk/ntddser.h	file	17571	c1b49f4cee04d065c87d437daed2806d7513aec334c515952dfecc506c391c65
runtime/dist-arm64ec-spike/include/wine/windows/ddk/ntddtape.h	file	2573	a5ef849d63a0c73ea19204b27b507a53f6a2999582a7bad9ac0f49771a8ed0f3
runtime/dist-arm64ec-spike/include/wine/windows/ddk/ntifs.h	file	7216	73a4e1591724e3ef4136079d299f98a05a508a3251520f3f48f0a5b9055fb473
runtime/dist-arm64ec-spike/include/wine/windows/ddk/usb.h	file	15454	5677ecf4f34d5c8c2e1f1a563b27d573a7c21d2f7cd788beeffb670fbf5d600b
runtime/dist-arm64ec-spike/include/wine/windows/ddk/usb100.h	file	3736	1e2a71fa27f28cb89f6bc569b6f23a35978c5805df11627e160f4e479443fc58
runtime/dist-arm64ec-spike/include/wine/windows/ddk/usb200.h	file	864	7a8b01717ad43df0566c6e29eec8b1d5c335b6fcb55582e3eebb95ae0fdd8854
runtime/dist-arm64ec-spike/include/wine/windows/ddk/usbdlib.h	file	1838	dceb479d6e8a23f3ad93d6caed4b22e198db746000375f09ee9cd45370b85b9d
runtime/dist-arm64ec-spike/include/wine/windows/ddk/usbioctl.h	file	1019	eb57472739caf03ad4f9751bb1e7045a812677df126897908a89361b197ee744
runtime/dist-arm64ec-spike/include/wine/windows/ddk/usbiodef.h	file	944	ee4b1f7edb75b7f12de1e788f89fc4c43ff5b0ccd93e5efb7519afc322b58411
runtime/dist-arm64ec-spike/include/wine/windows/ddk/wdm.h	file	75539	7f8f9de1d4fb2ea461575d8819236001b61e3b36619f0a0405895d847d51f875
runtime/dist-arm64ec-spike/include/wine/windows/ddk/winddi.h	file	2721	d5ba264874167d173e3b1c1a88a8d8deb840afb02e67c536ba3a6df238a29052
runtime/dist-arm64ec-spike/include/wine/windows/ddk/winddiui.h	file	1610	d7be155417b29388537fedb58b52b8587f09b33118b72c0d620fab138ac6b3ff
runtime/dist-arm64ec-spike/include/wine/windows/ddk/winsplp.h	file	22451	1c14130aa01aed13d1626df4141a34e54d21622eae5bf61d993087c1abc16a20
runtime/dist-arm64ec-spike/include/wine/windows/ddk/wsk.h	file	11646	e7f8fe40a68b31b6580a0010b2944f7e9bbc20b2b214ba57c98094ae230d300e
runtime/dist-arm64ec-spike/include/wine/windows/ddraw.h	file	160041	6720270896c1d45a38ae13660c5f5ad96c8853639650a7fe28e47adc3ad69534
runtime/dist-arm64ec-spike/include/wine/windows/ddrawgdi.h	file	1075	16906d59f47ad34497a282f8c1d9eb542d2418c88c48619cccb97292b433a585
runtime/dist-arm64ec-spike/include/wine/windows/ddrawi.h	file	36539	f39c2384aa307b9e2dedf5db50c5c314d36f688dd20d3855b9ecf3b85fe67072
runtime/dist-arm64ec-spike/include/wine/windows/ddstream.h	file	17682	7e3392123a8626a7289ab57e720d10ec4a77647205e6162f6ee8c470c5123c08
runtime/dist-arm64ec-spike/include/wine/windows/ddstream.idl	file	2242	e74d91982b1f6e3abca69a1fd358cd5e1adbf270bda790481a7aeba59e67d351
runtime/dist-arm64ec-spike/include/wine/windows/delayloadhandler.h	file	1681	53c5ac5cdce5fcea0fb89bcd118ac863696cf7c7771a2679decf03adbc5149ff
runtime/dist-arm64ec-spike/include/wine/windows/devenum.idl	file	1582	3e32ec031e5b753a57a54c26a308dd8a5fb6b03eb6b0542cdae3ca3f075654e3
runtime/dist-arm64ec-spike/include/wine/windows/devfiltertypes.h	file	3898	ef3ab5efbc7fa37e89bcbfdb5a8bd587109d1aea0fd6c4d185a0da19a9440750
runtime/dist-arm64ec-spike/include/wine/windows/devguid.h	file	12337	b5678d06402a856f0e5a3af676dc88af3debfb45f05335a94b8921055761fc6c
runtime/dist-arm64ec-spike/include/wine/windows/devicetopology.h	file	108550	c932e954a0d1b86d3a71f0a94f7355f4ff5c2928a33889369e96aad1c4b872ea
runtime/dist-arm64ec-spike/include/wine/windows/devicetopology.idl	file	14902	b916cb79a5dcf005460ed200f2140852f4d8c7821669a1c4f1cb3ff359c7d3b4
runtime/dist-arm64ec-spike/include/wine/windows/devpkey.h	file	25327	55c38bfd0164d16023544780ad581c11925be0b88ff0bfb120a72ebe6990a80e
runtime/dist-arm64ec-spike/include/wine/windows/devpropdef.h	file	4267	35ac37348d018260a6af9736ed358f80b5d6ef4cb8f248723a3cf7fe1432829b
runtime/dist-arm64ec-spike/include/wine/windows/devquery.h	file	4759	f92132883cfc99f951efa1727a300b1b0207185d5d1367a6d20c481c04d39c47
runtime/dist-arm64ec-spike/include/wine/windows/devquerydef.h	file	2560	598d0563bc94f78d9da6ebf867ea70e7461cc51993227ee159c50ed5d576fc2f
runtime/dist-arm64ec-spike/include/wine/windows/dhcpcsdk.h	file	4751	d28c27911eca01987c0c37b2634bb3abb6c8268e630bc7001247e423886f7968
runtime/dist-arm64ec-spike/include/wine/windows/dhtmldid.h	file	3034	0b203fb75d339097067dc9a706bdb71d99a5df93e9cb84da4bf6a38c5e4ac1cf
runtime/dist-arm64ec-spike/include/wine/windows/dhtmled.h	file	59443	c30221e32ebe10a897807b17a2c1df612a9fc26286e3fc50ea8a796ef03c9629
runtime/dist-arm64ec-spike/include/wine/windows/dhtmled.idl	file	14987	a3aa9445ecd23845afd2c0d1859a957ac866a0951640ab9693e830a9492aec9c
runtime/dist-arm64ec-spike/include/wine/windows/difxapi.h	file	3214	827004c0e6c81462c0791a7f1ac66a9f9b2c028948cd46756d2b56f489b3ccc2
runtime/dist-arm64ec-spike/include/wine/windows/digitalv.h	file	32899	84015edf7bd47c5b4fab713d0968b2e4ab05b84a83d60844434a837cd30e8f6c
runtime/dist-arm64ec-spike/include/wine/windows/dimm.h	file	65747	105d1e35a4d47c5ae32684b0bb74163ccbea4067093ff08de28255c2c1f7c753
runtime/dist-arm64ec-spike/include/wine/windows/dimm.idl	file	14768	26f3ca944b968d2ac2f0dba60317d8ea729bab94f66afc10ba6e6b09366d4354
runtime/dist-arm64ec-spike/include/wine/windows/dinput.h	file	122572	6d17a396560a66191e1ab9daf217643e6f24d216680af65bc95d67dc169bc2b2
runtime/dist-arm64ec-spike/include/wine/windows/dinputd.h	file	9435	bbe60eae1cc1216ffc335b98dfe9485dd729018e36a8158b92186a38f1719c43
runtime/dist-arm64ec-spike/include/wine/windows/directmanipulation.h	file	104556	dd6dc6ceab67bff41c2cb23ad7d752708597c51c2849a9a4ec6c2fdd252a426f
runtime/dist-arm64ec-spike/include/wine/windows/directmanipulation.idl	file	15920	977465960a6f2cb4061756032d4ca4635e1e90c30a617a9a9b9189de7f8e716a
runtime/dist-arm64ec-spike/include/wine/windows/dispatcherqueue.h	file	1776	352bf66513bc72d93f758adc5078e36056754991c865a6855b3a61a3a26ddb39
runtime/dist-arm64ec-spike/include/wine/windows/dispatcherqueue.idl	file	1666	b0d2938352c1383dbafcb4122396c29155e6c8a97c2693424710aeb447d58175
runtime/dist-arm64ec-spike/include/wine/windows/dispdib.h	file	1565	f8990634ac0faa0878a03fa2425bb1a65d611d04dcd9eee1bbb551ed94b45d77
runtime/dist-arm64ec-spike/include/wine/windows/dispex.h	file	29387	3c3b7fef312f141cd6e5a37b40a0acb80ac2f3042f8140f5e78f6b208e87cff8
runtime/dist-arm64ec-spike/include/wine/windows/dispex.idl	file	6529	4bb035a66cba6be8b901260e0e505386e934e077aecf61e59de74e8ac48e3c5e
runtime/dist-arm64ec-spike/include/wine/windows/dlgs.h	file	6126	e61466362669eb835b199a1104cc1f306d9c81451b367657252af9f5fe91e66c
runtime/dist-arm64ec-spike/include/wine/windows/dls1.h	file	5093	f14ec46a6faad72408a062720ff40196968cdea25931a8a5560de5e35cb5ad2b
runtime/dist-arm64ec-spike/include/wine/windows/dls2.h	file	4246	5f6f24d9cbcec61820e71889beefafbd2f4e478eab6afbce422fdf03df085e8f
runtime/dist-arm64ec-spike/include/wine/windows/dmdls.h	file	5739	35c0cb202436ea6dd36933e1e16e25423f08b2258887399e64ee04ca298cd4ed
runtime/dist-arm64ec-spike/include/wine/windows/dmerror.h	file	10456	a77980702de1da4b8b8f3c569cbb5abfbbe1b745d608e6de3ef459df5a777848
runtime/dist-arm64ec-spike/include/wine/windows/dmksctrl.h	file	4148	929f5fd5c8c3f85f0b0a72a694276fe39b55016d34568ff6f1e90f52a7bebee7
runtime/dist-arm64ec-spike/include/wine/windows/dmo.h	file	1023	d950513207a29ed06956e70e1ba678d0e595592d24ed1b58560c2753e54475c4
runtime/dist-arm64ec-spike/include/wine/windows/dmodshow.h	file	3675	3e5e119f87de20f101ec8b1b58c943fb1792198cd70c1d486ecbb7139c93fa1e
runtime/dist-arm64ec-spike/include/wine/windows/dmodshow.idl	file	1244	e328f17ef08403de078192a5fb92f1718bfadc6e26d2989fb17adcafa20a09e1
runtime/dist-arm64ec-spike/include/wine/windows/dmoreg.h	file	2914	ac553d11879190895894a954cf09eb5e06b83360a10f60d33438a0726a51e144
runtime/dist-arm64ec-spike/include/wine/windows/dmort.h	file	1216	5276e774b06075519365dd669a63be91553b55094eacf4b84df1d0693db9cef5
runtime/dist-arm64ec-spike/include/wine/windows/dmplugin.h	file	16674	4684d3d1d7f63147602a50c74e833a46733357b7cdc169702aa5c764c816f291
runtime/dist-arm64ec-spike/include/wine/windows/dmusbuff.h	file	1692	230e47de808f8afafb3111ba1d4c0e3bb12ae8e0606f758687a5e80e4cb6dcb9
runtime/dist-arm64ec-spike/include/wine/windows/dmusicc.h	file	35362	e3d96cce02d251f437c3f452d162d7304e6d4eee15ac72d65722dc4904cfbd54
runtime/dist-arm64ec-spike/include/wine/windows/dmusicf.h	file	35149	fa16c07eb47a7ee5037d81db02aa4fefc5f55f1a201a8f695fadf38638ebd966
runtime/dist-arm64ec-spike/include/wine/windows/dmusici.h	file	96426	bcd05f86fba35c42ade97b687a2cb51a21d757ebc44301da826e89882c9a9c71
runtime/dist-arm64ec-spike/include/wine/windows/dmusics.h	file	13235	c72f012e743c2a38eff445855aae6f8cee6b9ec6534c6b568a978067eef66242
runtime/dist-arm64ec-spike/include/wine/windows/docobj.h	file	39059	daad83be3d9090b7aaab09009f78ebee072f289d3a8ef331ef8071e1a8e56f0e
runtime/dist-arm64ec-spike/include/wine/windows/docobj.idl	file	12313	806712353d13805d66dc1907b78fb136ac79c1c3d9bdbfaa086fd273321428ca
runtime/dist-arm64ec-spike/include/wine/windows/docobjectservice.h	file	9229	c8f5819ce996e831c22e519053490c26f6bb20f7fb45967fefb512e4b0fdef8f
runtime/dist-arm64ec-spike/include/wine/windows/docobjectservice.idl	file	2152	0538158205d240a0fe57aa93936ef45ac9c0564fd871b2b6b57919b6de160bc8
runtime/dist-arm64ec-spike/include/wine/windows/documenttarget.h	file	18048	b0678c9a188d7eec8db42476d30b5117e1bf77ddd3eea42b726a6bcf13c09b3d
runtime/dist-arm64ec-spike/include/wine/windows/documenttarget.idl	file	3313	92556f8b0c4c7ca8af9ea3ce7057049826e0c945de4526e669a0abe4ce9fe1b9
runtime/dist-arm64ec-spike/include/wine/windows/downloadmgr.h	file	4026	8d2a3ab8092a554d92e3cccb7730b7fe3a41fdd71ad312d6ebabe4497cd3725d
runtime/dist-arm64ec-spike/include/wine/windows/downloadmgr.idl	file	1298	797a7847968a9729268733a9312812f750f8b787b4041278b7f403a9c13814f6
runtime/dist-arm64ec-spike/include/wine/windows/dpaddr.h	file	17870	9794532393091222164e8a55860a7f17b4221ee2b9f68609468967942632f099
runtime/dist-arm64ec-spike/include/wine/windows/dpfilter.h	file	5825	aa4912e4f53489d3dbddc68b80ade85535d8105d5b0586a2be70d12515703307
runtime/dist-arm64ec-spike/include/wine/windows/dplay.h	file	69972	d7a6374e7195e2608765c6b30a33603e1aae41d2728d284568887980f0e36dea
runtime/dist-arm64ec-spike/include/wine/windows/dplay8.h	file	60531	9c7537661ece752fe1b64ab5820a21a2d8347dde84374a7253dccb298db05c06
runtime/dist-arm64ec-spike/include/wine/windows/dplobby.h	file	23107	d664796223fdad8f84d9ab32fa40c692ddfc4bca725cd71a2915d3622b1d5f70
runtime/dist-arm64ec-spike/include/wine/windows/dplobby8.h	file	13537	5faa413aa1d17a24647aa24a5b7ef588b5a13b95f73c6943c83a0f1616d1eadc
runtime/dist-arm64ec-spike/include/wine/windows/dpnathlp.h	file	7700	0c155c6830ca5b0f6f75b87615b98a3fef0a2486dcdb12544a1cc0a139e50a96
runtime/dist-arm64ec-spike/include/wine/windows/dragdropinterop.h	file	5067	feb591a0e5d0325a5263931e3281021ee25471ef9ba2e584e8554766df323409
runtime/dist-arm64ec-spike/include/wine/windows/dragdropinterop.idl	file	1072	3ba1b5eb738ad3155264e1d8206eb5a36028eb419ef6cfe13940f89804ed8119
runtime/dist-arm64ec-spike/include/wine/windows/driverspecs.h	file	1375	64cb9d930f9c88d245e1ff9b0e8a70b7908b866e2bea59ef6fec3310f94cd5da
runtime/dist-arm64ec-spike/include/wine/windows/drmexternals.h	file	1106	e443d550f59204ef53b60455a8ccd15962616ce7f59aff9a63f6c1a4021f6261
runtime/dist-arm64ec-spike/include/wine/windows/drmexternals.idl	file	1408	a89761ede6cdcf834aedaa2f071dacac7d4b2ab48d084e9be9cd010111acba8f
runtime/dist-arm64ec-spike/include/wine/windows/dsclient.h	file	2738	f612bb157ef69c19f9a38f5327f5011eea07305cb46285867d12834295346618
runtime/dist-arm64ec-spike/include/wine/windows/dsconf.h	file	7778	b24338c60259b8086d40ef0b5da4779bc25924c68c8df592d458dc20ad6e6f2b
runtime/dist-arm64ec-spike/include/wine/windows/dsgetdc.h	file	4470	87c2500f17e18f70edd2a35c28031a24d529c3c072b8a9143ffea9051dcc5cd0
runtime/dist-arm64ec-spike/include/wine/windows/dshow.h	file	1544	81168cd1d1f4af365c4c58619b315853b9a002d9d0b9ce62702dc27f7a6d468e
runtime/dist-arm64ec-spike/include/wine/windows/dsound.h	file	93493	afead216b15386912f1ac4e2d147064a542ed3ab5c112c09a4edf5617e3d9bcf
runtime/dist-arm64ec-spike/include/wine/windows/dsrole.h	file	2699	5f72863cd9353e5cd0f7d2bc96ba8fb2731218fdef4e137a62f278caafd2d09b
runtime/dist-arm64ec-spike/include/wine/windows/dvdif.h	file	98309	1779c2864eafb0050aa43ca478ac3ab867f1493a3d45542fa808e1b004becb30
runtime/dist-arm64ec-spike/include/wine/windows/dvdif.idl	file	25821	8abfda3eda811c1beba7131d807a1aa1f55ffd95964edf9903229036d014055f
runtime/dist-arm64ec-spike/include/wine/windows/dvdmedia.h	file	2331	e772f931cb6789440d02de3a621ea19b6d15b72b7cf6484ab5f63d92ed3080e7
runtime/dist-arm64ec-spike/include/wine/windows/dvoice.h	file	23030	8ba8945b136354324402cdfcbae5eaad00b346674411cb9adc37985e97e16d05
runtime/dist-arm64ec-spike/include/wine/windows/dwmapi.h	file	6740	e9c24a54d703cb5cc7de7ee2d38faf37d9ea4946be1bd6e4f62a1d7bd25a55d6
runtime/dist-arm64ec-spike/include/wine/windows/dwrite.h	file	225656	7c015ef323f59470573b8d90ec28cd4360a49455ca5a9b3c08f1f7063242b42b
runtime/dist-arm64ec-spike/include/wine/windows/dwrite.idl	file	50340	edef4d0c01c19163d6c633a14575a750df603b3529e366035a2e851b09ed3cb7
runtime/dist-arm64ec-spike/include/wine/windows/dwrite_1.h	file	146072	499b81a74eef9e0627e78a04b3c1a46fea7a0209f14160a5bbe6b727915a95c9
runtime/dist-arm64ec-spike/include/wine/windows/dwrite_1.idl	file	27444	fe2b51ecbd314de788adcce04edaf6b77221c3d1447ea5366db596c7f8408f3a
runtime/dist-arm64ec-spike/include/wine/windows/dwrite_2.h	file	156363	c74ea5df1d1aa4776833a8c58b09e6dfad345ecaef1743591ccd83555a8a3e12
runtime/dist-arm64ec-spike/include/wine/windows/dwrite_2.idl	file	10216	199eca2f33b186272012ee387d107021e25c6018a3d3a4fff8b156bb388e99c3
runtime/dist-arm64ec-spike/include/wine/windows/dwrite_3.h	file	710594	4a9826db0610d1da4d9a71e0ab55c558f643d042291923ad3eeb6edfb3115c83
runtime/dist-arm64ec-spike/include/wine/windows/dwrite_3.idl	file	42220	f3f305939a1c44d64a756ca42c925e0bf63122fe6adbe4d2bd4a3746ccf167d7
runtime/dist-arm64ec-spike/include/wine/windows/dxcore.h	file	1018	9dd1fc81e5b3724393a8468a960fee0a8d0a8764b30b03d424d92028720d99a4
runtime/dist-arm64ec-spike/include/wine/windows/dxcore_interface.h	file	14374	410d1519ee542c18d5fdf865d50d685128dfac336666df6a4dc64a2ceb5aaf3a
runtime/dist-arm64ec-spike/include/wine/windows/dxdiag.h	file	6679	c87c52ab64b8a60ced2315f30bd867bb7bee6eeabd1d908551b08b6d6644d117
runtime/dist-arm64ec-spike/include/wine/windows/dxerr8.h	file	2095	b80bbbe3f3a7f976bf24ab71015f0b7329bea68f402c2c8d33e3f15ff81f94dd
runtime/dist-arm64ec-spike/include/wine/windows/dxerr9.h	file	2095	6b077ccd21da758136c2c518af335253fa3a96f6518bb554145fa40d8f686578
runtime/dist-arm64ec-spike/include/wine/windows/dxfile.h	file	13713	0287e98d9ccb788a91e510f52c7f1a0a59af23eb1844e6d99e55a9a0e3df58b7
runtime/dist-arm64ec-spike/include/wine/windows/dxgi.h	file	98013	529a9852b69bdd544c7c49b5273b9e29d5f9f11c0eec1b6e548da1f37c50a8b6
runtime/dist-arm64ec-spike/include/wine/windows/dxgi.idl	file	13830	13e0ad23a4381094144c36241bfd9257040586b5f6256e2d34c111a6c0d993c4
runtime/dist-arm64ec-spike/include/wine/windows/dxgi1_2.h	file	88855	642d767808cbf5da152f88cd5c82b8591b55efa21b8bc83cd583b9391badd09c
runtime/dist-arm64ec-spike/include/wine/windows/dxgi1_2.idl	file	11258	1a42371382e58c18ac63428a2cfc9079f51619883bbdd6a538b048c17814b3d0
runtime/dist-arm64ec-spike/include/wine/windows/dxgi1_3.h	file	81626	8c1faa4b96c1b32d5d7de3464c701d3114e6658c5743624ef32fc632270be7fd
runtime/dist-arm64ec-spike/include/wine/windows/dxgi1_3.idl	file	5598	b07fc707f421333d409795fe18586af11c9eaa61605909c60222a09cf37aa68a
runtime/dist-arm64ec-spike/include/wine/windows/dxgi1_4.h	file	58587	e6e10ab3e31b5fa9b896a19132fdf8b93a2d35685157c068b45fd1ace44dadcc
runtime/dist-arm64ec-spike/include/wine/windows/dxgi1_4.idl	file	3807	052409feea583f1aefc3afa19b62dd616090a3b960a03852ec730dd4f3167b02
runtime/dist-arm64ec-spike/include/wine/windows/dxgi1_5.h	file	60993	a7f6aa660100e07029d238e83b89414320e0899cc82ab72d4b6d96bca6cf5277
runtime/dist-arm64ec-spike/include/wine/windows/dxgi1_5.idl	file	3384	8e96bc3c7c57cca352ccec4c4d40bbe4231cabd253a7f9f48bde5e317e6a1c74
runtime/dist-arm64ec-spike/include/wine/windows/dxgi1_6.h	file	60438	2cb35c937fd6269417352a9590766330da4107b3fab0f7816c63032b58138a33
runtime/dist-arm64ec-spike/include/wine/windows/dxgi1_6.idl	file	3772	2de5923b42b8773eebac0d4d4b0728bdb42d72efee6e84f3f589249e0c869575
runtime/dist-arm64ec-spike/include/wine/windows/dxgicommon.h	file	2484	1dcdbf6bf90be1620193bd0d5569b244d1dd739862d3242f2a04143095314012
runtime/dist-arm64ec-spike/include/wine/windows/dxgicommon.idl	file	2889	7b2ba9c0fc1421a5b8d38b3cfe9f1b6d9766599671c2f45c1dd244f431b625e7
runtime/dist-arm64ec-spike/include/wine/windows/dxgidebug.h	file	33795	0b73193b16ecc5b5f7228d69e591893beb84004d1265b188d9c9bdbff7d6dd08
runtime/dist-arm64ec-spike/include/wine/windows/dxgidebug.idl	file	8004	031879afd7b15af996b2a40332ffcff009913aeab93756505303b97638e74d2e
runtime/dist-arm64ec-spike/include/wine/windows/dxgiformat.h	file	5162	85ec87d68e17f4f754ee787c3fa646a752562add7be3a0ab3111e1f91ed7c46e
runtime/dist-arm64ec-spike/include/wine/windows/dxgiformat.idl	file	7129	646e01778dc5be9137abe0bea291d57fbbc2a690e07f8884e1945a779914b328
runtime/dist-arm64ec-spike/include/wine/windows/dxgitype.h	file	2339	6de9039e0a5f55fb0c64d40c106f913684e59766f4bef2653ce0010512462b46
runtime/dist-arm64ec-spike/include/wine/windows/dxgitype.idl	file	2584	bc41d1844a8375724c039e8a8dc8fde1336045363b4aff7999d6d2f2c8b4a248
runtime/dist-arm64ec-spike/include/wine/windows/dxva.h	file	38618	eb2adbf6fa940acde146be4e7a2fee1b22988d329ce03406fc988ee200ca561b
runtime/dist-arm64ec-spike/include/wine/windows/dxva2api.h	file	67266	e30554e99b2b79b8a94eefe7c890dc43b410e8e095c27da647d06933b49b68ee
runtime/dist-arm64ec-spike/include/wine/windows/dxva2api.idl	file	28062	2291cd8d31c3ae660c6090c97b5a8656f14b6b6c82e6506e32376dbb048f94a5
runtime/dist-arm64ec-spike/include/wine/windows/dxvahd.h	file	18695	b32e3478f0b38b2c28be48bbf388011631453ce99a552d1dd2d7089046297a41
runtime/dist-arm64ec-spike/include/wine/windows/dxvahd.idl	file	6511	1528eb7a074dce48cca2d5eca98fa8e0c4a021fffc048fcc0ab0134c2cbc62e5
runtime/dist-arm64ec-spike/include/wine/windows/dyngraph.idl	file	3904	5d45a2dfff6211784711af33862a41a934808f485e28ac59c428a60405921f77
runtime/dist-arm64ec-spike/include/wine/windows/endpointvolume.h	file	30657	b9fdee58ec6da447069ac92b8d1efb247abbcf94382284cb1b99209654f5f6dc
runtime/dist-arm64ec-spike/include/wine/windows/endpointvolume.idl	file	4037	417464b9285755b479be07b68e34026319e07f040f57fd84e9260e2b81527104
runtime/dist-arm64ec-spike/include/wine/windows/errhandlingapi.h	file	1045	6f07c49912e872781c27ceaf8d8c76218ac3e99a3b0ca44ba3b35d0f41e5b2d3
runtime/dist-arm64ec-spike/include/wine/windows/errlup.idl	file	2301	5de6a40e10480608756f27816b2d3dc9142093d560e92ed4920de596f466835f
runtime/dist-arm64ec-spike/include/wine/windows/errorrep.h	file	1413	8c88b8768421242b0c47ef3ffb1ffe28e585c403280136907b7f7644866736fc
runtime/dist-arm64ec-spike/include/wine/windows/errors.h	file	1356	688236c4b2b86aaf3b83a8c5becb4151fe8c3bb5cd5cbc9c1c49eec761af6ed1
runtime/dist-arm64ec-spike/include/wine/windows/errrec.idl	file	2957	67edf5e7446cead82fc92132589208f7e33bbfb687b6add4944bfbedbd9d3e46
runtime/dist-arm64ec-spike/include/wine/windows/evcode.h	file	4036	d752cc396b1d46af602930cad5ff389c5823cc2d6020a8334cefafd1b267fe20
runtime/dist-arm64ec-spike/include/wine/windows/eventtoken.h	file	777	f04842204c4c96edac75360b390c1281874cfd3693411f9ed8c9deab786c7573
runtime/dist-arm64ec-spike/include/wine/windows/eventtoken.idl	file	910	1d2c0a5a2189665c17f18bae8a0fed26564a8e8aa4e1a15c39bf796372fa362a
runtime/dist-arm64ec-spike/include/wine/windows/evntprov.h	file	2604	dceffcebd1b1a5eb056132410eb9b04856d0fef98211a1aeaf81f1372604455f
runtime/dist-arm64ec-spike/include/wine/windows/evntrace.h	file	10343	26c72d61c439c1bc35fbc04caf047bcfc0e36c195e5eb779ad8acac4737f8132
runtime/dist-arm64ec-spike/include/wine/windows/evr.h	file	53404	020f0375793721f093705f1e953407432aea94b7bd1cdb95b254ee01a929b17e
runtime/dist-arm64ec-spike/include/wine/windows/evr.idl	file	8430	630180a8d1ab81f852d90d992c6c4365bcc51a45ce5711274c4ac7f0e34789a0
runtime/dist-arm64ec-spike/include/wine/windows/evr9.h	file	14495	b57b49e1d23e5f37520652b4e0772d5b6cfd88e025d8888b718005262785670c
runtime/dist-arm64ec-spike/include/wine/windows/evr9.idl	file	3258	0aba60618d722d88a0238e1e6fac398659b3468194f73c4a6cbdcf9c2d6babb2
runtime/dist-arm64ec-spike/include/wine/windows/excpt.h	file	2004	fd4e19ee8dc8074ee52b605d48e77c1b4a064f683e262f1da7cdc49ba1fb1196
runtime/dist-arm64ec-spike/include/wine/windows/exdisp.h	file	238508	b713348cd921f9717573b261353da33117e392b9bf0485cad93fcc445ee3b7ba
runtime/dist-arm64ec-spike/include/wine/windows/exdisp.idl	file	33026	9befad6377b9d9fac3721ef845b1e508de15459ee201c80868f8265e98690d30
runtime/dist-arm64ec-spike/include/wine/windows/exdispid.h	file	6753	ed4ff6a5637c0dd41eb34272feb6bd8d5d131fd71e0b755575ac3cd25a60ec60
runtime/dist-arm64ec-spike/include/wine/windows/exposeenums2managed.h	file	959	6031cb32af4ff4c316e94b9c9de2db3e24f6960c699ff0ae59918d155fd28c9f
runtime/dist-arm64ec-spike/include/wine/windows/fci.h	file	9312	67ff3d386d3c06f61a2c630e112aa85535797597d03425cd65f80c0fd394fdb9
runtime/dist-arm64ec-spike/include/wine/windows/fdi.h	file	10333	07baf3a1e641cabbf70846ccd9dbe50b46772056a4bcf5828b2585f94fa9e04e
runtime/dist-arm64ec-spike/include/wine/windows/featurestagingapi.h	file	1389	3d3b7671f7f26caae95667d31790d1fc442922504bfc74fcd9475348f32f4747
runtime/dist-arm64ec-spike/include/wine/windows/fibersapi.h	file	1176	b4f908494a90a539ee1cb4cf66c47430ffc788eda140892f587fa9dfc8ccb0b7
runtime/dist-arm64ec-spike/include/wine/windows/fileapi.h	file	1547	70dca820609ff4ef128a575c9bce58c60102e4d87ca397bee4f9d776daa35c81
runtime/dist-arm64ec-spike/include/wine/windows/filter.h	file	6989	c545cbda3c8d3d406177c5522e1abca59243af95e1f807d5e2161d2ceebfca46
runtime/dist-arm64ec-spike/include/wine/windows/filter.idl	file	3181	c8e152b1f3fc9173f83efaba4aeaa6a97c77c59bbdb55f13e762d496b1ba60ce
runtime/dist-arm64ec-spike/include/wine/windows/fltdefs.h	file	5021	e66584b9c877596b6f03d7b9f7163c2784b1b97c603ad8fd961bc7559f209579
runtime/dist-arm64ec-spike/include/wine/windows/fontsub.h	file	2229	127068c5365590da9baac0b6aaa6b3e467d263e7379fc13a3f3f978073ee16c1
runtime/dist-arm64ec-spike/include/wine/windows/fusion.h	file	33227	d9aa7ce6ecdadb8cbe3c6a82312c6ac6f104c25dc4f0cb3ae118c0e305e9565a
runtime/dist-arm64ec-spike/include/wine/windows/fusion.idl	file	11093	ac83c527934a9daea2ea637619fd49ee14eb3931d9b0510331b5cf354d889e3b
runtime/dist-arm64ec-spike/include/wine/windows/gameinput.h	file	174883	1d38078e2c0aba9936815685d7713327dcd4b63f5d0b1a31d2d94010a8e24f45
runtime/dist-arm64ec-spike/include/wine/windows/gameinput.idl	file	65532	dc2f7e6d20f40eddbffb9e2a899443ec73ed5d884763672a84b1609ae7bd5f1e
runtime/dist-arm64ec-spike/include/wine/windows/gameux.h	file	23991	009382d308242817c234c45054fbe1bb59aa72062724583c3cfd940623606e46
runtime/dist-arm64ec-spike/include/wine/windows/gameux.idl	file	5908	4f5b1d0ab11945f03a2fa4c6334f355a412f34924078178037668851a98758db
runtime/dist-arm64ec-spike/include/wine/windows/gamingtcui.h	file	1693	14833b5b0b0bab20f34bee5166fa55b575953970d7336c779f8522390bb2373b
runtime/dist-arm64ec-spike/include/wine/windows/gdiplus.h	file	1726	2cc641da028ddc47aa780a41fe66d48ce5b04c167c7ea15b44c11161de6fe2bd
runtime/dist-arm64ec-spike/include/wine/windows/gdiplusbase.h	file	1258	72feb51aef9d8d24c6147b8bca0142426b64e4d90c0f9d4006997258e8407ed0
runtime/dist-arm64ec-spike/include/wine/windows/gdipluscolor.h	file	1379	b380caeb1c97c87dbbee50867c2d54770dc9f6e233fc11c104a1a8865eacb03e
runtime/dist-arm64ec-spike/include/wine/windows/gdipluscolormatrix.h	file	1852	d80c83e9661a861fc5e6122a868161241df822260f4efbee29c86611b082c744
runtime/dist-arm64ec-spike/include/wine/windows/gdipluseffects.h	file	3576	2a91bb86c99522579ba41f2c63d2bb11cef422439fa5a00db8ba3544717ed40c
runtime/dist-arm64ec-spike/include/wine/windows/gdiplusenums.h	file	28482	a8ed5c446d4763664f1404f572e2e04f626f5b607bf8f42f3ab857cbb2c39396
runtime/dist-arm64ec-spike/include/wine/windows/gdiplusflat.h	file	49229	48f86f312830714f93bbdb9bdfcaa47ac1b5e3a04af63005daa4effe2e054ad6
runtime/dist-arm64ec-spike/include/wine/windows/gdiplusgpstubs.h	file	3563	c4d71253cbc892486a3930184d9a502d0255b6f80ba0fd87b89f1cd27bc96657
runtime/dist-arm64ec-spike/include/wine/windows/gdiplusimaging.h	file	16239	0c428483249b27712510e72627abd140cc2ae52f7653ba2d1c0507a4fde8710d
runtime/dist-arm64ec-spike/include/wine/windows/gdiplusinit.h	file	2014	2d59e06b28160864cfb891d37af69c3791c345186ade3a4fda54511f2cbc07e3
runtime/dist-arm64ec-spike/include/wine/windows/gdiplusmem.h	file	1070	4fc7ab345332be395c5061148d32eb7f799fdd124cc9eca680e5ead988fa6932
runtime/dist-arm64ec-spike/include/wine/windows/gdiplusmetaheader.h	file	4204	70553eed16b7b365be90195e8fe0555fef12af8928d2642693a13f902b2ec9e1
runtime/dist-arm64ec-spike/include/wine/windows/gdipluspixelformats.h	file	4378	a1b4c545e126a0014ba710d205d30093e26b882d8f2971d6d19a46b500116248
runtime/dist-arm64ec-spike/include/wine/windows/gdiplustypes.h	file	5440	bd3809329ca49f14e51dbe88f09b396293bdc14fcb2122908f0566ef8a448f63
runtime/dist-arm64ec-spike/include/wine/windows/getdts.idl	file	1211	08dfabb704dda5ece1740f0787a514958cfbbb281d0ebe2b48bfaac0db5ede89
runtime/dist-arm64ec-spike/include/wine/windows/guiddef.h	file	5732	0c8e7214db5acc125632ae225a87113b8af825e27f66a44a67381e6675f9cb4b
runtime/dist-arm64ec-spike/include/wine/windows/hidusage.h	file	14924	e1219fefb83653300ebdd0ceb191388ef64f1ce478a41cb18da16bd5c9164c66
runtime/dist-arm64ec-spike/include/wine/windows/highlevelmonitorconfigurationapi.h	file	2166	40165f18647f0ba128f65b0a8ca3fc968abbf97f704d9bba813b2af50af14beb
runtime/dist-arm64ec-spike/include/wine/windows/hlguids.h	file	1248	8b5f187480aee3d5abb212667191f821699cd69570acf73706e4769d30c52904
runtime/dist-arm64ec-spike/include/wine/windows/hlink.h	file	48361	751c93a5008a151a4e67bfb590c7272d743c7d2453447d6d51bf0ef7c314b521
runtime/dist-arm64ec-spike/include/wine/windows/hlink.idl	file	12747	2eda33fe24b03b32978f04d03b58181d5d67469f3f0571a24346bf6051459808
runtime/dist-arm64ec-spike/include/wine/windows/holographicspaceinterop.h	file	5551	924fc8fbb847ec3e6c8c9e10fc38107cb183e32bbfc4191884818c118b276767
runtime/dist-arm64ec-spike/include/wine/windows/holographicspaceinterop.idl	file	1040	e54150d67a3ac7df779477f62c4154c81d405629d527a7c34f829bed73349c65
runtime/dist-arm64ec-spike/include/wine/windows/hrtfapoapi.h	file	6465	9a737ed02e4bfdba6c70621bdc18654920b5056c51f993ddd28f4c69fe5ac745
runtime/dist-arm64ec-spike/include/wine/windows/hrtfapoapi.idl	file	2634	e73f62e0710821f0685932e3fa01a3845a5bee2d9d867b319cdbd7cc0768dd30
runtime/dist-arm64ec-spike/include/wine/windows/hstring.h	file	977	fea3336ecd0155d48fe62181c1a361064dd286489a1f66e7b5d2653204e836a7
runtime/dist-arm64ec-spike/include/wine/windows/hstring.idl	file	1317	114008cb67b2c186b4d668d5fd0ad792545c02078de70613adf691c9db27495a
runtime/dist-arm64ec-spike/include/wine/windows/htiface.h	file	23685	d39980be8e84c2dc9fae6fb8a921b9dede5e9a4dc9813bd641cdeaaefcc4cc13
runtime/dist-arm64ec-spike/include/wine/windows/htiface.idl	file	4674	c1df29bea0b20b220eb2d9c40e2cc1c52f59d95d2e2e3cf23517ccf3a0dd813b
runtime/dist-arm64ec-spike/include/wine/windows/htiframe.h	file	19677	1ba7cf8956646f7c895a9d5b6ce5a49da4e51a0a53d713eed06ccf5856f7d99b
runtime/dist-arm64ec-spike/include/wine/windows/htiframe.idl	file	3860	d9e485b1653ec8e3d21223f023a44dc8925b07aa7b58c4a34cab4448e9cda045
runtime/dist-arm64ec-spike/include/wine/windows/htmlhelp.h	file	12595	20bf8f0cd2002e6901c9c081c268dd4a55965879bcb9f63f18d96f0c2dd848a7
runtime/dist-arm64ec-spike/include/wine/windows/http.h	file	15585	4fdc2d2e1f52c82efe7fc12fc20d81ca285aac32ea76ff111f9be9146b2b7e72
runtime/dist-arm64ec-spike/include/wine/windows/httprequest.h	file	18071	ca8507da3fe9d7ae093479fdf85d2d290a71c02a356c9c6da263aa2ea3c7df95
runtime/dist-arm64ec-spike/include/wine/windows/httprequest.idl	file	5956	b20e9465b9f8e56b9fda4806210c52a36fd5d1398aa065204c33b815a9e2094f
runtime/dist-arm64ec-spike/include/wine/windows/httprequestid.h	file	2430	e7cf56df0a77f5066ae40f6f7bfbb80b5edded56f2a6afae2f3bf2b3bf81d979
runtime/dist-arm64ec-spike/include/wine/windows/i_cryptasn1tls.h	file	1344	cf5e0b2351cc86460556d1930a739d4d295444cb380ebe25c8a08df4b731f425
runtime/dist-arm64ec-spike/include/wine/windows/iads.h	file	153197	b2ea7a7a4cb0e63292c3b6aeb32a8cc79c0dee8358d4c6bba99cd3d9bdccbe94
runtime/dist-arm64ec-spike/include/wine/windows/iads.idl	file	28078	7ea05a52ed1cd0f55ff85bdd05e95e195abb6391f48f6102aedf28f42ca01884
runtime/dist-arm64ec-spike/include/wine/windows/icftypes.h	file	2381	ee1174a75871412a49efd86121933b25c9a8c3b4f0976565d9674609aa8e911c
runtime/dist-arm64ec-spike/include/wine/windows/icftypes.idl	file	2458	26b0bda55345bc626540453770043448cbc7df65d68ece299d86794cadd82bec
runtime/dist-arm64ec-spike/include/wine/windows/icm.h	file	17887	62537242300511ff61c424b14f48d725fcec1d6da44c051db98bc4fe7dc3fad1
runtime/dist-arm64ec-spike/include/wine/windows/icmpapi.h	file	3449	56eb9d1d7ada084f3ad456a0246a663c39d813f63b532a931cd62529c1edeb52
runtime/dist-arm64ec-spike/include/wine/windows/icodecapi.h	file	10322	fde6b576d6cfecc6fc60f0685ea0959e2c882a6411202356c7a4e1c7b9b9f7fa
runtime/dist-arm64ec-spike/include/wine/windows/icodecapi.idl	file	2242	3062f0e3b6b2c6007c7eba676f703fb8f821b739c6c1deb503a28803c0273039
runtime/dist-arm64ec-spike/include/wine/windows/icu.h	file	163756	42672a5914f8422962047cf82f7fea8439954d5c752cbb929660adc78c2e201e
runtime/dist-arm64ec-spike/include/wine/windows/idispids.h	file	1232	e5c1a4e861cb562f37b7e793b4986f0b979e1cebaf4f46daec7640b8f120dc6f
runtime/dist-arm64ec-spike/include/wine/windows/ieautomation.h	file	4893	63d4ac8ca13400ff86c784348b48199e4419df5a7d510f533526e5abe9779b98
runtime/dist-arm64ec-spike/include/wine/windows/ieautomation.idl	file	1549	8f7966fbae47151a0135ccca097d1e7e1f772259f9999360ac456b5512b5819b
runtime/dist-arm64ec-spike/include/wine/windows/iextag.h	file	15415	f07c0c9d5ad46fcc8237bd9e6b1cf3004cbc1a7ae3454028230640356bc4c6ec
runtime/dist-arm64ec-spike/include/wine/windows/iextag.idl	file	3073	a57db5e88350fd2304be2501416474fee79f8643c01953acc244557c3e6776df
runtime/dist-arm64ec-spike/include/wine/windows/ifdef.h	file	8344	b38e091012df8bf74c7fefc1f9aa43585e2ec1f52ba3620d13dc13a41a4900d3
runtime/dist-arm64ec-spike/include/wine/windows/ifmib.h	file	1857	9331036ac2c579196d03d70a92c3841f675a1a7bd634ca53c4b3c6edd6e45297
runtime/dist-arm64ec-spike/include/wine/windows/iimgctx.h	file	8572	7d51762bf78c300297591248138231e69733317d972670a5ed84a4cc10c0bb71
runtime/dist-arm64ec-spike/include/wine/windows/iimgctx.idl	file	2775	67a730eee53dd429970732d10c8299b00390bb3310ec355b00a01104fbb7022e
runtime/dist-arm64ec-spike/include/wine/windows/imagehlp.h	file	38280	511150600996564a033201efe3ef288824731352475f8a878891bb6e9fe9810d
runtime/dist-arm64ec-spike/include/wine/windows/ime.h	file	4137	646fbf28492e709cb53be52c40f5f4d7e3fdc71cf15cffe3fafc06a21c16df12
runtime/dist-arm64ec-spike/include/wine/windows/imm.h	file	21331	a76424717c9e0c6439204472beb07a5c95c0dabc148eb67b3a97996663aec866
runtime/dist-arm64ec-spike/include/wine/windows/immdev.h	file	6626	289e0bc9f39045c075887236eeb6ba6691aa31f1d57c4756820be143ec3ea32d
runtime/dist-arm64ec-spike/include/wine/windows/imnact.h	file	46908	ab6c1788582026446260d757f79bbbd883de20e7e5c1827d2a6a41983e4672a0
runtime/dist-arm64ec-spike/include/wine/windows/imnact.idl	file	7114	94cc5905a6d7c7ed0b9e8aaf8a920604ee424d23ebb3f2d31d8786b6cc6becff
runtime/dist-arm64ec-spike/include/wine/windows/imnxport.h	file	122223	07cfb5ce6ff946608fd3b240b6d34ab9803f776fa219882155120c58bad7db78
runtime/dist-arm64ec-spike/include/wine/windows/imnxport.idl	file	31458	05ba17592cd8c8d0d66fe26c3564d5bb2724917b4bc574c0044750dd4b3d1942
runtime/dist-arm64ec-spike/include/wine/windows/in6addr.h	file	1367	f302373aece7e7fbf6ecce8f1cdd117ae4e88e461b3f61299cf861b1f3b6b193
runtime/dist-arm64ec-spike/include/wine/windows/inaddr.h	file	1654	c91c8cd9d3da53bd8134ee7bfea12ca64c39867887bb7a9e30d9426d23f0409c
runtime/dist-arm64ec-spike/include/wine/windows/indexsrv.h	file	14025	3c5a6e024634712eafd7181b46ce67c2a7fb772b0b5dd27b7ce29706e1569c01
runtime/dist-arm64ec-spike/include/wine/windows/indexsrv.idl	file	3812	ea13ec00ade014f91a86ce61b53fc2d10f19226b1fb3133272989fe946865baf
runtime/dist-arm64ec-spike/include/wine/windows/initguid.h	file	986	489d6816fb988d831ac9a7026cd76300e6d96b8aeb992170cb3a7f56b7f5cc8c
runtime/dist-arm64ec-spike/include/wine/windows/inputpaneinterop.h	file	5134	14b1d51334fe0bdb7d103af817f26f2fb2039cfe7550b0576403432125e56d78
runtime/dist-arm64ec-spike/include/wine/windows/inputpaneinterop.idl	file	1012	a7d99a928a44bab81091af59b2e339424e68e570d64f71d7cc57693cbdd0283c
runtime/dist-arm64ec-spike/include/wine/windows/inputscope.h	file	7698	b17abf288d343d232f43c0f0d7ef64cbbb55302f1e308606f988edd64f997732
runtime/dist-arm64ec-spike/include/wine/windows/inputscope.idl	file	3696	af7dd3044089a43da04ed1995b6c9c50ca5cff0424ac5e898e93761cb9af2d57
runtime/dist-arm64ec-spike/include/wine/windows/inseng.h	file	40608	ee70052369dae8fb5d201c408105f79c0280c32bd9e49eb3354855f01632b13f
runtime/dist-arm64ec-spike/include/wine/windows/inseng.idl	file	4466	95e6fce06ba6c99e8dfc5c0645ac7a73ad737831d08173a5d044c18e30411537
runtime/dist-arm64ec-spike/include/wine/windows/inspectable.h	file	4686	c3bc28a55f36925ba5ba0009112a724bb875687240cdc85b139459ada6a759aa
runtime/dist-arm64ec-spike/include/wine/windows/inspectable.idl	file	1326	654827cf7cb07abe71efd20daa790502534b94927873e3be7eb59296f6656ce7
runtime/dist-arm64ec-spike/include/wine/windows/interactioncontext.h	file	7094	2afe8eaedfa7175de0252a8237f5735e7e81f1a818bdb9bf5862a7e02f00f915
runtime/dist-arm64ec-spike/include/wine/windows/intshcut.h	file	4093	62eb7ac209aede5300a0ff0f0843418b59109eb519653ec2cdd15ef705552f50
runtime/dist-arm64ec-spike/include/wine/windows/ioringapi.h	file	1275	ab36dcdfb14809aaacdc0726adadad9aec13d155ff682c3ad945059af417dd4e
runtime/dist-arm64ec-spike/include/wine/windows/ip2string.h	file	3261	dcb5fa2567c0f16f7a376a73acb9cf6a4bd58f2439cf9c8d989259811d273df0
runtime/dist-arm64ec-spike/include/wine/windows/ipexport.h	file	5187	50b59a7bab5bf85936392a2945427f6a48c5c05e703c6d515efb6edaf5f73b62
runtime/dist-arm64ec-spike/include/wine/windows/iphlpapi.h	file	10230	244cbf6e7f39fc5143937496bf228a76ef165490fdedc00d4880df146b3f5273
runtime/dist-arm64ec-spike/include/wine/windows/ipifcons.h	file	12130	99f43a86188cce1e21a1cc0d0b47a6dab33f6f34fdd1ced5628fd0376653d745
runtime/dist-arm64ec-spike/include/wine/windows/ipmib.h	file	6099	3315e60e5478fc544bc844d61ea383e88a39b58d3ac59c964cf5fb20cc76785e
runtime/dist-arm64ec-spike/include/wine/windows/iprtrmib.h	file	1492	02e3cd30414a8399c5ba14e523c286f25324f410e59851fc802ad89ff4692d9c
runtime/dist-arm64ec-spike/include/wine/windows/iptypes.h	file	12664	ec4ad1e7cc4abd7ce9a67c56ff677c92ca094659d50986d6b15c5657c94bd767
runtime/dist-arm64ec-spike/include/wine/windows/isguids.h	file	1245	dc67141d1a75018a9278c45828065b12358a3eaa8799720c73e146f70318e376
runtime/dist-arm64ec-spike/include/wine/windows/ivectorchangedeventargs.h	file	11373	87130812785333b27a86ef54460fdefce5b5e87dc7001fcb18150c2905106b9e
runtime/dist-arm64ec-spike/include/wine/windows/ivectorchangedeventargs.idl	file	1625	93cc7da22a97210d0b46e016364c1e7225d174dcc1980f3584ea7fafce79d375
runtime/dist-arm64ec-spike/include/wine/windows/kbd.h	file	9083	7d8595b207a411a549ee00e3558484462357607d6f737148cfb84c3971f43fbf
runtime/dist-arm64ec-spike/include/wine/windows/knownfolders.h	file	19788	d237ffdefad5c38262eab641f87f1d84618cb11eb0085611ee38a28ced6cf69e
runtime/dist-arm64ec-spike/include/wine/windows/ks.h	file	1873	761894f8e5e6c61497d1355ee049e23d2b69e066de8eb7dc0e00fb8ec96e64d4
runtime/dist-arm64ec-spike/include/wine/windows/ksguid.h	file	819	85f74021623c386bffd57d40a94760122e548f09565ec2fed4516bcad8f488d6
runtime/dist-arm64ec-spike/include/wine/windows/ksmedia.h	file	5283	e8e23b2cd85cc44caec41003a7dbbc6e31f1a3eadf1966d38863068e9ed3820a
runtime/dist-arm64ec-spike/include/wine/windows/ksuuids.h	file	9271	71598dee830f4bc31367f7228a0ea609207a7d4ec57c9bcd6b6c29758b03ca50
runtime/dist-arm64ec-spike/include/wine/windows/libloaderapi.h	file	1291	6c00dd2e67166b327cef0fe2b222233eb725f7e739a09c31bea027351017e692
runtime/dist-arm64ec-spike/include/wine/windows/lm.h	file	1418	a5cfee20bcecbe33f18ca14a6fea7723d5dac011afc58d0b7abf78a0285ddcfe
runtime/dist-arm64ec-spike/include/wine/windows/lmaccess.h	file	16656	ea2154a072b4e8568c0b658a40c6665fc05e0f856b6ab283fc0ed1b4bfc3506c
runtime/dist-arm64ec-spike/include/wine/windows/lmapibuf.h	file	1396	3e157ed3332d716feadd17504903cfe75ab375754fef33047392e58cac39903e
runtime/dist-arm64ec-spike/include/wine/windows/lmat.h	file	1889	080cc2ca72e041921a5fe6bfae678459b065b6b71301b3095eb5699a730da9d1
runtime/dist-arm64ec-spike/include/wine/windows/lmbrowsr.h	file	1391	f7b344fcc09e0483e797867f65f1663de921186ae1550fa9653e9d04d6c28ac7
runtime/dist-arm64ec-spike/include/wine/windows/lmcons.h	file	1969	d38dedd4d6421dde7ef4e562dda9b2b58c78bf11e5b4391a8440d8141022daf8
runtime/dist-arm64ec-spike/include/wine/windows/lmerr.h	file	18053	0b3c174b444b77aa9ebee4dd13981c27e39550afb718b4bac8d85c6211cde75f
runtime/dist-arm64ec-spike/include/wine/windows/lmjoin.h	file	2263	8789bf6f1e23919363d0d32d85ea7827e8f45bb08038e1515e98b2d5cae9dae5
runtime/dist-arm64ec-spike/include/wine/windows/lmmsg.h	file	1668	b4eefe710d353642163f2b8da3393273669eb426fd3229342c2268bd51d27eb4
runtime/dist-arm64ec-spike/include/wine/windows/lmremutl.h	file	1342	60c91f77d20906a4e3fbd168ccfc551dc0c368528486fdf2efe7add9a950f172
runtime/dist-arm64ec-spike/include/wine/windows/lmserver.h	file	3183	dd6f35d074c19d7e1532e4f6567376ca09dbaf9efea9b4a75d1fd2f1bd332666
runtime/dist-arm64ec-spike/include/wine/windows/lmshare.h	file	2863	689dc3964b6c3e6e42676922adde298fb2a538fdd765951e827bbc2fbf992906
runtime/dist-arm64ec-spike/include/wine/windows/lmstats.h	file	2977	7a50fb0110e1c2359777c87a0d309d4656c4bd03a8babedb658ade65f272b32d
runtime/dist-arm64ec-spike/include/wine/windows/lmuse.h	file	2422	e7f9f0a26e25522df2d895bdba11dc2fed221f1cbd35abc822e7c8eca38a79ac
runtime/dist-arm64ec-spike/include/wine/windows/lmuseflg.h	file	967	53b70ed1403fb53b1dc941accace241b94a56ae8e162576ac9578376a10f9f75
runtime/dist-arm64ec-spike/include/wine/windows/lmwksta.h	file	3141	d87e0a8abaa0425a3e1d20e51ae4576ef9ec495afe77ad8c905445abe066797a
runtime/dist-arm64ec-spike/include/wine/windows/loadperf.h	file	1517	b7a315adfa8bdd96f0bdd4faf1ea6e1bcebd17169d159592beca1b769fd75864
runtime/dist-arm64ec-spike/include/wine/windows/lowlevelmonitorconfigurationapi.h	file	1308	c424563eddad19013c40d61b40a7682e125bab6540e324e32471d77571d4ddf3
runtime/dist-arm64ec-spike/include/wine/windows/lzexpand.h	file	2162	df577ee8fe64234f73732909600d0bf28d1c25abd7d37c87b284413e02f59f8e
runtime/dist-arm64ec-spike/include/wine/windows/mapi.h	file	6762	a98c72a7377d775eb3553f33e3f1c3a4443221276026f5875f6b2498617a3a5f
runtime/dist-arm64ec-spike/include/wine/windows/mapicode.h	file	5868	84ade3d15d82469f945db7adf4f3a2e69ee733e43ac4e3727ab5fcd595d58a56
runtime/dist-arm64ec-spike/include/wine/windows/mapidefs.h	file	57304	712d1abb3f0e27f8afce2d53911c29c51bc1b8884bdc3245b5a8c3166d26b61c
runtime/dist-arm64ec-spike/include/wine/windows/mapiform.h	file	1268	546ac4c42ec30fa758b31280100609196989a4becd65e58ca5bae3e88e70e64a
runtime/dist-arm64ec-spike/include/wine/windows/mapiguid.h	file	3578	7768ab0d7b97a0045e11fe463a64cbd483cb0442ff21565d96d23ba51d5aac67
runtime/dist-arm64ec-spike/include/wine/windows/mapitags.h	file	47867	ff9fe9d6242c7b4c1cd688766c50846e608ab76172ff077c5119d81fc5b8a4db
runtime/dist-arm64ec-spike/include/wine/windows/mapiutil.h	file	12555	d1e6aad96d549fc3c20b0d48b314022a300eb01eccaba9bd3cf0bca392125153
runtime/dist-arm64ec-spike/include/wine/windows/mapival.h	file	5523	868fbe0dc00660a43e66749468ddd9c8df1841d007dd77809969af6a572585cb
runtime/dist-arm64ec-spike/include/wine/windows/mapix.h	file	8473	87868945526f6b384544390e7cd589db875f95d0008dc6be52af629d9156ef91
runtime/dist-arm64ec-spike/include/wine/windows/mciavi.h	file	1971	d4293c56b476cf894611cf281647dbfceda2e499cc488c9e753e4513d45ccdf4
runtime/dist-arm64ec-spike/include/wine/windows/mcx.h	file	2029	6a90866048cb79d8974cf89cad056bb92e896ac65922cfdf2ba1bd9bdb89092d
runtime/dist-arm64ec-spike/include/wine/windows/mediaerr.h	file	1134	02d7daf220cae12c349beced322fda1a8b961fa7b5024f5dace7342c972f2070
runtime/dist-arm64ec-spike/include/wine/windows/mediaobj.h	file	37032	5d6ffb700d8c493356b8e7f3f93ce28882e5fc22649959c630fcb802cd200503
runtime/dist-arm64ec-spike/include/wine/windows/mediaobj.idl	file	7161	2084ec7f80914f248a1f1f00afac168171e41e6389e76a54ee6b21fe94042f10
runtime/dist-arm64ec-spike/include/wine/windows/medparam.h	file	11495	0dd6acef5733d92bff02631d8c7b3de678e45b76f6f09289ee5d3874f9496e8e
runtime/dist-arm64ec-spike/include/wine/windows/medparam.idl	file	2774	9efa0343057baa12f9ad1c97fe9a547e19f3d618965da2866a99abe30a701ec9
runtime/dist-arm64ec-spike/include/wine/windows/memoryapi.h	file	1783	a4429e4a8b3c47ae49543000493c4fe9a8d52a829a564c816935157a23703dc7
runtime/dist-arm64ec-spike/include/wine/windows/metahost.h	file	29743	2c5f5604e1e28f711de97506849200baed19fde3eed38c4168a17010f8c92189
runtime/dist-arm64ec-spike/include/wine/windows/metahost.idl	file	6060	823ad3701edbf51e4cb69bb7eaeac3fdf7b91b9ad179b3dd006480ccc2f02a25
runtime/dist-arm64ec-spike/include/wine/windows/mfapi.h	file	50292	3cd770a119ebdd3bca0700aff37d8f18a3ce21eaf8e769b9dafcc81dc7f2a252
runtime/dist-arm64ec-spike/include/wine/windows/mfd3d12.h	file	11147	2b402b113a93a6209f1733d3679a2b97fd003c0829e9994395d3626fcfa3e28e
runtime/dist-arm64ec-spike/include/wine/windows/mfd3d12.idl	file	3380	de5d3937fa9540c986e912b9106c3653476bcbb3309bfc60fa5448700296af72
runtime/dist-arm64ec-spike/include/wine/windows/mferror.h	file	31281	d79cd0cee2b107518fd097ccb45cf58b165136c9470c700498471743bed5f9b3
runtime/dist-arm64ec-spike/include/wine/windows/mfidl.h	file	407512	4311db9e71027f8e77c359be87eb9d2065538256568f1772aef1444a026fcb06
runtime/dist-arm64ec-spike/include/wine/windows/mfidl.idl	file	64493	7388c5faff666a9ff48af5b8d34ec87ace419456d121766e817027c78c89051e
runtime/dist-arm64ec-spike/include/wine/windows/mfmediaengine.h	file	92675	3e0628fa52f6f42b5aa8cfbec0a47286a26eccab7db5640aea62b43592dd8312
runtime/dist-arm64ec-spike/include/wine/windows/mfmediaengine.idl	file	16979	ac3b0e66bcf4375774e15b78f2b0b9a0d3b9b47155083e874a173d4e474719eb
runtime/dist-arm64ec-spike/include/wine/windows/mfobjects.h	file	213781	84954dd42ecc736fd4b62000c82a087dfa673f859acead2ecfa1121b8de990d5
runtime/dist-arm64ec-spike/include/wine/windows/mfobjects.idl	file	29363	40077a367b7b0e9d79bffce9799996b3f39d24237fcbaeeef8701dfe727a4b25
runtime/dist-arm64ec-spike/include/wine/windows/mfplay.h	file	40064	05ba518b43a0f3f2ea47e8dc994bdcf3fca966abcd139b5aba9fdd8dcb0b09ef
runtime/dist-arm64ec-spike/include/wine/windows/mfplay.idl	file	11010	982c0e995db9779a315b779b44e06e242c06ea55409d27e19f77df9c96490a24
runtime/dist-arm64ec-spike/include/wine/windows/mfreadwrite.h	file	65785	664323244b2fd1dc7ceaf0f2a11a364bb4c07be9f3e078aad1198aa2fda36882
runtime/dist-arm64ec-spike/include/wine/windows/mfreadwrite.idl	file	12964	76b4b9be29a262aea16a19952668b20bbaaa62a41e1457995f0e87b606a69c50
runtime/dist-arm64ec-spike/include/wine/windows/mftransform.h	file	23884	7e05883cea03a9d25b1b786dc1e3c6feb61d82743b9002d307fcdaf3785e53d8
runtime/dist-arm64ec-spike/include/wine/windows/mftransform.idl	file	12528	c31211e9bdb0071cabf065e283b626961df952c2892885f3b9103ed41d021d4f
runtime/dist-arm64ec-spike/include/wine/windows/mgmtapi.h	file	881	71d3872598d4987f83d68a5bd3c3e2f07462e31a5aae5205b01aad757d0dd564
runtime/dist-arm64ec-spike/include/wine/windows/midles.h	file	4481	2f3e071847bc4f068a824f57b1b606caa1bcbec3d4568142164cb7cb85f94606
runtime/dist-arm64ec-spike/include/wine/windows/mimeinfo.h	file	3403	e271eb9a21a1b8425bee7d4fc3752b0af4110af609c85e06539f2a446eaa7556
runtime/dist-arm64ec-spike/include/wine/windows/mimeinfo.idl	file	1216	30b609ffa0fc2c72443002bb55287d0295abf92a08d90b2be2cc3a3010831b2f
runtime/dist-arm64ec-spike/include/wine/windows/mimeole.h	file	201578	77ac31d6031949976590bbd486c310a50507108b0403a3fd799e458da237b594
runtime/dist-arm64ec-spike/include/wine/windows/mimeole.idl	file	57602	32d44be1725a4f0b6f8dda1712d85f54bedd7a6dbb6fb72b51228fd99232f112
runtime/dist-arm64ec-spike/include/wine/windows/minidumpapiset.h	file	28848	b05183bdc9b12529cf3f69b6a0b18418a3f6c3f218648875a9524bf7d9b2651c
runtime/dist-arm64ec-spike/include/wine/windows/minmax.h	file	1009	9fa156d20d6262a1ef1f8112b6bf8306f392a2b68617bb2ffc7c6ccc12bfd8eb
runtime/dist-arm64ec-spike/include/wine/windows/minschannel.h	file	1925	4a276d99d9c0c4e6bc2eb90010d60c36da044cf8b0d269b608c65e16293e00c4
runtime/dist-arm64ec-spike/include/wine/windows/minwinbase.h	file	10296	78db50f7ac00a1714eef8ad79e249f687b8ff11d7c31845d27b333a15b151135
runtime/dist-arm64ec-spike/include/wine/windows/minwindef.h	file	8415	66f19cc0dc70a528c9f6c7e64d45cdcf08d898f028120382f031eff1488c74c6
runtime/dist-arm64ec-spike/include/wine/windows/mlang.h	file	111098	4e212ab9c77edf1332aeef7f95fc02680826ff5d1da5b9efaa482e571951b29f
runtime/dist-arm64ec-spike/include/wine/windows/mlang.idl	file	20755	9a348fa6a2e66dddc592cab24e2842d533c63b414fa75efdaa2a7036af3c4773
runtime/dist-arm64ec-spike/include/wine/windows/mmc.h	file	4439	845b976e0b14caf6be8951e00fb4a9ba9ade92fe83ca7b19607049f2c37bd52b
runtime/dist-arm64ec-spike/include/wine/windows/mmc.idl	file	1526	95f76d6a2636b919b82f6b725e95ca83c217b60adef1ad9be52a0cb4af87a011
runtime/dist-arm64ec-spike/include/wine/windows/mmddk.h	file	17287	886ead5b83e39b618facd6783784d52a2456a34331b1084c78d9ace9e9d76dc9
runtime/dist-arm64ec-spike/include/wine/windows/mmdeviceapi.h	file	35929	4e7288c18787d4d10246158eaa587a235a47c4757431bd628c593679574afc4e
runtime/dist-arm64ec-spike/include/wine/windows/mmdeviceapi.idl	file	8267	8c58cfee835a98817e86d7a8a18fd8d1dd111d074b062a27a86ccbc11085e2c0
runtime/dist-arm64ec-spike/include/wine/windows/mmreg.h	file	29979	9ef37f677a440ed65cd8b388795755113ca86e27a1433e9c58670f95548cacdb
runtime/dist-arm64ec-spike/include/wine/windows/mmstream.h	file	20671	43fb260805805a8f4fc4ee8f328138ac7e170dec170c49cda6f5d457b056183d
runtime/dist-arm64ec-spike/include/wine/windows/mmstream.idl	file	5282	e5e405bb80e2134f0e3367faeffac351d4874efab5431407134f23fb57ba1f63
runtime/dist-arm64ec-spike/include/wine/windows/mmsystem.h	file	95486	a9c26fa84b8cd1e1f507c9950046183e2b803ebaa8d8cc9fb5b673067616165f
runtime/dist-arm64ec-spike/include/wine/windows/mpeg2bits.h	file	1673	9297e9d0a59ebb3b67d2c07c1597eafba40d141b029d867acf2c7affa2cd3163
runtime/dist-arm64ec-spike/include/wine/windows/mpeg2data.h	file	25076	c81a6cd0c7e69fecd4723a6b9819d518cdca775e40aa2bd0c9055bcf297bdd78
runtime/dist-arm64ec-spike/include/wine/windows/mpeg2data.idl	file	6597	19bc624968e6976a87918d37165523b89d6aba5c3df7292e927364b1b4737f1b
runtime/dist-arm64ec-spike/include/wine/windows/mpeg2structs.h	file	8242	952016a86193867eaf8f90e52cfb074de4bdfa2ad7b4f262577e8195ccf74f11
runtime/dist-arm64ec-spike/include/wine/windows/mpeg2structs.idl	file	6272	863e306a9125a1c966f4bf28bbb80d950bbb4fb0725c494c7dd0c31aa9596e68
runtime/dist-arm64ec-spike/include/wine/windows/mpegtype.h	file	9869	5bab8f70524c2d2c9b798e3b0c9d115898dedc132f3d5f8c69b309a2e9669cc8
runtime/dist-arm64ec-spike/include/wine/windows/mpegtype.idl	file	2046	3174f66840a5514b608163fd499052d63a63e319ab2085a28a0bbe3300fbf9e3
runtime/dist-arm64ec-spike/include/wine/windows/mprapi.h	file	1373	9bd87775bac850de6dcd8d87ff0155625e4bec062a61336114017b5b8fbe4acf
runtime/dist-arm64ec-spike/include/wine/windows/mprerror.h	file	3371	a83596987909437c0fc17064764b46845e17ed67f1e3e661df710a2c3874a043
runtime/dist-arm64ec-spike/include/wine/windows/msacm.h	file	25105	7e3fb1f6aa2f9851d143cc8321e920c112bf6a98c50b98e73be040eae8aaa595
runtime/dist-arm64ec-spike/include/wine/windows/msacmdlg.h	file	1490	9a8113056f48d0c6fad8856dc3057cece246cb3c7351a21a1f3efd2bfedc58f7
runtime/dist-arm64ec-spike/include/wine/windows/msacmdrv.h	file	4708	baa29a48f4ffefd7eb93a5d03eae21806416bf76fd3448d509b4769dbfa0ce84
runtime/dist-arm64ec-spike/include/wine/windows/msado15_backcompat.h	file	392708	76d2c1412c3728bee195e4d7577c6da7eeb63ac10134122b4b59f405b825eb50
runtime/dist-arm64ec-spike/include/wine/windows/msado15_backcompat.idl	file	52251	2879f835ec319dd7af3026aad074af7c916eba1dd87b71b12677429144706fa7
runtime/dist-arm64ec-spike/include/wine/windows/msasn1.h	file	11396	4266633a7db99db9b908c9a3cdeecc4a8d29b6ecdb8681c919661af077f2b335
runtime/dist-arm64ec-spike/include/wine/windows/mscat.h	file	6189	7cbc0a8ce3867858360e4aba1da579663c7c0f28139a1ebbb82476f6224bcb59
runtime/dist-arm64ec-spike/include/wine/windows/mscoree.h	file	46094	7da9e8f4434dd12831a06c5ab97a20a1559f0bb717eeb1385e4a35a67489deef
runtime/dist-arm64ec-spike/include/wine/windows/mscoree.idl	file	7489	038848874cbeb0587b111c7f69283873603e33ed544cecaac2ee328c642a0fc5
runtime/dist-arm64ec-spike/include/wine/windows/msctf.h	file	338328	8a61bdb03e09b550a7d39ab50d6e8b28558efebac945c9d27affa9a370771c38
runtime/dist-arm64ec-spike/include/wine/windows/msctf.idl	file	49917	f83db813ce480b9488c2c3664d21fe6a08ff4ec4568feacdf873fc78951dd75d
runtime/dist-arm64ec-spike/include/wine/windows/msdadc.h	file	9434	04bd4017707de124ccda4d027ef571ceb73c03547147b7152fa921e09b6dcec5
runtime/dist-arm64ec-spike/include/wine/windows/msdadc.idl	file	2950	47681868e69cd631feca6305a9ce91bd13fe84abad28a4df2433d0003b0a62d2
runtime/dist-arm64ec-spike/include/wine/windows/msdaguid.h	file	1340	ca69cfac0f8b7911a07b7a8ab53584ff95305c7f4599aef9e5269c7f6fc8828b
runtime/dist-arm64ec-spike/include/wine/windows/msdasc.h	file	23148	106ba1b1c8645680984c1983adf7d15b51b5a603d870fa3eda4ca74561e82477
runtime/dist-arm64ec-spike/include/wine/windows/msdasc.idl	file	5198	5a55e564b4c1c2a8417dd218cf348958bef985ee947e09119174d48730e52edd
runtime/dist-arm64ec-spike/include/wine/windows/msdasql.h	file	3734	f4b095fd8d646d05bee566b05d94bd41ecec2c886c4711ca53062f6314db8a59
runtime/dist-arm64ec-spike/include/wine/windows/msdelta.h	file	9063	1b034675417c2b1d6f4c4741cd618f905c5a40dac6b2ff283ab1310efd4bb7fc
runtime/dist-arm64ec-spike/include/wine/windows/mshtmcid.h	file	16806	8eda7502bfb704cddf9db22957ca6b3b3a6dde89ccdc0b2fa6bea4220af520a1
runtime/dist-arm64ec-spike/include/wine/windows/mshtmdid.h	file	321234	86f29d82f0cbd3b815ec98d1132ca6d93b408893bce7c4c60322e483a6595a37
runtime/dist-arm64ec-spike/include/wine/windows/mshtmhst.h	file	40999	062f7b66ecd43342d208f5300df23dc2f65a805c1150531802b16b3840466cf4
runtime/dist-arm64ec-spike/include/wine/windows/mshtmhst.idl	file	11309	3732c997bbd173539ef5568e4f74c2115300c04185f5d210d8f5641f0d18c1fe
runtime/dist-arm64ec-spike/include/wine/windows/mshtml.h	file	3277210	a2664a41809aadd6636945fd6139d78837ef587e32186f49894b4c3c0d2cb22d
runtime/dist-arm64ec-spike/include/wine/windows/mshtml.idl	file	1169881	fca7c09d8f28ce5738d6e4ba34adfe90207fc5ed9bc747e0e09dfce1913ee6f0
runtime/dist-arm64ec-spike/include/wine/windows/msi.h	file	34917	931faca7627d3fc112395c30ab88a9a561d075a7067f76ed84328fe8eed607cb
runtime/dist-arm64ec-spike/include/wine/windows/msidefs.h	file	9252	752e9d38d4b0875b84ef1509a81a4bc132555ce8d09e790e6f875c0c5a7d5598
runtime/dist-arm64ec-spike/include/wine/windows/msident.h	file	15554	a964252a09f7a65dd36976ec07b81a63de4b1a67d28b612f5b9f6765513674e4
runtime/dist-arm64ec-spike/include/wine/windows/msident.idl	file	3224	49f5685cddf13c692b31155d2a4334b83b85245ac6d22844a272a5fc84193a0a
runtime/dist-arm64ec-spike/include/wine/windows/msinkaut.h	file	219954	7ef64970bca1f6f6e157c08139ccca6608dbf4f619bb150c5bd27b9dac940e91
runtime/dist-arm64ec-spike/include/wine/windows/msinkaut.idl	file	37830	4886a8c01a686fd7ea7f275da784def605bf30d561194dc9f27c2d3a83f597fd
runtime/dist-arm64ec-spike/include/wine/windows/msiquery.h	file	13841	9647090bf644d33175981d2d8552ce57283dc2f693e829bec47df7e7905b59bb
runtime/dist-arm64ec-spike/include/wine/windows/msopc.h	file	69483	cb94654756f2eabb55e0e2165bd8568a077390cf2266c6d0a372d7d498351f33
runtime/dist-arm64ec-spike/include/wine/windows/msopc.idl	file	2285	b1f21a3e6669320ff10fad2252fdaaaad6d3b25551a1ab574144f48f9be43742
runtime/dist-arm64ec-spike/include/wine/windows/mssip.h	file	5601	d91f834924bae00b4af01789bbb6a6e31ab0b308c43b20c41f541789c0e09786
runtime/dist-arm64ec-spike/include/wine/windows/msstkppg.h	file	1198	5ff84851927db110246a6a5f809278bca07d71a5eee76e6e094cbadf0970f547
runtime/dist-arm64ec-spike/include/wine/windows/mstask.h	file	56207	6fd2caee71f68010132e3fb574d323eb78a83f6cd6cffee7bdf826f48c6a0293
runtime/dist-arm64ec-spike/include/wine/windows/mstask.idl	file	10465	710d5c2bd1dbdfc1e189ed2b2d5fcdc262c3e738c30c160c66eb4ea0d71899e2
runtime/dist-arm64ec-spike/include/wine/windows/mstcpip.h	file	3690	d02b2f88e66da7a562e8fb636f77a64aeaa1f2f0560863adcf142f679ca80500
runtime/dist-arm64ec-spike/include/wine/windows/mswsock.h	file	8770	6646ccc8ed0093cb00d4f6bfe124ce40e4ce0813ee48a9b71c74ae180c98338a
runtime/dist-arm64ec-spike/include/wine/windows/msxml.h	file	436256	290982c5bf85e961a351e604c58c97d5c7e1fd798258923edf6ee636fce06610
runtime/dist-arm64ec-spike/include/wine/windows/msxml.idl	file	9211	9e95d1d02da6a8b905223fe5cda374a346f4462a5e6b5ffa0790679565b3357f
runtime/dist-arm64ec-spike/include/wine/windows/msxml2.h	file	945858	c916528de5e692af38973cde0585b4c1432721e1c91ea32fb9b74b4dc399e63f
runtime/dist-arm64ec-spike/include/wine/windows/msxml2.idl	file	88879	781e4bcf49015008bbf0d880254592836464e1683c3a0bc6f1f956b09735e0a6
runtime/dist-arm64ec-spike/include/wine/windows/msxml2did.h	file	30308	519dfee68c67c482d3fcf2c01d227ada6d3820e5c95477a08a463c9242f63492
runtime/dist-arm64ec-spike/include/wine/windows/msxml6.h	file	939740	6e59015bb81df5f621d13b3f1a2b142d5f3c3b8af3a4352b58904cc314588928
runtime/dist-arm64ec-spike/include/wine/windows/msxml6.idl	file	85556	d5c784eb8269e531d5be0fff674311d5d425753e9c1e283d8530ea144d9a867c
runtime/dist-arm64ec-spike/include/wine/windows/msxml6did.h	file	901	6bf7a789fb609eeff17626ef33fcb717e18ea39d0e5e2eb1c3e06959fba2c2d3
runtime/dist-arm64ec-spike/include/wine/windows/msxmldid.h	file	2900	17576f0cce6ca4b8a9a08eea6784bfc346142a2115fa12d2e12eb585b0065176
runtime/dist-arm64ec-spike/include/wine/windows/mtxdm.h	file	988	183fc3ce1062fc8513673abb7ac17649d4ba803b97803505ba21c2a0a743642f
runtime/dist-arm64ec-spike/include/wine/windows/mulres.idl	file	1633	ff25b1da5f564958393c98d96d9782bd6235a3ec4b249a1f9a7dd4fa4234b22f
runtime/dist-arm64ec-spike/include/wine/windows/multimon.h	file	822	1ecb0aea95486ef7642c0891ca6ba08988a482b113c1185ba6f58c95d3820413
runtime/dist-arm64ec-spike/include/wine/windows/namespaceapi.h	file	1399	39a58febccb32db24f063408603f3cfcc2ad2378346565b00013fe90b7ac772d
runtime/dist-arm64ec-spike/include/wine/windows/natupnp.h	file	50660	1f268e1dfdd8da57dac1bf411bf8042d1b1caeb4ef074bef23fccd7e02cc7939
runtime/dist-arm64ec-spike/include/wine/windows/natupnp.idl	file	5781	87b255eb8a7286b3e3005016ab7d405695c79652501d958aca5118868f0a101a
runtime/dist-arm64ec-spike/include/wine/windows/nb30.h	file	5335	c1dff06582c90c5fe1cd8d74b0603396099b2265aedf656475160ec133b15824
runtime/dist-arm64ec-spike/include/wine/windows/ncrypt.h	file	6854	7c7a4ba6c604718e6465bd3eaee8453888b72056cc6c7ce29612d0d6f487d1d8
runtime/dist-arm64ec-spike/include/wine/windows/ndrtypes.h	file	10437	aaf7311f9125fb34de27728a923f1ab6ea8c43523eb41d86d78e936872d46415
runtime/dist-arm64ec-spike/include/wine/windows/netcfgx.h	file	23020	9db71b992f56c41cc88e5e758e085d8f1b25432e756d5a3c3d7f46897db9d5e8
runtime/dist-arm64ec-spike/include/wine/windows/netcfgx.idl	file	4526	1472620ccd4cb6b9207eab95a6daf1237b6cc7cf04991d38ac48ded8a1d8d08f
runtime/dist-arm64ec-spike/include/wine/windows/netcon.h	file	86794	98492253787855f8df1daad55c3aefd6f0dd45c7ce1ead0237659917aa326ebc
runtime/dist-arm64ec-spike/include/wine/windows/netcon.idl	file	10657	35a7c40937f66e1508c49bf00c2e67abba097b8e32d217dcc5f816be60524d8a
runtime/dist-arm64ec-spike/include/wine/windows/netevent.h	file	873	35755597fa54053023411f3038622431a0ebe811dfd1d957e2508325dd8cc3b6
runtime/dist-arm64ec-spike/include/wine/windows/netfw.h	file	217301	793405e521aa40f8dd0098c98537ad3637b13ba9bdd1aa9739338d789b31d922
runtime/dist-arm64ec-spike/include/wine/windows/netfw.idl	file	22030	203120fe8d45dc1580d7844058bc553463fa7da9598a06af6393b47ace79814d
runtime/dist-arm64ec-spike/include/wine/windows/netioapi.h	file	10518	b23f3cb6de6fbaaaa9b826086354445a710e384437f29810e5e87a43f8d3be77
runtime/dist-arm64ec-spike/include/wine/windows/netiodef.h	file	2984	b7c001706c7de2fa191dae1841b6efbb334ab1ab8affa92405efe8b9392014e0
runtime/dist-arm64ec-spike/include/wine/windows/netlistmgr.h	file	70984	d49097e4437857601fe753fd7d54871221aae15166275a3e8fc9980c9d5852c7
runtime/dist-arm64ec-spike/include/wine/windows/netlistmgr.idl	file	11291	703cb50eee9eb3e043c7e798fa1eaa28137f335c9313783e3cbad6234a4784bd
runtime/dist-arm64ec-spike/include/wine/windows/newdev.h	file	2275	21354083ac09967dbd53f2f4b6ab0da742fe99353c1bf0ed197dc66a01dd829a
runtime/dist-arm64ec-spike/include/wine/windows/nldef.h	file	3508	7a3c334d4e8cc408b6617f5f4963840eaf11deba0ea4c27428f8a8442f570115
runtime/dist-arm64ec-spike/include/wine/windows/npapi.h	file	7487	44f62665e2ab43e352f1e429c8c7866724551c51cf29b5dba4dfd3fc90c881f3
runtime/dist-arm64ec-spike/include/wine/windows/nserror.h	file	122273	74fc5830ce9379f508795dd68e9a3f5d333afc6dd5f984f46e1832d8aa77313e
runtime/dist-arm64ec-spike/include/wine/windows/nspapi.h	file	8094	c1f122f7447c3aba5eb30a156ccab752f396fbbddfbcc0a652a966dcdb28d4e7
runtime/dist-arm64ec-spike/include/wine/windows/ntddcdrm.h	file	7638	236f5534a2e3bae446856d2bbf9bfc3a25d2f6574171c3c6cf24dcf9b5046947
runtime/dist-arm64ec-spike/include/wine/windows/ntddkbd.h	file	945	07a0e017be599524bd9f81037c6293fcbe2d3308dbe6a22ecc8e51383b65c89c
runtime/dist-arm64ec-spike/include/wine/windows/ntddmou.h	file	956	7da912e3d12415ad683363d24e46ea41c1162a9f16b4b3149b2a2223d34763ac
runtime/dist-arm64ec-spike/include/wine/windows/ntddndis.h	file	11287	b14eec4ea7f7b83e8aff519fef3260373a555d41f851f47c914fe7aa2d591609
runtime/dist-arm64ec-spike/include/wine/windows/ntddscsi.h	file	4625	31c02f846dd052cc015c07bfce4b31d17d72558492c073751cf8992d6e715fb9
runtime/dist-arm64ec-spike/include/wine/windows/ntddstor.h	file	12785	34c780a8be992fd374f7b67ef54eef5d8cba527a699af366754094c0b210ab82
runtime/dist-arm64ec-spike/include/wine/windows/ntddvdeo.h	file	1199	536bb9d2539f5d79161da2067bef81081c715c3b9904d488f470844b70c4a4af
runtime/dist-arm64ec-spike/include/wine/windows/ntdef.h	file	2861	be317786bf5e92e141fd75142b1efaa3bf091a3100200c06ddae223ff271d8d3
runtime/dist-arm64ec-spike/include/wine/windows/ntdsapi.h	file	3746	7e64112aed1d79a5e0c131ac3a9c61d0ef2e9e386574e6b02efb274faff8c3e1
runtime/dist-arm64ec-spike/include/wine/windows/ntgdi.h	file	31723	73ca9aba53ad8e7c3feee947b1e35c35a914c6c859311d0e82afd622b017e9f4
runtime/dist-arm64ec-spike/include/wine/windows/ntioring_x.h	file	1294	1bcb4297c909276718f58c731787a976959b403b0b27ba2d1c8244815d01427d
runtime/dist-arm64ec-spike/include/wine/windows/ntlsa.h	file	1120	5ae01fe89d8070afed966257b7131567999e3cf296d21840c442620faec54579
runtime/dist-arm64ec-spike/include/wine/windows/ntquery.h	file	1703	236e7330bdeef8af612d390db104ec380b7e2034baee528adfaf4f5f85987818
runtime/dist-arm64ec-spike/include/wine/windows/ntsecapi.h	file	24602	bb825d0eca3e22e7778d142ed88f2a4c10f1edea648a2471af19956f449717e4
runtime/dist-arm64ec-spike/include/wine/windows/ntsecpkg.h	file	22835	4c126626570b75029dd61ce0f8309cbde5734792f6b91d74bda3fc9701ca8efa
runtime/dist-arm64ec-spike/include/wine/windows/ntstatus.h	file	233302	8ddfee6d855a7f570b465a377edf8b47a781932a0243705dd7ddc34178a78ca4
runtime/dist-arm64ec-spike/include/wine/windows/ntuser.h	file	64016	2c4ec5c490f6039a60cbe318ed6bd71a07452a84633c9a4ecb5a70359b09c6f0
runtime/dist-arm64ec-spike/include/wine/windows/oaidl.h	file	180729	ef977fc818d2e521a6b80004f8fce771d357519cd015f6765b67e50ea63795d4
runtime/dist-arm64ec-spike/include/wine/windows/oaidl.idl	file	37825	13f32c2c120f1c94f5a656004cbb430a8c5ac2e3dbbfc8a75e88a745e42cde41
runtime/dist-arm64ec-spike/include/wine/windows/objbase.h	file	26036	4fb0fd358bf4c03ce9e9dc4427c6a3b3fd551e9c4060ff0db22d5aec6b8c5ed2
runtime/dist-arm64ec-spike/include/wine/windows/objectarray.h	file	8467	84751154e769765ad1e35df5affa1eabb767bfb2011b5debd86a48fce8bed9db
runtime/dist-arm64ec-spike/include/wine/windows/objectarray.idl	file	1430	07523da3d4b49021e0fdebaef1d2a0320fbf87a654c7579983a33edd50d6f428
runtime/dist-arm64ec-spike/include/wine/windows/objidl.h	file	383465	b151020e25c9b8d969f4cd4b1dedc65f05a35b26e39441faf02b8a2e9b4b31f1
runtime/dist-arm64ec-spike/include/wine/windows/objidl.idl	file	30667	232addf4e83e2026f62f2a9e982772a72ea46154c55f602d6fe87568559cff30
runtime/dist-arm64ec-spike/include/wine/windows/objidlbase.h	file	198430	c2ae6d1d97edd5b79664fccf70535b9bd0a8eb2c8e4ea3a8d1066a9ae694a882
runtime/dist-arm64ec-spike/include/wine/windows/objidlbase.idl	file	26040	85469d911b3a7fc41a184265fecc218c456a0af946b4b9470721986fd5190a4c
runtime/dist-arm64ec-spike/include/wine/windows/objsafe.h	file	4723	4d556a59d895a75cc6f0793fc2c3635137573febb39238770a20e7ff78faec8f
runtime/dist-arm64ec-spike/include/wine/windows/objsafe.idl	file	1706	229ac077334997192c8bd689fee97c8b7131e3a24356570788fbae663f289428
runtime/dist-arm64ec-spike/include/wine/windows/objsel.h	file	6375	6ad3e7b6e710ac7cf8acf5e246e6240b6d5c0377935f153dc7da98049fee538d
runtime/dist-arm64ec-spike/include/wine/windows/ocidl.h	file	222429	f72cc2931c63598a23c8955ff42a3cab3da38ccd9c29f646a8a9446dda439087
runtime/dist-arm64ec-spike/include/wine/windows/ocidl.idl	file	33237	6343569470a0158351c887dd086622b38b794da7982ec3cb06f55b83db3aa3ce
runtime/dist-arm64ec-spike/include/wine/windows/ocmm.h	file	11322	3f2978047cd56b05eb45f2ab8163a3bae6b131f541d38c0dfb6f01c935c5d406
runtime/dist-arm64ec-spike/include/wine/windows/ocmm.idl	file	2090	2115db2b18408eb7ff76b3abecad57f31607f46737b359ba3d1f7268e2ffaa44
runtime/dist-arm64ec-spike/include/wine/windows/odbcinst.h	file	5573	f3017f02977bf195245a16e4ec3ef0380ce6023c3fc640a97794816c03e3b529
runtime/dist-arm64ec-spike/include/wine/windows/ole2.h	file	9997	ed358a4cbf802c4353fa926b34d28396e6a9f8a50bc5547ef5a95353b150825f
runtime/dist-arm64ec-spike/include/wine/windows/ole2ver.h	file	1358	09fd253f422d5a168df85ceb17183ff9dd95d7ebcfe66977bcdd1d90c484b940
runtime/dist-arm64ec-spike/include/wine/windows/oleacc.h	file	48231	6a67e67bd5b31ae1d72151f4bd4d4ac4a5643b8127108d7bfed2a63bb7147fd5
runtime/dist-arm64ec-spike/include/wine/windows/oleacc.idl	file	17644	29405942c664cf0580e30ea7aa935ba8a33d57ad86802ae98af88bdcd7d8342f
runtime/dist-arm64ec-spike/include/wine/windows/oleauto.h	file	36588	58c0e26dd6eb169f689744d8ded7d896586dd53d51a1b06d628ec8375f1b8041
runtime/dist-arm64ec-spike/include/wine/windows/olectl.h	file	17198	d1d405c7ec0d40fd8740e91d00f0587e57f26185d0739c4ac8c6409f8d267498
runtime/dist-arm64ec-spike/include/wine/windows/oledb.h	file	349192	73d6359bb1fe47136cd2ec3f771432d9e24e98d7745aa1562bd5f37d92744331
runtime/dist-arm64ec-spike/include/wine/windows/oledb.idl	file	2652	37e9534fb27d89a4b45aa95c572305beaf8faf3390834854733eda0ad2b807fb
runtime/dist-arm64ec-spike/include/wine/windows/oledberr.h	file	4852	6b8781db999f5fc5bc560419c2d4f0b8248342986959b50258367b08ce9330b6
runtime/dist-arm64ec-spike/include/wine/windows/oledlg.h	file	38935	7f07311aba5e34e89171a7eba8944138d92b576a07e1748cd893904a6f2fc585
runtime/dist-arm64ec-spike/include/wine/windows/oleidl.h	file	132555	6b98f2b8ebbb95b3d0ab87e25fdb0b5fdc5f5c380658bc5f7dcda36da6b76dcd
runtime/dist-arm64ec-spike/include/wine/windows/oleidl.idl	file	23082	965430472da443a0bd8eddb08c6ac86fbf17753bdd8d363fc9cd4bcbf6aa4769
runtime/dist-arm64ec-spike/include/wine/windows/opcbase.idl	file	2449	4194bbdf77b376f605cac2266f780e9561ca58057d42c070fc36063f52597c3b
runtime/dist-arm64ec-spike/include/wine/windows/opcobjectmodel.idl	file	5106	e53a2a784d7e1741f0f4b097961dff459ce4ac10110958c4d3cb92d7d0d5d118
runtime/dist-arm64ec-spike/include/wine/windows/opcparturi.idl	file	1761	47540e0988063e3507d83c2ab5f10be98184cf3820282f0e69b36351f99a194d
runtime/dist-arm64ec-spike/include/wine/windows/opnrst.idl	file	2031	307f21933a819be08844f9d0794f0a4f734225cd2774c8de5fc9df2a9788d7e7
runtime/dist-arm64ec-spike/include/wine/windows/optary.h	file	7448	f31d749f8e9153c94adaf95df4cd22b4d196089f18eb33b6d5fef4b2f030483b
runtime/dist-arm64ec-spike/include/wine/windows/optary.idl	file	1970	be0b6943bcf21d8f466a700ecdb5460141fb2129a6911511af9ee70c88bb3ae8
runtime/dist-arm64ec-spike/include/wine/windows/patchapi.h	file	5413	1aee066156f154d3607842af1803f485060f5ef47fd627904aa9ff5c0ad91580
runtime/dist-arm64ec-spike/include/wine/windows/pathcch.h	file	3266	e425721c5a25ac2aaec24440f7ed29f2104e1c97b2593d4cbe8d6e52f5f2d85b
runtime/dist-arm64ec-spike/include/wine/windows/pdh.h	file	9174	474d9d48466e4abe76b04ec726842ae172ca4a3843e2f56837ed7203edf7e103
runtime/dist-arm64ec-spike/include/wine/windows/pdhmsg.h	file	5277	e5ce3057584b40fc04f2998188c8e131689eee8d69f3dbeee9c6ecc67c2a6ac0
runtime/dist-arm64ec-spike/include/wine/windows/perflib.h	file	4603	797f7dbdbae1a179ac12c0b6549264446c4fe6ab8b1f5e8655b6650e853e9b35
runtime/dist-arm64ec-spike/include/wine/windows/perhist.h	file	5316	34309c0da76ab46da53514b0223329615d0a8a11fe8aaffff74623c3ba0accf2
runtime/dist-arm64ec-spike/include/wine/windows/perhist.idl	file	1263	7ae66f3ca6116848dd8bffa1eee35e97de7d8f66bedc7618ca484fc27866910d
runtime/dist-arm64ec-spike/include/wine/windows/physicalmonitorenumerationapi.h	file	1258	4f35bb1fca796b8323f4f753bff1378bb2e7e932e5af8b1a9382ea43fc5a6db3
runtime/dist-arm64ec-spike/include/wine/windows/pktdef.h	file	7283	27caca1b08f2f67d02075d339101efb7aa27eafcac452fba44f15d8f615519b1
runtime/dist-arm64ec-spike/include/wine/windows/poppack.h	file	859	285423e5462dd02d17068a77fb296b3fa422b769622d0ff64a301d36240156fd
runtime/dist-arm64ec-spike/include/wine/windows/powersetting.h	file	1457	58d725ef3cdbd25837ee313ea58793ea4404f154396662bc0622451e2ebdab77
runtime/dist-arm64ec-spike/include/wine/windows/powrprof.h	file	6301	80491807ea32ff4022621315dea76681a02c70e3b0f689ae42d99d118a5a1040
runtime/dist-arm64ec-spike/include/wine/windows/prntvpt.h	file	2040	035766852b72f1a01b9ac0c343d10eb4111551ec84c8b3fdedb3a99b9d2499d2
runtime/dist-arm64ec-spike/include/wine/windows/processthreadsapi.h	file	2135	9c5bb91133c85413b49d977c9946a47391c9b85120b3df31a57e4457bb48fb25
runtime/dist-arm64ec-spike/include/wine/windows/profinfo.h	file	1430	b2b891771dc15f4f6e53f515a0300ada2155b53f3a77557fead8a8de7d27f846
runtime/dist-arm64ec-spike/include/wine/windows/proofofpossessioncookieinfo.h	file	6217	6949f37f79d03fc82184a8fdaa467a38dcac36abfc33c468791fbddd32c20d9d
runtime/dist-arm64ec-spike/include/wine/windows/proofofpossessioncookieinfo.idl	file	2165	de63e63d08c704f3e91f5aa72db6480c3a3b1f6fdff32bf96a0b2db2a1a274c2
runtime/dist-arm64ec-spike/include/wine/windows/propidl.h	file	32832	20076210205ed495c31c29502b391b2506800a06742bcb7d994a8d2fb4795a16
runtime/dist-arm64ec-spike/include/wine/windows/propidl.idl	file	16267	e5ee4fa33cb299e296a369b39b1f179cf5f37868efec27f03afcbfb9557e0a80
runtime/dist-arm64ec-spike/include/wine/windows/propkey.h	file	127560	2b1b8f46802073c8fc266ee522cd1d62e1912655c7039511b6cc5b3ab860bcea
runtime/dist-arm64ec-spike/include/wine/windows/propkeydef.h	file	2287	7117793320b5411015dda218f3f408daa761d6821a59a381ae135e4e725aeb16
runtime/dist-arm64ec-spike/include/wine/windows/propsys.h	file	167280	ca5f804fd50b2d7292d8a3fc6e5070f02f3cb91a6107564f78412019117e3088
runtime/dist-arm64ec-spike/include/wine/windows/propsys.idl	file	20825	847a014788a30cbfabb587e295b5b5275771e39b542e5273246a152259a0124c
runtime/dist-arm64ec-spike/include/wine/windows/propvarutil.h	file	8334	cd19a1da71433d65d21e6fd97377de7311fa24bf04b34914df3573d7727a40a1
runtime/dist-arm64ec-spike/include/wine/windows/prsht.h	file	20630	a0162a5e009259dc73a85b3f5e231c5efb56555cd747f003eed7727b1254b6b7
runtime/dist-arm64ec-spike/include/wine/windows/psapi.h	file	7378	fea6b7fbe887d56ef1f98fd3819c0f4c18198a825e602ce6b6a2efb5e5732b88
runtime/dist-arm64ec-spike/include/wine/windows/pshpack1.h	file	862	bdb7e9386545dcbcad4ac8539afd571a04139e058a388886a4475fac9e74cf75
runtime/dist-arm64ec-spike/include/wine/windows/pshpack2.h	file	862	1ee1429c5e2c3203f8bdac21f352b762dece96b59f1b605c70c99b10c8fae4df
runtime/dist-arm64ec-spike/include/wine/windows/pshpack4.h	file	862	abd789f6a83d84464873b76c60144bfee7dbb72cc3730baf5af29d4841bf90ef
runtime/dist-arm64ec-spike/include/wine/windows/pshpack8.h	file	862	68ec04b85610682e3b141d5dc9807b42a6ccc419835f5adcdf9b83b91ef384dd
runtime/dist-arm64ec-spike/include/wine/windows/pstore.h	file	27349	37f8f8a556b567058e3a00daec0efa577e6cdcaace7ddb490f87b7472dd489c1
runtime/dist-arm64ec-spike/include/wine/windows/pstore.idl	file	7101	0bfb5e66a3f5ed8ddd139734759ad252f76c7ffdae6d1ac2c68245b45f6ee19c
runtime/dist-arm64ec-spike/include/wine/windows/qedit.h	file	96639	e968312a72f02b4fbe26999ad27cfe5ae7ad62dd2bf8d67d17a4b71b746a58f9
runtime/dist-arm64ec-spike/include/wine/windows/qedit.idl	file	14183	748ef0a0cd4808bd7e4a5c469bdb5c82fa709a440daa5648cb5badd8e0e40984
runtime/dist-arm64ec-spike/include/wine/windows/qos2.h	file	4133	379ddcf37d859f19d9f6ccce46948c00458d2c85cf2ff869748fdb1bac0b1160
runtime/dist-arm64ec-spike/include/wine/windows/ras.h	file	18692	9a06e958a36523b27808c6d5b2128fd4616c0a3a71cca8a79923b068dce15390
runtime/dist-arm64ec-spike/include/wine/windows/rasdlg.h	file	1132	6838fa0d0e75e55b6438987828b8381402cd60088c4e9d271848e7c7127ca440
runtime/dist-arm64ec-spike/include/wine/windows/raserror.h	file	17740	4c9bf06a8b8ddde27749d8a0d589bf04196d1cf41b23144172442075bbbff7b8
runtime/dist-arm64ec-spike/include/wine/windows/realtimeapiset.h	file	1765	05caaf4f29236f207647463f044a411193f465eba061e77a28a0ad248bcd6b4d
runtime/dist-arm64ec-spike/include/wine/windows/reason.h	file	3685	564b311b138648990356355eaa9fee6f580c32d8a2f76fb27b6a33c9f54f380a
runtime/dist-arm64ec-spike/include/wine/windows/regstr.h	file	2340	fdf77352a68d6af4d9209f4d0abb3a2a6ccfb2415192b195ba8741803d61d141
runtime/dist-arm64ec-spike/include/wine/windows/relogger.h	file	21854	9a04f6c331acf598965cc8c354f990c7bb6f9d24023c57513b4a31d56a4fd633
runtime/dist-arm64ec-spike/include/wine/windows/relogger.idl	file	5203	e89f3e4a9caf63e9d1a6d6f08d1908ac280d3886bef637920d0a54b4769cf991
runtime/dist-arm64ec-spike/include/wine/windows/restartmanager.h	file	2265	fbe9b7581abaaf1c40cffff2dc6602b41849a6fa726769cd79118631090b9755
runtime/dist-arm64ec-spike/include/wine/windows/restrictederrorinfo.h	file	4552	abfa13089135811314c2e6766c824aad7398a0bd8012bc12e9b02b6668f9c344
runtime/dist-arm64ec-spike/include/wine/windows/restrictederrorinfo.idl	file	1138	27faf1f675b8774bac86bc0207517fff1aa92e9b10878f1ef47eb03ac0e1296e
runtime/dist-arm64ec-spike/include/wine/windows/richedit.h	file	34806	868a8ab78694e7b046595b8326e520bcf4aac98b4c0f14537ae3efcdc616d0af
runtime/dist-arm64ec-spike/include/wine/windows/richole.h	file	22845	e583ffdb58be2087fe99180b2f48f85d6943c2154981fc3471b729948b412573
runtime/dist-arm64ec-spike/include/wine/windows/richole.idl	file	5531	55f0197bd0725bbe2886f9a37b39756a68bb7310ea13146bb2e6d5500bfe416d
runtime/dist-arm64ec-spike/include/wine/windows/rmxfguid.h	file	7314	11e89d982cdd73c64d8399ceca03e7e42fc65b4bb54a3732c5bedde07c743e61
runtime/dist-arm64ec-spike/include/wine/windows/rmxftmpl.h	file	20514	7aec6c8a180d9b96585e238dc6c7b58b8fd35a2a390cf4c4abb95bfe9300f3e2
runtime/dist-arm64ec-spike/include/wine/windows/rmxftmpl.x	file	5045	81b3892f104dec6bf70500d8694aac823f8f4a9ce04941119c97b38597487d71
runtime/dist-arm64ec-spike/include/wine/windows/roapi.h	file	1638	8068e642eb7a8918635b96b30ee79c8cf4538cd7fd3ab369e50b00a172c80052
runtime/dist-arm64ec-spike/include/wine/windows/robuffer.h	file	6261	0caabe83c3004ff368051550e9955ded11584801933b70ccb376b2f483d993a0
runtime/dist-arm64ec-spike/include/wine/windows/robuffer.idl	file	1129	f3d58b3e90bac1b5be92bd282972f403fa459c900c70ecbbc8f0e546f1cc6a4c
runtime/dist-arm64ec-spike/include/wine/windows/roerrorapi.h	file	1798	89283c06a4e3c2071c57576ff828c9cd7b0c8c9d050416ad3bf39dd2ca7b143e
runtime/dist-arm64ec-spike/include/wine/windows/rometadata.h	file	941	cb355fd5303d71ad8b74d3565786a335569fbaf57318650eb89e56878f9e3a9c
runtime/dist-arm64ec-spike/include/wine/windows/rometadataapi.h	file	66572	d563d88bd086de63811858c1178d4dd9a04f8e2dd7636c81a1370a262d88d68e
runtime/dist-arm64ec-spike/include/wine/windows/rometadataapi.idl	file	17478	45520bf470b178e000e84deb3bb653203e01c083da6acbc5f64d235c8dfc2f78
runtime/dist-arm64ec-spike/include/wine/windows/rometadataresolution.h	file	1189	26800bb5179e1b9e00a512f141e7426e5e07cb4f55402672fd00c404b65d1f11
runtime/dist-arm64ec-spike/include/wine/windows/roparameterizediid.h	file	10367	5d5510a2425c77557d2dec14c62c5b8c0dfad9c280d78dc970ccac87bac635bd
runtime/dist-arm64ec-spike/include/wine/windows/roparameterizediid.idl	file	2190	ada6f25845c3ae45a50840f73a2e9078ae517baa49079e03e67fd1052da02a70
runtime/dist-arm64ec-spike/include/wine/windows/row.idl	file	1756	4535874db9b4ff5662693d6fed05d7f17dc0280b9e4bcd12837ae95decc10cd7
runtime/dist-arm64ec-spike/include/wine/windows/rowchg.idl	file	1136	3e5c54009584706901de4dfef47f7bb68272ad03c1c8fd1d70f4974627e2c6c4
runtime/dist-arm64ec-spike/include/wine/windows/rowpos.idl	file	2648	a50f49ce8e91689d4686398165d01ad36f988c6f6b6d5b68e51bdb374f8081f6
runtime/dist-arm64ec-spike/include/wine/windows/rowpsc.idl	file	1421	ae60c04385de454f64c901d5137bf8a4fcbee63076b7f426e305900b0f42aa75
runtime/dist-arm64ec-spike/include/wine/windows/rpc.h	file	2193	65ce0c3e8a3d73bddf99264b07aee76c684da3f23c4c5fae7b6e5072d73fca6b
runtime/dist-arm64ec-spike/include/wine/windows/rpcasync.h	file	5977	6dc23f8b81a5ef60f50a2823f1010f8a3d6ab7c3b6f3baa8a44180ccddcae640
runtime/dist-arm64ec-spike/include/wine/windows/rpcdce.h	file	24022	57f6ef60a383d7fc3c7898debd5949e79ca57ba3d36b881654ae441b51020080
runtime/dist-arm64ec-spike/include/wine/windows/rpcdcep.h	file	7501	2fd6e74b0aba10b9e86f5da635fcd658cbf307fb826588aa9ed7fcf83c8185f4
runtime/dist-arm64ec-spike/include/wine/windows/rpcndr.h	file	27739	e605b6285bd0ceb2ae6e84ec85a4b7d9f1347a41565a665160f7beecaef26cf5
runtime/dist-arm64ec-spike/include/wine/windows/rpcnterr.h	file	2138	30cb6a5a5e7d833a9ca858a3e72a7124cf6df8265b6931c3f85842fbac665f92
runtime/dist-arm64ec-spike/include/wine/windows/rpcproxy.h	file	13082	6c374590aaf9793af4bb0599c23c9ee40ce6f7ad397364b767a53410f8c4c55e
runtime/dist-arm64ec-spike/include/wine/windows/rpcsal.h	file	6649	559f5863edcb4e7eee4bdcf7fdee6d5bf9eec998800facd973c15ed2357dcc3f
runtime/dist-arm64ec-spike/include/wine/windows/rstbas.idl	file	2032	27b1b972dba2a6ae7f83e1099c230418732ca7527fa9daa5625dd5dbf9d58292
runtime/dist-arm64ec-spike/include/wine/windows/rstchg.idl	file	1330	16e5dd8e4609ef11eebb08bb7128e64d28ccc2171de9141497bf7978a0833858
runtime/dist-arm64ec-spike/include/wine/windows/rstcridx.idl	file	1061	58480f3c0384c09300315c1d0d922d10ee1260d78339c4b67a78f3d0383b6802
runtime/dist-arm64ec-spike/include/wine/windows/rstfnd.idl	file	1350	ba6dd93c9148f77d78d2821c8628b559b8e9ecd48cc6c2771e3d069e8740c7b4
runtime/dist-arm64ec-spike/include/wine/windows/rstidn.idl	file	1182	0735895f2a6d7cf3b9898983e576bf061658112c3a2fd4ff4e9f26ff05fb5852
runtime/dist-arm64ec-spike/include/wine/windows/rstind.idl	file	2614	e57a9c7a5115fa65f216b9825d37e02dd67a57922ea02b54d72d1a4ad96ca107
runtime/dist-arm64ec-spike/include/wine/windows/rstinf.idl	file	2811	7eeec94d09cc26b9069c9b8f603a118228e531802d8ac3f79406e29cd579bcd1
runtime/dist-arm64ec-spike/include/wine/windows/rstloc.idl	file	2718	e726b1f7efb0f455ed69b5884c7d78c3a8c5330b9350d2d2592f060c17f13405
runtime/dist-arm64ec-spike/include/wine/windows/rstnot.idl	file	2893	99606b37b6bb83ac90a51926f8795f0c826130e4e0859dfd2cff32f0af69569b
runtime/dist-arm64ec-spike/include/wine/windows/rstscr.idl	file	1445	b6e1616123c9b5006e334abb924cd87c23fd76b285e96af5b340c71eb7592935
runtime/dist-arm64ec-spike/include/wine/windows/rstupd.idl	file	2305	bea829ab0464fa697896a3d567d0e015776c65c427aa1a7088854a941f26813b
runtime/dist-arm64ec-spike/include/wine/windows/rstvw.idl	file	1805	d1807fe41eaf4c6a4e56fc10070ca8d934f839a68c12bbf5384e170a63bb39c4
runtime/dist-arm64ec-spike/include/wine/windows/rstxsc.idl	file	1188	bdd348b792fafd807b82848d280b67a85c609b1b5ecf417264117d8b638c3e4e
runtime/dist-arm64ec-spike/include/wine/windows/rtlsupportapi.h	file	3538	d024f0d84444a24a3d5a9708f2fb07cf7f287944a0cd84e8a4d471f1820f52e5
runtime/dist-arm64ec-spike/include/wine/windows/rtutils.h	file	1524	c35352ad89ba83f924f21746bccfba091992e6270f15a8fe5eb7c5ada2b9b1d0
runtime/dist-arm64ec-spike/include/wine/windows/rtworkq.h	file	15254	2899b798c6ce868d2d357204d595743adfc2b81ed44575bc64f80a63ebe2d83f
runtime/dist-arm64ec-spike/include/wine/windows/rtworkq.idl	file	5918	5c1c13ec4ea4ac12f3898b8337e240d9ea870e2c696ca689f00de13bda22aa51
runtime/dist-arm64ec-spike/include/wine/windows/sal.h	file	13749	7c1a79de3b5da2e2f8ea2178ed504275f94b6f4d96212e54b8136a63fe546ef7
runtime/dist-arm64ec-spike/include/wine/windows/sapi.h	file	577759	122d5bd6b0af7d26ea2aca2c1871109b65d8b00c69f10dc39c465934986d33a7
runtime/dist-arm64ec-spike/include/wine/windows/sapi.idl	file	40105	c37f43ac3f451d116f28249112c0ed4c407355d7a5bb1e04dbc360fc2f1731b5
runtime/dist-arm64ec-spike/include/wine/windows/sapiaut.idl	file	62605	d92bcfb2d8216de64319d93040d73e397db205ecc1e13176a3158de6809deae0
runtime/dist-arm64ec-spike/include/wine/windows/sapiddk.h	file	20682	7ae029ae16b78abf6b105f404b8cf8c7a0def1f75b263db713fda037d27cecb7
runtime/dist-arm64ec-spike/include/wine/windows/sapiddk.idl	file	4258	18b0a3fa536a5e85fe94b6d8d95075f7d7c6c3424f0ee00028574a09fcb1a90a
runtime/dist-arm64ec-spike/include/wine/windows/scarderr.h	file	6275	4691bd6fff6b3786e83f95729917c79bbb173ec0f26a04f0fc97e69fd9ef038e
runtime/dist-arm64ec-spike/include/wine/windows/schannel.h	file	13156	ca7798e99bb1cb7266b6bd4a9e3e6b3768673436b9b004ee9c0b0e7d1a0d1b49
runtime/dist-arm64ec-spike/include/wine/windows/schemadef.h	file	1869	2c0f88bbf6378105e4a8be27cc8af36580f4b5408413fc49de6871c829511b5e
runtime/dist-arm64ec-spike/include/wine/windows/schnlsp.h	file	885	af7013a54c51c20a501e150fb0a1ba26ee9ee520814ddfe02ac84b71f868783a
runtime/dist-arm64ec-spike/include/wine/windows/sddl.h	file	3875	9923ffae4ddc7b79daa6fc0cd02f5ac6decf66efa85cc0b52c9fc4bf93f9516e
runtime/dist-arm64ec-spike/include/wine/windows/sdkddkver.h	file	3594	d91e14fc5ce23eac30d20557bb41516c85147aef339d9092e308946fa3bedf6c
runtime/dist-arm64ec-spike/include/wine/windows/secext.h	file	1980	95a27c8188ea9439f52fd03898a14e9539b88a15b2bf0ce83451a23e516d4403
runtime/dist-arm64ec-spike/include/wine/windows/security.h	file	1224	5b66dd398c2c3092f8fbb91e0432766de2174c3036314f9ae8b8e3dc74cd846a
runtime/dist-arm64ec-spike/include/wine/windows/sensapi.h	file	1430	e25eeca9c27cff54073cb662312d29e389751820669530871c77caa972a13c46
runtime/dist-arm64ec-spike/include/wine/windows/sensevts.h	file	28883	02fbccf589feaa6f8d709cadd0cb04e80ff74a9cd670c2bbe057eed97e4834e2
runtime/dist-arm64ec-spike/include/wine/windows/sensevts.idl	file	3648	f77233d6f5532ce1f0f1e8b7b098faaf5002edd39c1946b12b4ada50f0987bb5
runtime/dist-arm64ec-spike/include/wine/windows/servprov.h	file	4234	4090b6eff737046598ed18074336522add7f350cb639ed175ec9cfd6e9da89cf
runtime/dist-arm64ec-spike/include/wine/windows/servprov.idl	file	1460	26e8abfa88a406fe2ec5361fd2175b0273b7c4220779d2115268bb7bad00407b
runtime/dist-arm64ec-spike/include/wine/windows/sesprp.idl	file	2248	2a58a57227d0b4ee58f20124c609f88a852f4ec14912bda5735b7c687f47d7ca
runtime/dist-arm64ec-spike/include/wine/windows/setupapi.h	file	99276	9353b5d96c2fed6531465c04fac3a540a9a5cdd58f846a96601b42bc98e75e55
runtime/dist-arm64ec-spike/include/wine/windows/sfc.h	file	1355	f2fbb9ecc551437faf41b47ab0de747ea0e9899c65d01e633fb19457b328aa0c
runtime/dist-arm64ec-spike/include/wine/windows/shcore.h	file	1050	fdcaa99e2b06d387baf99f5be4faf112d54dd789b09e6567274360844b0c462f
runtime/dist-arm64ec-spike/include/wine/windows/shdeprecated.h	file	85184	5fec00ed3eb9126a5011583a6ff94e3e9357c1bab9eed07955721e60700b3438
runtime/dist-arm64ec-spike/include/wine/windows/shdeprecated.idl	file	15328	4b54aeca3e6959bf0cf29b7cbf14df466c0d81ec3d6654e2cd90364bf91a3259
runtime/dist-arm64ec-spike/include/wine/windows/shdispid.h	file	1098	1a20617183c27e0ed4b9091c4716ca45870f5d9b1e4af747a9408afbaa37785d
runtime/dist-arm64ec-spike/include/wine/windows/shellapi.h	file	22982	d376bd96b8d00e1a9ce4c2c8041e9fb81ff33191a051efcba08c05a2dfcb2a2b
runtime/dist-arm64ec-spike/include/wine/windows/shellscalingapi.h	file	1787	b02d9349260d38844ef0339e7d5342015d61f7144d14c584d92e26b1e12d8627
runtime/dist-arm64ec-spike/include/wine/windows/sherrors.h	file	9380	0824bef208641baa86b2b2605eeff3efe86833579db07ffa0e4fc45b5a66f125
runtime/dist-arm64ec-spike/include/wine/windows/shimgdata.h	file	23123	ee11f649502265bac8222a8d15b7878ba35d6dc98f71265218cb1c69dea1f4cb
runtime/dist-arm64ec-spike/include/wine/windows/shimgdata.idl	file	3415	8369542b9e87d7349d83dae12e2b89f9bb530e16db992065cf7e9ccd554633f8
runtime/dist-arm64ec-spike/include/wine/windows/shldisp.h	file	272200	0cf2e617ee732087f9c301674d62297203f8a8d9dc3fc554ba8b59819d96db90
runtime/dist-arm64ec-spike/include/wine/windows/shldisp.idl	file	20394	5658bf805d1c376436fa5eefe3ec5f884025b54e171571ef317dcb999915e471
runtime/dist-arm64ec-spike/include/wine/windows/shlguid.h	file	16154	869a9fdc3f58402326d1f8c24437eed21aa9fbad1eb96f3bfb1a83d78c8548c0
runtime/dist-arm64ec-spike/include/wine/windows/shlobj.h	file	73986	466e1fc34e6e0ecf2ff7c804fc36f3ac3f6f23eaf65afb9dab3c6e91ed294fb9
runtime/dist-arm64ec-spike/include/wine/windows/shlwapi.h	file	47620	41b1854ab7b8ecf183008a545fb3b7b472eaacf3fdefce1e61fb96851f1b301d
runtime/dist-arm64ec-spike/include/wine/windows/shobjidl.h	file	646130	876af1a52657a29a90d9c1688d10755dcc50dca401e9e77aac17e3bf5d273049
runtime/dist-arm64ec-spike/include/wine/windows/shobjidl.idl	file	115798	ef7f5d60c30c663979c5ac808803ea16a2df18d81bb5a1937550685a3a2f66f5
runtime/dist-arm64ec-spike/include/wine/windows/shobjidl_core.h	file	4407	eb63ed4c3e1323f1caec7ef10f03d6ab2ef5393f35c1ae161b42ef6cb5abee18
runtime/dist-arm64ec-spike/include/wine/windows/shobjidl_core.idl	file	2256	b42a3adb7be21aa543bf5dda7feed6efe34fad0d92a594c32a838fc7ae16bfe3
runtime/dist-arm64ec-spike/include/wine/windows/shtypes.h	file	5526	f81008d303492dd311b5dddbbe724659310230ba87804cd6d45ae0f99e3d55ac
runtime/dist-arm64ec-spike/include/wine/windows/shtypes.idl	file	6281	ddec51559bebbbe672670eff12cccdf5c5772e5fa5b73459727d86b1b5c7a7f0
runtime/dist-arm64ec-spike/include/wine/windows/sipbase.h	file	888	621a4d76181d45ce820e6d9d037418989935004713b30ba634e97ec0b90d57d5
runtime/dist-arm64ec-spike/include/wine/windows/slerror.h	file	1068	2dc3a95cc2d01034e8fd6856731a0335ff34de341ecbe14268d694f47851b2b6
runtime/dist-arm64ec-spike/include/wine/windows/slpublic.h	file	2074	3f231a75ed53abba7c13c144b209d60e62b07f78065fcc91c426cffe90e35b68
runtime/dist-arm64ec-spike/include/wine/windows/snmp.h	file	11022	5cbb89b735a983aac974f267714a791f060007bd7c2f6126a0c1ce2cc0caeee9
runtime/dist-arm64ec-spike/include/wine/windows/socketapi.h	file	985	402d4888b100e8d09626f3e93d1e27b992543c0b537187ca0eb7a1665bf5c789
runtime/dist-arm64ec-spike/include/wine/windows/softpub.h	file	8109	c5943f7243db689ca6808f86b1a4cdb45ccaf5585e4c6a63e5d1cfb5bc9d24bc
runtime/dist-arm64ec-spike/include/wine/windows/spatialaudioclient.h	file	39611	d3c961fc9bf8fb214fc1e551ba00c0a9c6ad406f99072faf406589cb8cf5a755
runtime/dist-arm64ec-spike/include/wine/windows/spatialaudioclient.idl	file	6603	635a0d2a01ece5d8735cfb2909008d368a0989cd935affc28f1c40334190870c
runtime/dist-arm64ec-spike/include/wine/windows/specstrings.h	file	10648	b25b566cdfa752238f2984482056f69333e79c010bdca518415b5ed462ce4e98
runtime/dist-arm64ec-spike/include/wine/windows/specstrings_strict.h	file	1154	56aa58588c445aec9a5b8eda89042393219eae3f55809b991ea6fbca656a33c7
runtime/dist-arm64ec-spike/include/wine/windows/sperror.h	file	9071	2f532316f669f79780ad31176f6c9dbe3e0b1cda164c4a8a9747e78581626911
runtime/dist-arm64ec-spike/include/wine/windows/sql.h	file	26000	c81705dcd7e3909c2057f48a6d7485276b0dfe5ee1df1881acdffc7e850a0445
runtime/dist-arm64ec-spike/include/wine/windows/sqlext.h	file	68486	cc4a438c002fb8358434140bdb922d59a030343c8eba15e664d231774a86a60b
runtime/dist-arm64ec-spike/include/wine/windows/sqltypes.h	file	5602	251f18f7fed63d20e60da27e37366585027193c877cd751a83d566d83c04a829
runtime/dist-arm64ec-spike/include/wine/windows/sqlucode.h	file	5667	c6f88bdfea784d3cacd500b1af49e319e27335ae9c47e90690bb1279b68a887f
runtime/dist-arm64ec-spike/include/wine/windows/srcrst.idl	file	1829	0041d92318d987e8d034ebf2bb2e63e30950119ea73c1cf35370f26c429a6d7b
runtime/dist-arm64ec-spike/include/wine/windows/srrestoreptapi.h	file	2229	e1288b34fa7628c1776a7c5201e03faeba9b86edce936580ab5453dafc29816b
runtime/dist-arm64ec-spike/include/wine/windows/sspi.h	file	36120	67f72588c87a72851e096d2b1919fde2945151e22c426debfe726a76defe2f26
runtime/dist-arm64ec-spike/include/wine/windows/stgprop.h	file	1821	728f8ecaa29f30155cd2e4d6773ba69a5feff40b384f4c694f915c776bcd5581
runtime/dist-arm64ec-spike/include/wine/windows/sti.h	file	8546	c1726f97d2a42450c597bc1c32ae9152da73793e7c592258f194b8b0cfe05206
runtime/dist-arm64ec-spike/include/wine/windows/storage.h	file	936	1a2570d0004c0516c016e442fe664af589e098c709b7630cec129293557eee5e
runtime/dist-arm64ec-spike/include/wine/windows/strmif.h	file	570321	42bf748f823e6620c0a191999a7208fcc997da9424713d973b2be2ee1f9c0dad
runtime/dist-arm64ec-spike/include/wine/windows/strmif.idl	file	966	1ab8fdb2a6a85adab4cb9060da9f60657de2227b2ab86674e45706aedf2c8f0c
runtime/dist-arm64ec-spike/include/wine/windows/strongname.h	file	1545	42ed2ae6a803fe3ef8a90e7e226f6a0059f7613b2261650d3f9972bf74db2262
runtime/dist-arm64ec-spike/include/wine/windows/strsafe.h	file	1159	c5fdb574c198da397bdee7d11ca59ec36783680711d2060886a1f90d9fc868bb
runtime/dist-arm64ec-spike/include/wine/windows/structuredquerycondition.h	file	1418	c31e8fcde9c18a1ef01e742870de7f26e7486bf781d5f8bc5973b2a0415ddddd
runtime/dist-arm64ec-spike/include/wine/windows/structuredquerycondition.idl	file	1464	0e7ae0b5a2fd2000a55451c60acd2395e783e16702826fcfdf5447a4491058bd
runtime/dist-arm64ec-spike/include/wine/windows/svrapi.h	file	1391	ea74590a4ccb914b6cdb69c9ed713b112ccaa9b0a8edcd4671ec3b15269d986e
runtime/dist-arm64ec-spike/include/wine/windows/synchapi.h	file	1587	d9831d2d7c63ff126985118be04d864bc7d48726098cc001ac4e825255e652ba
runtime/dist-arm64ec-spike/include/wine/windows/sysinfoapi.h	file	4848	04c4bef6b173cc2529a3399b50571b23684baf81206b6227ad9f47d53d6d64c9
runtime/dist-arm64ec-spike/include/wine/windows/systemmediatransportcontrolsinterop.h	file	6091	d1b4e2fafbdcb95a776c79490db8cc4152992cf69c6ddc18560c3b3823e3ca06
runtime/dist-arm64ec-spike/include/wine/windows/systemmediatransportcontrolsinterop.idl	file	1046	c2671308a75d715780f8ec4ef00ca97b1b5fa628fd308894832dd842cf459325
runtime/dist-arm64ec-spike/include/wine/windows/t2embapi.h	file	2837	8fbe9b796b24b9be5f754f77a3e64ac3af2fab75f0ecd6884dd485b2d85eac48
runtime/dist-arm64ec-spike/include/wine/windows/tapi.h	file	40863	83050bab66799821af3bc0eab199848a901688bb6b0b80132824390a3e9f6c76
runtime/dist-arm64ec-spike/include/wine/windows/taskschd.h	file	321879	4c6793e733eca38f8848658120866e0b809cd39a6d2ef4292e7fb37ee76adba2
runtime/dist-arm64ec-spike/include/wine/windows/taskschd.idl	file	24909	35fb673bde3e675360eac068ab24afe7bea7c301e2e29d15a2d561388c451ca8
runtime/dist-arm64ec-spike/include/wine/windows/tbs.h	file	1067	34a37b75149714428e12ad46acc8fc937d7d5c336f552dde612b27b08a8607b8
runtime/dist-arm64ec-spike/include/wine/windows/tchar.h	file	36214	6f79894e2467fb5147466fa307ecd18670cdb9f3acb02ab29e265a4e7807e0cb
runtime/dist-arm64ec-spike/include/wine/windows/tcpestats.h	file	1244	7a14731940e75e7408b925d82ffa1e90e3ffc06de6b5710f64da2e09476f5672
runtime/dist-arm64ec-spike/include/wine/windows/tcpmib.h	file	5993	34fe01e498c4d5c681c91959be8a5c0e10a564a54ccfadf26e676ae34d9ea848
runtime/dist-arm64ec-spike/include/wine/windows/tdh.h	file	1372	bce81b1d2c9ccf306a471018dac8390a811c3fba5d12b0327b0efe9df1a682f7
runtime/dist-arm64ec-spike/include/wine/windows/textserv.h	file	14711	0c00c19afcc7b8f79c97b5eb84325f0ec2c6b8d4e9c6b81701d16e2d5adc7f2c
runtime/dist-arm64ec-spike/include/wine/windows/textstor.h	file	32015	d05ba5860e340155e9808484cd7b9ad5d1c6fd7522b63c88ffd096bdaaa5f375
runtime/dist-arm64ec-spike/include/wine/windows/textstor.idl	file	10425	0b2da692830feaf87dc50b572b68b419e4615e1f2ccf438fc0b9edbbfffe77f8
runtime/dist-arm64ec-spike/include/wine/windows/threadpoolapiset.h	file	4190	9a3f3aa53cb6551894cc844582cafe661b12d9e1d926824751b1c1908825f4a0
runtime/dist-arm64ec-spike/include/wine/windows/thumbcache.h	file	23577	e01ba0f178ba8bb65642917104280997af3a1ddba5b7524d06aba53f4d92b580
runtime/dist-arm64ec-spike/include/wine/windows/thumbcache.idl	file	5995	441181f41a5e940fc5f1cf8416cb8485f09b190bd2a996004ec74ee106bd31dd
runtime/dist-arm64ec-spike/include/wine/windows/timezoneapi.h	file	2964	07b65bc491cdc86f553ac9f0b100156b3bdaba2278b726ceba782108aaf66e6b
runtime/dist-arm64ec-spike/include/wine/windows/tlhelp32.h	file	5013	0c0cccda7dde727c193a0c846521fc532f4242f10972cfd4a02263357642eca9
runtime/dist-arm64ec-spike/include/wine/windows/tlogstg.h	file	4901	4e7b8a51b837c672881466058127c2fcbec761f7eb5de30dc76204cf1807cdcf
runtime/dist-arm64ec-spike/include/wine/windows/tlogstg.idl	file	1556	a5999b9429cdf5372f090088eee9bf9ae38d1376e089afaa2da4621238927c42
runtime/dist-arm64ec-spike/include/wine/windows/tmschema.h	file	40016	a91cfbf78ff3b6199e35e6dc8b85fdb0f46db421f0d8c16edc51406aded10215
runtime/dist-arm64ec-spike/include/wine/windows/tom.h	file	292740	1ad983007246b543c6f15e45f84ad6046dcb2c381a86c1b1d5b13cb78ab46886
runtime/dist-arm64ec-spike/include/wine/windows/tom.idl	file	27749	473c6991350afdecf4c99a81942c4d10ce2e4a9012c0bb28d75c3567f954b847
runtime/dist-arm64ec-spike/include/wine/windows/tpcshrd.h	file	1281	27f3a883e085a76423de371653dc19bc89fa1991c96fb13a4d466691ec32fc13
runtime/dist-arm64ec-spike/include/wine/windows/traffic.h	file	1756	383da1469d8889fd75ee27aa8061045bca7a16dcbedbb4edeafa9d6bf35d2203
runtime/dist-arm64ec-spike/include/wine/windows/transact.h	file	32925	499ab5352ab8a3a3950aa156a106c2ad3f1e34b2732fb44e3ff90a69f303bc71
runtime/dist-arm64ec-spike/include/wine/windows/transact.idl	file	6481	04d249e81c9671bd6db7592d8961cde68d3203475545a2daa67c986c16cd4b93
runtime/dist-arm64ec-spike/include/wine/windows/trnjoi.idl	file	1538	0e1239571d627f28d1887f4d052d04fb10faae1ea2740f72d2aea44d53c4ed8d
runtime/dist-arm64ec-spike/include/wine/windows/trnlcl.idl	file	1527	3bd22bf74f7becff8cdf803028b5de0545c032718c5d64373e5652f707441866
runtime/dist-arm64ec-spike/include/wine/windows/trnobj.idl	file	1234	cc3a8b13dea2474090575481112d79ce65f1b7ac96f040d0bb4acf07dc33c53f
runtime/dist-arm64ec-spike/include/wine/windows/twain.h	file	77846	d3c0c66b015d9ff100c12f9271bf672d48c2ae47f828909f81a63d87b29f8b51
runtime/dist-arm64ec-spike/include/wine/windows/txcoord.h	file	71343	cce6f608d7cb509eeab40d3e85a0352b420372b1cbce1ae677104295c8b48829
runtime/dist-arm64ec-spike/include/wine/windows/txcoord.idl	file	6318	eab128192200d182d9a4d1470be87ad9eb9432867197a6c256859dea902931a8
runtime/dist-arm64ec-spike/include/wine/windows/txdtc.h	file	161760	9b18a4ade9bc21010003c69bc7fe8f0d3bfe60be96e9e2bf68c1e5e8c4a8208f
runtime/dist-arm64ec-spike/include/wine/windows/txdtc.idl	file	18235	dff7e9eb561b1274e93cd8eb8b3c7232521a9f84fae9ff56d385d391e5a7817d
runtime/dist-arm64ec-spike/include/wine/windows/udpmib.h	file	3660	ce2c989071c2ae643a8f162cf3a7719a29413f0cc639299a409a42bdb96ce491
runtime/dist-arm64ec-spike/include/wine/windows/uianimation.h	file	109900	3d37d51cf5ffcae7f66b9089676c165faba7d5657b119745ec80c0f76af8924e
runtime/dist-arm64ec-spike/include/wine/windows/uianimation.idl	file	16780	e85e0f6a282f1564b7f59075bbfe2f2f579f4c2e81a93ca44c29d2301c42ce0f
runtime/dist-arm64ec-spike/include/wine/windows/uiautomation.h	file	888	d4eff3af6251c734eceae765f00e8e5ae0a1ffd54386335e35b5e89c9bc69a38
runtime/dist-arm64ec-spike/include/wine/windows/uiautomationclient.h	file	1062001	97e28a402b2a81e3ec9a0b03079588aa17a81c0fcfd9458d332542c273f18c8c
runtime/dist-arm64ec-spike/include/wine/windows/uiautomationclient.idl	file	93487	3b990e3107724378b8290fae87aafb4104b4b1b115e57502bdea1c481aa03e3e
runtime/dist-arm64ec-spike/include/wine/windows/uiautomationcore.h	file	257557	586ce8425fe7efc2a3d2a16b604d265c62e823e80add360284d603e401b910fa
runtime/dist-arm64ec-spike/include/wine/windows/uiautomationcore.idl	file	40208	f8e9a524670d2c66c4df7abcfe2d33f4c74bddefb3fc292624124379e4515f6c
runtime/dist-arm64ec-spike/include/wine/windows/uiautomationcoreapi.h	file	45299	bef3c68a911731f5cebaef028290c05a544ca70d93d4bd0a1089e7a2bef92e8d
runtime/dist-arm64ec-spike/include/wine/windows/uiribbon.h	file	41591	9d46e3004370bef6ae33bae68bb4627441d96b5d79dfd504da5460a72382e9b7
runtime/dist-arm64ec-spike/include/wine/windows/uiribbon.idl	file	7008	12bffafba04952149ae3f578c5417c1df33fd1ae527c8d5561d11e8335e3f33e
runtime/dist-arm64ec-spike/include/wine/windows/uiviewsettingsinterop.h	file	5341	32c6c8742b0221c47969b7de856f0b0b2cb13684c438e740758afc259d276b7b
runtime/dist-arm64ec-spike/include/wine/windows/uiviewsettingsinterop.idl	file	1024	1a69519f741b081d7ac20d36db89b5d28a6d0b3afbb0bb1bf395c187308b041f
runtime/dist-arm64ec-spike/include/wine/windows/unexposeenums2managed.h	file	818	50d55475068bf3fa2696bac5358fde99f5e139cf0cf9f1da3b4c98e1c35933de
runtime/dist-arm64ec-spike/include/wine/windows/unknwn.h	file	8790	d7de4d74b9465cdd40bed13f2718307994690a36ed8fc59048b0f36b47146959
runtime/dist-arm64ec-spike/include/wine/windows/unknwn.idl	file	3960	43362d54e6c857527fc45fba2979a484690fa313c34814419e9f66555a0e797b
runtime/dist-arm64ec-spike/include/wine/windows/urlhist.h	file	19894	e8a7482be7a7f87679cc4483e15002bbbd064828b5ac95e23efe390fa5de4ed8
runtime/dist-arm64ec-spike/include/wine/windows/urlhist.idl	file	4015	df9c818447c76ea0d29c7d8a84ae662292246f8cc72737b32ceb53b5581beef8
runtime/dist-arm64ec-spike/include/wine/windows/urlmon.h	file	280501	e351ba4257ad3446e63e24f2be41bf2b36a32f99d3e542d907b5832fdf647174
runtime/dist-arm64ec-spike/include/wine/windows/urlmon.idl	file	75712	b575124672f394cffb666003a90cde0cc137acd36116c2daafe74f591509811e
runtime/dist-arm64ec-spike/include/wine/windows/userenv.h	file	4105	86d5053bddc18b8eae33496d05c94671e6dbf60fd66a559d3a3ff0b03cdbb27d
runtime/dist-arm64ec-spike/include/wine/windows/usp10.h	file	12536	b2651d7619df7cb0848fbf8904ee90b5e41571f98c01eac73d9b54d263322ada
runtime/dist-arm64ec-spike/include/wine/windows/uuids.h	file	54109	d89985c3c51c83d69379d8aec366ba9efe08296f6c5744f12a1341e9150f55a5
runtime/dist-arm64ec-spike/include/wine/windows/uxtheme.h	file	9944	eafa24c473333835249a7ea9d9d4ef069167c8bf991518ab9b10a63fd12a511d
runtime/dist-arm64ec-spike/include/wine/windows/vdmdbg.h	file	1401	4664ebea31e268b9d777c09775fbec9dc137fbcbd2e3bf28f75635f698f7e0dd
runtime/dist-arm64ec-spike/include/wine/windows/ver.h	file	1034	964ce6d98edbc8134da4180ddc79d76e9bbe739eeb23081039f74ec289c05e3a
runtime/dist-arm64ec-spike/include/wine/windows/verrsrc.h	file	6583	9f65715106cf02a4635a900be64971e1b442e91b1597132701f29d12038fbe0b
runtime/dist-arm64ec-spike/include/wine/windows/vfw.h	file	75222	ad3042f992aba2e90df826addbb39d6bbaa06bb3c1b5754a2440df4de4dbed5b
runtime/dist-arm64ec-spike/include/wine/windows/vfwmsgs.h	file	10612	84d3b5d660ff4f5b1d8f6e2cbda8662c47da7d2dfefb476e24d9f07220316c37
runtime/dist-arm64ec-spike/include/wine/windows/videoacc.h	file	17488	0f5a6092b5e0ac3179e3620ce1ed168ab628c2b78b36106319eba0c3509e9e65
runtime/dist-arm64ec-spike/include/wine/windows/videoacc.idl	file	3928	a6ea58d8b9acdae6e2175d8f0c75a2d9715309c9256c65c04cdde1fc0395f871
runtime/dist-arm64ec-spike/include/wine/windows/virtdisk.h	file	9296	29a62800d2a5bc3c334e5c0b13c1b30110d4846669b0edfe2450a8fee89d5033
runtime/dist-arm64ec-spike/include/wine/windows/vmr9.h	file	88056	03ff12072ec596a62850c4a521d1fb1931965d282af8237b7b72ff060382152e
runtime/dist-arm64ec-spike/include/wine/windows/vmr9.idl	file	15675	0f003be5054f3ad30ff352a67fff7dad38cb79b4661f812a176ab00deaf73e8b
runtime/dist-arm64ec-spike/include/wine/windows/vmrender.idl	file	14558	6d8abe0fb0f62d6a35d46e08cf95a847a96591d168c0fb273e6fd80f2f5e862f
runtime/dist-arm64ec-spike/include/wine/windows/vsbackup.h	file	34556	d07dab44f1d0709d745bd66d41559662aa6655294e7c217d0ee1a03810a2b768
runtime/dist-arm64ec-spike/include/wine/windows/vsbackup.idl	file	6087	7bb8efa37ed05d9ddde919c69575852757e4f673c4d94d4b9bea886c09e6b81c
runtime/dist-arm64ec-spike/include/wine/windows/vss.h	file	3590	44753af38413a6a5be3ec923749068b48b7247270f3ef77cc6ef5a4c2b2960b4
runtime/dist-arm64ec-spike/include/wine/windows/vss.idl	file	3526	ee09f45b7cf2618b115c57529227b5eccefeddd5910176a2bc6a6fc9dac28447
runtime/dist-arm64ec-spike/include/wine/windows/vsstyle.h	file	36978	102c42b7f183d790121215cfc2b131a552c2aa2436afd7a265bc14e2321aac58
runtime/dist-arm64ec-spike/include/wine/windows/vssym32.h	file	15595	03cbb5cdcf0b3c530979064f0efe4c65f1440f19ad3a76642c9bac9b278f5721
runtime/dist-arm64ec-spike/include/wine/windows/vswriter.h	file	1585	df49db4601f3089b2693ee7e432705cf658663a3ededd3cac9a7dcc306cfb567
runtime/dist-arm64ec-spike/include/wine/windows/vswriter.idl	file	1531	dfc4493ca5935e4717f85424cdb70676f6698be05f5c85b584177ab07d3d2909
runtime/dist-arm64ec-spike/include/wine/windows/vwchp.idl	file	1610	61ace9a11f87ec7e909421058b369cd0394016a1e17c3bb6e9a35749a6d55a04
runtime/dist-arm64ec-spike/include/wine/windows/vwflt.idl	file	1763	00d6325fe9a9a8cd5994cd6605a8ca7d75990c6d5cc44f242de9535dc4ad5a7a
runtime/dist-arm64ec-spike/include/wine/windows/wbemcli.h	file	124646	6edb66de86812bea89e704ee548c6a899f02b075eb515a271a12aea26226d080
runtime/dist-arm64ec-spike/include/wine/windows/wbemcli.idl	file	28568	f3a230221e86ac8729c3079bed8982549ac2ef9e09239e883b304023f456fd6c
runtime/dist-arm64ec-spike/include/wine/windows/wbemdisp.h	file	183555	b9025bc1d6df0a24590c8ab43ef5f07febf8924289b356f9165f4415b15e245c
runtime/dist-arm64ec-spike/include/wine/windows/wbemdisp.idl	file	39088	4acb9366bf840dee6dfbf414b7d62b48de37ccd656aec0183de4851e03cb1ed1
runtime/dist-arm64ec-spike/include/wine/windows/wbemprov.h	file	1756	9d29e2575896709216bd6a8b616e07921a07d35992a9b5bb75617c2ec7acc54b
runtime/dist-arm64ec-spike/include/wine/windows/wbemprov.idl	file	1005	aa78f32b3efea23e01e19bddc57fa7f876afa6c7a31bfd50bb087628498737f7
runtime/dist-arm64ec-spike/include/wine/windows/wct.h	file	3027	d0f43c7e77385a5e84ab610cbc3ee04f147de9a8d7a708fb95cadac1eb79f378
runtime/dist-arm64ec-spike/include/wine/windows/wdbgexts.h	file	2942	36a9c71388688779f88abc903323e3c4b18aa6fa6313263056079972f5213c85
runtime/dist-arm64ec-spike/include/wine/windows/weakreference.h	file	6177	b7c39e3beb927197ffcb7388652e4c11b781dc63bf0fb45616565e07494ee8b6
runtime/dist-arm64ec-spike/include/wine/windows/weakreference.idl	file	1244	688ff6759b49b6c2c37fb2fada868024d1357ce71023b33c3490abeaac73e72d
runtime/dist-arm64ec-spike/include/wine/windows/webservices.h	file	68716	d54961702c0cbf7dc3ad61e0a04218ebf651d83cae4d6e7d8186a138acb7f6a9
runtime/dist-arm64ec-spike/include/wine/windows/websocket.h	file	1790	22a9ac3eadd5b7298aa478d929bc35082bda18542a8abc05c7314e03fbd51c07
runtime/dist-arm64ec-spike/include/wine/windows/werapi.h	file	5853	9d44bd2432b13d03a17e165250b439d44bee6ace7ce89e8e9ff8577690b79283
runtime/dist-arm64ec-spike/include/wine/windows/wfext.h	file	4582	0036f2adea9a9088970e594507888af75d3342d622b2f10d69f0b1dc93b0e6ec
runtime/dist-arm64ec-spike/include/wine/windows/wia.h	file	976	f5d3bd04cdeef05bf1f297428f641ecce812031deb3df318dfd616e393e87106
runtime/dist-arm64ec-spike/include/wine/windows/wia_lh.h	file	64914	ad1a766fb2b70598c87c30e39e2c26928c122f2df3ea53f27b059dcc61c57d5d
runtime/dist-arm64ec-spike/include/wine/windows/wia_lh.idl	file	10795	529e7f83b8a8a3966930dce59ab23fc830eab17e556683942ca2f77e8fda4df8
runtime/dist-arm64ec-spike/include/wine/windows/wia_xp.h	file	23998	d9e0cc0d3c1d624d290263358edd74bfcdc4b315a69599b788f5908b6df2b227
runtime/dist-arm64ec-spike/include/wine/windows/wia_xp.idl	file	3995	da148c849f2abea202ddd39b82f189d7ce23764add29abc6a2b64644b055cd12
runtime/dist-arm64ec-spike/include/wine/windows/wiadef.h	file	1087	11b8bdfe0f219b87e81a42566b9a9118183294d7f98f75fccb9d6321770c52aa
runtime/dist-arm64ec-spike/include/wine/windows/wimgapi.h	file	1113	c8f8b30b10c373891bf9010e85b3bd613ee8754610f5b9cd3e4e3efa78ccfa90
runtime/dist-arm64ec-spike/include/wine/windows/winapifamily.h	file	2210	c870849e002bb620db892289639fcaee34a49b31bbb6bddb9f81f80f57a637d3
runtime/dist-arm64ec-spike/include/wine/windows/winbase.h	file	136184	6669a98373ab2305f1d567cc537255e27906581a690ddae2b052a1e8fe683496
runtime/dist-arm64ec-spike/include/wine/windows/winber.h	file	1716	c0303ff0ab74541751aa93f890caab5db36c0d09dfd2b972a0702ad07893dd66
runtime/dist-arm64ec-spike/include/wine/windows/wincodec.h	file	272527	2474fa049174da5dfe10370475dc4b753eeb3dd5f1c3ae86fe18916ffbe399c9
runtime/dist-arm64ec-spike/include/wine/windows/wincodec.idl	file	48981	750dbff87f82966bfb8b486729c640461573524cd75a6530a3e8c307da96b880
runtime/dist-arm64ec-spike/include/wine/windows/wincodecsdk.h	file	110591	487aedf240dea754451f03ae8a759b7aa1577b32f0e89da81faaaf7d8fc5a968
runtime/dist-arm64ec-spike/include/wine/windows/wincodecsdk.idl	file	23416	606cc3cb73f81457b351b29939a40f58a034eca87039dfdc7c7babd3f76356b1
runtime/dist-arm64ec-spike/include/wine/windows/wincon.h	file	11347	965da52f0afc1ba23ae05e61e2a0e5d8639aeb1a46f412a8cf0aaeddd0bd1dce
runtime/dist-arm64ec-spike/include/wine/windows/wincontypes.h	file	3750	2ea9852251026f225b139fae5b56e2a5a708a8336a72254b1cdda6a72faa353a
runtime/dist-arm64ec-spike/include/wine/windows/wincred.h	file	11545	ff2d7a9759b5fdfe0a5e8bc25cde36e372954f6751990e26f97398fa810426a6
runtime/dist-arm64ec-spike/include/wine/windows/wincrypt.h	file	205627	88f8e76c2f244c922faa761e6f31518041a28513a4a36723ea77617629cfa2b8
runtime/dist-arm64ec-spike/include/wine/windows/windef.h	file	4618	a7bf8e729f740c9bc7365d84fe54f609148d287344c9ffc1324b900d6117e1fe
runtime/dist-arm64ec-spike/include/wine/windows/windns.h	file	22654	27390c76c13be93e808f2ee14101415bdd5085c69c5ae02750e53e6016555403
runtime/dist-arm64ec-spike/include/wine/windows/windot11.h	file	1408	c24cde62a34879365ce4b6f6dc3385663e917d12dbb6fd04414631395d80d08e
runtime/dist-arm64ec-spike/include/wine/windows/windows.applicationmodel.activation.h	file	86150	209ffc47a5307341232429cfee13a007e5ddd1b8b68fc7fe2bdbdcb963380571
runtime/dist-arm64ec-spike/include/wine/windows/windows.applicationmodel.activation.idl	file	8511	039cb48f56cc67cbb9d740d63eb856816831a9e7161a19bd0da62c5306d6a22d
runtime/dist-arm64ec-spike/include/wine/windows/windows.applicationmodel.background.h	file	232865	33891308b5b7b8a65759c56601038dde6d3a091f57618040ae5c942f5d56e893
runtime/dist-arm64ec-spike/include/wine/windows/windows.applicationmodel.background.idl	file	13708	a7b53c7be530267c5cf36d12243c7004768f17804b197bbcee1d8a43b3c4d149
runtime/dist-arm64ec-spike/include/wine/windows/windows.applicationmodel.core.h	file	327022	f3d9c4dc2eaf95c8a7c0be8c5f1c7ab7e8d8a7579e75ba46a60a4e3ab57098a1
runtime/dist-arm64ec-spike/include/wine/windows/windows.applicationmodel.core.idl	file	20381	6bb0cf2264bd772ae5aab4a6498270d0e7182446b7b4f3503912c333c68ad703
runtime/dist-arm64ec-spike/include/wine/windows/windows.applicationmodel.datatransfer.dragdrop.core.h	file	120813	c990b25463fd2b0774eaa2c35116b9a7eb1587abc8d94419a80f87b55d3aa8bf
runtime/dist-arm64ec-spike/include/wine/windows/windows.applicationmodel.datatransfer.dragdrop.core.idl	file	8537	42e37ce3db0b7314160373d4011688045e6adc226a5f8c2ea15278d4ad092452
runtime/dist-arm64ec-spike/include/wine/windows/windows.applicationmodel.datatransfer.dragdrop.h	file	3128	99ff8207c2c4504fe53e09aaf278a4d1fb3ffb7cefcb57691481c6d25656d61c
runtime/dist-arm64ec-spike/include/wine/windows/windows.applicationmodel.datatransfer.dragdrop.idl	file	1397	8caee4ee198eadf7358220ce6d10bb8b65e1d7b0760417caf3703bd568c7edbd
runtime/dist-arm64ec-spike/include/wine/windows/windows.applicationmodel.datatransfer.h	file	875598	8723edb7ba05f50e541579af5bfd2bb9bb9a79bd5235477005718b9342c30a0a
runtime/dist-arm64ec-spike/include/wine/windows/windows.applicationmodel.datatransfer.idl	file	50397	1ab4ef0b2be537590fc397cf8b68c2d7babe56f8be4c538aa6fd165ae627f1dc
runtime/dist-arm64ec-spike/include/wine/windows/windows.applicationmodel.h	file	325118	c381519fb787f76fd4bf4e6c9cb536c6d31831920c2575ca98441d46c431635e
runtime/dist-arm64ec-spike/include/wine/windows/windows.applicationmodel.idl	file	18247	3ef6cace80564101d7843b2b97ab49c3cd31b8ff31eeb3e51405dc65d9e99f42
runtime/dist-arm64ec-spike/include/wine/windows/windows.data.json.h	file	145741	7b4b03f043c4f8fd103ff61258518ebfebd20e1109795196a358ff62a7ba68b9
runtime/dist-arm64ec-spike/include/wine/windows/windows.data.json.idl	file	7901	270892463255a85208b0e1d44e9cb03d23a8caef69efedcceafae703a5cc50d0
runtime/dist-arm64ec-spike/include/wine/windows/windows.data.xml.dom.h	file	333728	6379b21853d929d2567cdfd8caa37bd4c914d94e2882eafe1fc45f19868f3d18
runtime/dist-arm64ec-spike/include/wine/windows/windows.data.xml.dom.idl	file	29933	98c559f64636d567b35e0c2053b9de75d2be98cc691c324b80194d6cf24a23be
runtime/dist-arm64ec-spike/include/wine/windows/windows.devices.bluetooth.advertisement.h	file	535935	899c6545fa12ccd6c9e49a2de8f851b0ca729d8adb9df8a17da382ceba04e89f
runtime/dist-arm64ec-spike/include/wine/windows/windows.devices.bluetooth.advertisement.idl	file	25732	aa687ff221a79b32bf37d86ca1d4ea6272ab2f5d53f5dca9c2c0cf160057231b
runtime/dist-arm64ec-spike/include/wine/windows/windows.devices.bluetooth.genericattributeprofile.h	file	804714	01c7c29930faa2b2eeba9d4cf1350a8e25c0974c18f97e9fd624c9cee55ff5dd
runtime/dist-arm64ec-spike/include/wine/windows/windows.devices.bluetooth.genericattributeprofile.idl	file	43059	55c2737a1467af99c3f76326409dc36e216a2bb55ac973ddd66f71cd1917f0f4
runtime/dist-arm64ec-spike/include/wine/windows/windows.devices.bluetooth.h	file	285380	f7fc7bb52c3aded9a068590cc900ead43cd9ec28867410d537e6688855567b9f
runtime/dist-arm64ec-spike/include/wine/windows/windows.devices.bluetooth.idl	file	23316	6e1395efe06878ece0c83be9c48358ab7ee0345163346e49b8c9819f19600b5f
runtime/dist-arm64ec-spike/include/wine/windows/windows.devices.bluetooth.rfcomm.h	file	94490	ce2a2172692f3997af99352c1d5940e30b12465e4a8ddca036efdc1f278c85f1
runtime/dist-arm64ec-spike/include/wine/windows/windows.devices.bluetooth.rfcomm.idl	file	5833	16c1a3b3181638633cb37d3bb9b03ea1221214d475387bbd0f9f62a53417fadf
runtime/dist-arm64ec-spike/include/wine/windows/windows.devices.enumeration.h	file	279394	cffc8d60ca61fc95f6630407c17b1e54833d7594dbb573b7183edd763823e373
runtime/dist-arm64ec-spike/include/wine/windows/windows.devices.enumeration.idl	file	18719	4d987aa092c14b1eea6f65686ae750ce09f66c3029227715aed521ec2f267353
runtime/dist-arm64ec-spike/include/wine/windows/windows.devices.geolocation.h	file	118836	4d53e7bed0c1e33db2132e5c1b578999dcb894bb8928b8adb9d5ada20c6d844b
runtime/dist-arm64ec-spike/include/wine/windows/windows.devices.geolocation.idl	file	8998	8407430d5fdb9f696f96bc2384059eb4603a2e05e3c229f902d570affdfef9f5
runtime/dist-arm64ec-spike/include/wine/windows/windows.devices.haptics.h	file	94716	a2ce6f621e90048f22928d8ab1d6eac2d5df441c649a529909499dc2b362a1ed
runtime/dist-arm64ec-spike/include/wine/windows/windows.devices.haptics.idl	file	4401	8071eaa73b30ac7120b8a1d419602a920573532ff3c7eb6bf86ddc8e22580a5c
runtime/dist-arm64ec-spike/include/wine/windows/windows.devices.input.h	file	53157	ee5cb1a957f10c3aa4cf497d10075f8d5bf1b5fcb58e25709c53c4dbfde8fbb4
runtime/dist-arm64ec-spike/include/wine/windows/windows.devices.input.idl	file	4095	b1a35c93a739261ce545c1cd97f00dc1a04cd97558734f8500431b696deb2e11
runtime/dist-arm64ec-spike/include/wine/windows/windows.devices.power.h	file	13864	faba4189be27948f3cf0c6d3d7f2656e527ace5a346132b1cfd76bd4acb39d91
runtime/dist-arm64ec-spike/include/wine/windows/windows.devices.power.idl	file	2085	92bba764f5b2927bbab89d6c80d70d091e7b2e66bd089e083bcb51156168f92a
runtime/dist-arm64ec-spike/include/wine/windows/windows.devices.radios.h	file	107695	db91a6b99e40cbdb5595ab8a8b7b28590db1d903e831533c052e6b34b4123211
runtime/dist-arm64ec-spike/include/wine/windows/windows.devices.radios.idl	file	5027	f76b9b776fdb650b0fc87959728ee4c8115ec310136eb465bbfa4bf3080185c3
runtime/dist-arm64ec-spike/include/wine/windows/windows.devices.usb.h	file	447202	6911b742f00b130d8d4aa981728fc98079577bbc638a365d4705d52069c01218
runtime/dist-arm64ec-spike/include/wine/windows/windows.devices.usb.idl	file	28529	b2922fa190d64a0c7d551027efeda8fc59336d6b8ed9e87b24589d9e5b919356
runtime/dist-arm64ec-spike/include/wine/windows/windows.foundation.collections.h	file	33950	419948929f73f7a865381359ebe49762a41651e3a3f89ebe9cefaed4aeb2d9b1
runtime/dist-arm64ec-spike/include/wine/windows/windows.foundation.collections.idl	file	14010	7cd2143a393077a8f9039b63594abcc2056b17eb303fec3bff0fd082d5ac646b
runtime/dist-arm64ec-spike/include/wine/windows/windows.foundation.h	file	673673	c020e1b9004f39acbe45e07e7962663ab49384560eda915e487d0f5757951de9
runtime/dist-arm64ec-spike/include/wine/windows/windows.foundation.idl	file	29422	bec23ad6e027c7e31425aac56136885de92f3f31906202e0e0444f17b8a64810
runtime/dist-arm64ec-spike/include/wine/windows/windows.foundation.metadata.h	file	23280	6c63f40608162b7858250b7f317fe9d14d2979f8d67ba3fd9f80e10d1d0a5a69
runtime/dist-arm64ec-spike/include/wine/windows/windows.foundation.metadata.idl	file	3244	d8fe47d855ef2af854d15f390fa850f75a307b86cf4fa7e0fa74b4dfaed8dae0
runtime/dist-arm64ec-spike/include/wine/windows/windows.foundation.numerics.h	file	27235	90135dae7fc1868bd3978fce41bff3f10f4bc2a9f66460c499a38217c4c78cb2
runtime/dist-arm64ec-spike/include/wine/windows/windows.foundation.numerics.idl	file	2938	5b5b52a296e726cdd513b07b913a2523445653f0793883ae32e21a727073d918
runtime/dist-arm64ec-spike/include/wine/windows/windows.gaming.input.custom.h	file	111268	8aef8d792e5df72115babc3acbcd0de45a8c61bb31fa5d65ff4b2e1f3b9a8d19
runtime/dist-arm64ec-spike/include/wine/windows/windows.gaming.input.custom.idl	file	9182	6d0eaf71853c361a152a8baaad1398b3e3cfe17a4fddcbe7d4210f516585e117
runtime/dist-arm64ec-spike/include/wine/windows/windows.gaming.input.forcefeedback.h	file	186382	b40666f5396e98263378c7c35eeb011cb61cd6ac1131137c7ff89438b975cb75
runtime/dist-arm64ec-spike/include/wine/windows/windows.gaming.input.forcefeedback.idl	file	12847	a1a0dbb2468a818d8d5cb38fe7f2061f522211387eaa621f585bc901e1bf728c
runtime/dist-arm64ec-spike/include/wine/windows/windows.gaming.input.h	file	452769	b4df407cc2c395d749647397cb4c83425d6770983d86cc83d854f150581a84a8
runtime/dist-arm64ec-spike/include/wine/windows/windows.gaming.input.idl	file	29074	4027d96cc8a8bd6f49c5102e5723a28799f7725ad402ffd02d575394dcf2c381
runtime/dist-arm64ec-spike/include/wine/windows/windows.gaming.ui.h	file	13543	45dd256eb3f9d73d388e697344d97d52ef42631945ae7dda70741846a845443b
runtime/dist-arm64ec-spike/include/wine/windows/windows.gaming.ui.idl	file	2149	963096236ddaeff6e7ef8fb4a10fb6d22fd26649449da532d56bff09433ad13f
runtime/dist-arm64ec-spike/include/wine/windows/windows.globalization.h	file	263261	089874a58c45cea8904e4de94c4557d409b5c74835ee27166613aa8c4b8de45a
runtime/dist-arm64ec-spike/include/wine/windows/windows.globalization.idl	file	21864	cc14e8d1753d4f92bc1b4e5601869c2dba53ad5b0b3bcb500faf06b7f7c76697
runtime/dist-arm64ec-spike/include/wine/windows/windows.graphics.capture.h	file	163268	51cdfb428227c1fc31e5c6e631742fae2ebc598b63469c00f8a6e3b2003f787c
runtime/dist-arm64ec-spike/include/wine/windows/windows.graphics.capture.idl	file	11698	a8250fa312686437e73c8f1be00548048d1824d7a2cbee849b6ca810a6714c66
runtime/dist-arm64ec-spike/include/wine/windows/windows.graphics.capture.interop.h	file	5350	7f3ad8afba6597e4ea940ec9a046869eafde658736f7469e5aa28022fa194349
runtime/dist-arm64ec-spike/include/wine/windows/windows.graphics.capture.interop.idl	file	1237	29cffdad40c02192b9d0190cf4e7a887e4031e77dd8f40b52475761a13296e31
runtime/dist-arm64ec-spike/include/wine/windows/windows.graphics.directx.direct3d11.h	file	54445	4eca6050c0ac145d273cfb8bcc534c33ed5b8f746609cc99f446e09ff6b99a0f
runtime/dist-arm64ec-spike/include/wine/windows/windows.graphics.directx.direct3d11.idl	file	2780	e5c824d66060536f4a9bde9a14e63e098c340e476d55becb62139097d474b2fe
runtime/dist-arm64ec-spike/include/wine/windows/windows.graphics.directx.h	file	40520	eaeb65dfe085958bad50c9c0df166cf7eca69561adc67d7948cf112f000e3711
runtime/dist-arm64ec-spike/include/wine/windows/windows.graphics.directx.idl	file	7869	dd05b00737efa123be60401f420a0e43b2e1a780aeeabe7d4911db0a25b74811
runtime/dist-arm64ec-spike/include/wine/windows/windows.graphics.effects.h	file	16995	5e7c6480ae8f14ce91dcc8d094c21ac9ad3ac765573e08fec02240156ef9f122
runtime/dist-arm64ec-spike/include/wine/windows/windows.graphics.effects.idl	file	1631	3e740e6f94bc344917612bfc9f81c4fb76b2350a7f74d5b324adcbbc0ddef5a4
runtime/dist-arm64ec-spike/include/wine/windows/windows.graphics.h	file	38860	332b4a8dcfb64034b2cbe3af95273b0b7a9e0818ab041bb76f6981e040bf7e63
runtime/dist-arm64ec-spike/include/wine/windows/windows.graphics.holographic.h	file	208463	515000c010268bf3284f46e90ffda9a39ad50335a6d2a2d196f6aa9b0f1898fe
runtime/dist-arm64ec-spike/include/wine/windows/windows.graphics.holographic.idl	file	15242	b369813a5ac4b4cf15b387c92276998d7391a6e7c9325c2e21db2fd6187761f8
runtime/dist-arm64ec-spike/include/wine/windows/windows.graphics.idl	file	2601	a57c1473fc611ad6e1ce5c12cd50af5390a53b3d20d4dc3a7afac018205a5f27
runtime/dist-arm64ec-spike/include/wine/windows/windows.graphics.imaging.h	file	133791	3c61add2b9a13e6357c3cd94746f2a1daa24cc203a1af47ba4b7878806fc5cff
runtime/dist-arm64ec-spike/include/wine/windows/windows.graphics.imaging.idl	file	9988	b8702d4bf535c52eb86868dcd4901478b3b9532f422e6759ccc811c0799c9f9e
runtime/dist-arm64ec-spike/include/wine/windows/windows.h	file	2386	cf3346bbc1924cc0660500067ce053ddfbceb0613dc14c2a080b66c37df65a7b
runtime/dist-arm64ec-spike/include/wine/windows/windows.management.deployment.h	file	179807	c7e7d5803293fc07da05e766500705dce3f86b1b778a55384535dbba5b9edf2e
runtime/dist-arm64ec-spike/include/wine/windows/windows.management.deployment.idl	file	16851	b63aab6515ecbe26f9a07f5f50545cf259e24b176d68be3b828ac2d08090df10
runtime/dist-arm64ec-spike/include/wine/windows/windows.media.capture.h	file	4195	27cb912499527d2c5abc0af0f769b8e11184f40720940c9b490a5a7b3191d376
runtime/dist-arm64ec-spike/include/wine/windows/windows.media.capture.idl	file	1678	5a2ced32ab55af8053c60683a87195a3d48a118c5d3947f068e2e93bc1b1c797
runtime/dist-arm64ec-spike/include/wine/windows/windows.media.closedcaptioning.h	file	32572	ea591624ad18dde0a7bb5f44e85f76e7b5e5030de3337509648985fabd6f8d4e
runtime/dist-arm64ec-spike/include/wine/windows/windows.media.closedcaptioning.idl	file	4864	ff2f62d139ae5dc448c361f62c8f7d1cab8738c00bec0ae0929375a3a535a294
runtime/dist-arm64ec-spike/include/wine/windows/windows.media.core.h	file	7800	1e9243b0d60524cc67d5fdae6ffe65894fea10b76451e39ddcfe717715bfb74b
runtime/dist-arm64ec-spike/include/wine/windows/windows.media.core.idl	file	2014	62bfb46c8414c371bcfaa30fe5e911395d3f5010d511f63c258a9ff23f7c1ea7
runtime/dist-arm64ec-spike/include/wine/windows/windows.media.devices.h	file	50072	26abc92d40405bff681d97a0b9d6c52c6f8755f3b3c0caf34710217da3654a6f
runtime/dist-arm64ec-spike/include/wine/windows/windows.media.devices.idl	file	5123	6aa36521e1164b112d05dfde4556b8f795c9f8fb03042ad4cfb264b2c05057d3
runtime/dist-arm64ec-spike/include/wine/windows/windows.media.effects.h	file	107836	ec9ebc885c8da726c39c2cd78fc4beef61541cb8a89f6805c5cba64078d7f585
runtime/dist-arm64ec-spike/include/wine/windows/windows.media.effects.idl	file	8343	fe71f17dab4610cf536550dcb857300dab9de1e82ebbfb1cf9fa937af5b74596
runtime/dist-arm64ec-spike/include/wine/windows/windows.media.faceanalysis.h	file	118442	d8d0d843556916d413c82699d8a1ab373a881d1d66dccf068bd2f13ab8b5bc1d
runtime/dist-arm64ec-spike/include/wine/windows/windows.media.faceanalysis.idl	file	5250	2ed26f691372561ed0584ce466d19ce0dc36353b9b7f9233a6d01cd5d80dc2bb
runtime/dist-arm64ec-spike/include/wine/windows/windows.media.h	file	340367	0e4ec16c67d8cd2f454ab585af7d2d1981d830eb596910753c3fe469cfee9a14
runtime/dist-arm64ec-spike/include/wine/windows/windows.media.idl	file	23002	3b351b40c800e3eef6ed50c83433d9f03d66dc04930119ecde9972cf4e9a15d9
runtime/dist-arm64ec-spike/include/wine/windows/windows.media.mediaproperties.h	file	148811	79bf1bd377612b61a96700630c10a5c5fa1072586f668e8f970ae3f9043121a3
runtime/dist-arm64ec-spike/include/wine/windows/windows.media.mediaproperties.idl	file	11933	199110c37c9edf3cae612ccdee763f05668e384f78b8cd5af3d6a6a6b6af2b4f
runtime/dist-arm64ec-spike/include/wine/windows/windows.media.playback.h	file	219668	ec85023a3b39f3c0422a11ffa5a724e77b2f58599147a4cb3a3a368e4b7ac75c
runtime/dist-arm64ec-spike/include/wine/windows/windows.media.playback.idl	file	22297	50d197b8e43cf79c87598f33112f03e77a9a7e265466f0c1d218cff161379089
runtime/dist-arm64ec-spike/include/wine/windows/windows.media.render.h	file	4731	7450f41b20ee8757859e07d689df371d6eb786104ad3e62c17e6fd648188abe9
runtime/dist-arm64ec-spike/include/wine/windows/windows.media.render.idl	file	1902	8690ac5f5a12532ec53cb4ee84086ea4754e1d5a16b952ea6e23fe95d109c9a4
runtime/dist-arm64ec-spike/include/wine/windows/windows.media.speechrecognition.h	file	499967	fe16354df8b24e3fb789aeff57013f6552c396c6f6e8596297dd82cf4c5b0523
runtime/dist-arm64ec-spike/include/wine/windows/windows.media.speechrecognition.idl	file	34093	96d233756fc9f385ff1b0df63fe2549e4a48fb4d86afbf128c14af1a6797efa5
runtime/dist-arm64ec-spike/include/wine/windows/windows.media.speechsynthesis.h	file	150349	b66143e27aef4a559974b230a57ea04d3e1f51ce8de4280f67c2b627b434d291
runtime/dist-arm64ec-spike/include/wine/windows/windows.media.speechsynthesis.idl	file	9696	afd9f06e6996657e4c15b8770687b571883837375f25642ea8debe9eea84713d
runtime/dist-arm64ec-spike/include/wine/windows/windows.media.transcoding.h	file	128050	ad3d64a5cd16d76bdd0f5687af99e5fe500a480607d3541c52eff7e6965f828b
runtime/dist-arm64ec-spike/include/wine/windows/windows.media.transcoding.idl	file	7547	8853a18a9c89414a1fcbd465c27680e54a562d2d755c1a388a31f21dce758033
runtime/dist-arm64ec-spike/include/wine/windows/windows.networking.connectivity.h	file	407507	827f43c1a5a59d09f9339fe0e68dbeb3c74801a2e2a59ce5c5145f91639fc1d2
runtime/dist-arm64ec-spike/include/wine/windows/windows.networking.connectivity.idl	file	26160	be1a3eedaea2539e27e551e2da01c4f1411db4e1c982619e10abb515807fddea
runtime/dist-arm64ec-spike/include/wine/windows/windows.networking.h	file	138068	474acf1c31a8131e00bf9f95502a0f0f412648668079151cdfe2572fdf5585ae
runtime/dist-arm64ec-spike/include/wine/windows/windows.networking.idl	file	6776	aeb9e2485231b7651f7d7082c068b0441469844786c24a2b90e5d010f1608a24
runtime/dist-arm64ec-spike/include/wine/windows/windows.networking.sockets.h	file	5435	df3efc51fc55eb781b3aa6f34891fe66e2fbfd964ab6c8d5c2ff9675f55640db
runtime/dist-arm64ec-spike/include/wine/windows/windows.networking.sockets.idl	file	1911	60d27a1490c1f6df6bb9151988fd20e8b4b28b42bb6321ed7f55b810c4a5680c
runtime/dist-arm64ec-spike/include/wine/windows/windows.perception.h	file	11128	c538b347421f8ecc96e092b7afe3a2b60eb99cad3546b1e00232b377f35b0a20
runtime/dist-arm64ec-spike/include/wine/windows/windows.perception.idl	file	1817	f57e69f580b7bee405cbb6502f465e8734aa934a3a177d8c537347f11f0dc518
runtime/dist-arm64ec-spike/include/wine/windows/windows.perception.spatial.h	file	205784	1aa3cc814e16fa165c62369b9cd310680c1a5de079e25a8f7bf34e72e64df232
runtime/dist-arm64ec-spike/include/wine/windows/windows.perception.spatial.idl	file	13722	febd1517030c718eb0a4e1c68dcfbebd41a0de63ee485db656bb1d695d853baf
runtime/dist-arm64ec-spike/include/wine/windows/windows.perception.spatial.surfaces.h	file	191762	1ea1bde066d2c7f2d477efc607008801bc93468460fc7187ca573685cedb0b9f
runtime/dist-arm64ec-spike/include/wine/windows/windows.perception.spatial.surfaces.idl	file	11216	14f706a571e646e5c462bd192f44551b0be30df478b1912d88abff8557c2123f
runtime/dist-arm64ec-spike/include/wine/windows/windows.security.authentication.onlineid.h	file	145103	ddfa06ebcac413abe3cef98812eba315d26c1e7f48c0d884cc1fef513df6e68c
runtime/dist-arm64ec-spike/include/wine/windows/windows.security.authentication.onlineid.idl	file	8535	8aa19e5a757f23457101107abbf528eed2881763435eb5d79f9dd81d994c422f
runtime/dist-arm64ec-spike/include/wine/windows/windows.security.authorization.appcapabilityaccess.h	file	146778	457d567d8baf889251a117809e8a944da776b746ecdf280417fabc2f403eff97
runtime/dist-arm64ec-spike/include/wine/windows/windows.security.authorization.appcapabilityaccess.idl	file	7381	5488cd705bb74b1db0ee824b1e5972c524d98ea8c80dd3b4aa99ca6e8c93dd44
runtime/dist-arm64ec-spike/include/wine/windows/windows.security.credentials.h	file	135375	187f857a835735d02bf450f41d0430600d299e20c7db0076ca567f98c3066363
runtime/dist-arm64ec-spike/include/wine/windows/windows.security.credentials.idl	file	8371	fab9ef38d4f56b1a462ab30181d45f2a94bb31d639322ab74a49ce135fd5b6a3
runtime/dist-arm64ec-spike/include/wine/windows/windows.security.credentials.ui.h	file	49955	b8cca4780d91f79d556e6c2de1496f5895a63e8740ad23537568430ff36c67bd
runtime/dist-arm64ec-spike/include/wine/windows/windows.security.credentials.ui.idl	file	3418	2805ff40e45183754875dc0dabb3d0f63c768f2d2a35c8a5e3a427a0d1901b54
runtime/dist-arm64ec-spike/include/wine/windows/windows.security.cryptography.core.h	file	3410	0854d1f84100f91ff398a1ff5b8220425392b313ad69efaba1386ab12461a15b
runtime/dist-arm64ec-spike/include/wine/windows/windows.security.cryptography.core.idl	file	1598	538c4040d585e7e83cdc7fa52aee9998bfc8587f28d5179012ee08ce8e476047
runtime/dist-arm64ec-spike/include/wine/windows/windows.security.cryptography.h	file	24533	f0422084b0d30477ec66682fe807935700f55a804a419b0da99d1a07237dc6c8
runtime/dist-arm64ec-spike/include/wine/windows/windows.security.cryptography.idl	file	3867	b8c217efbe01d186b4f8e2bf8bcca481631ce2b3a16fedc382ef928f6bf0133e
runtime/dist-arm64ec-spike/include/wine/windows/windows.security.enterprisedata.h	file	18726	92e53b4275c1172293d56a850d82d929147672dc08bba3c0030dcad914b2ead1
runtime/dist-arm64ec-spike/include/wine/windows/windows.security.enterprisedata.idl	file	1597	96da2e5cf5af90b47cdde0fb872ff9c6f259c14ea1418ddc45b57c098140c377
runtime/dist-arm64ec-spike/include/wine/windows/windows.security.exchangeactivesyncprovisioning.h	file	18637	d12c7d93da86d015d5e4ad4ad46280ce56aa34cf4a88af70fc2b909327450257
runtime/dist-arm64ec-spike/include/wine/windows/windows.security.exchangeactivesyncprovisioning.idl	file	2117	35e272ddd7a3738f2121692791eb1d6d7b0a07a7f03dda99afccbc52e237b388
runtime/dist-arm64ec-spike/include/wine/windows/windows.security.isolation.h	file	26541	4e9fb49d46ad575cb13bc1cff4f0e6bc765895a68e010e4e22aa1f20ba4d418b
runtime/dist-arm64ec-spike/include/wine/windows/windows.security.isolation.idl	file	2764	c40816722395792f8aa95bb0a65d32ba50d92e3cde7942d86feaa32d1703047c
runtime/dist-arm64ec-spike/include/wine/windows/windows.storage.fileproperties.h	file	30699	2a36f233a6fcc24c10db1ba81dc8a54e4619da48f1467709a7c54e0a7ffbdde8
runtime/dist-arm64ec-spike/include/wine/windows/windows.storage.fileproperties.idl	file	2218	4caa1a6d60f1f91be87898fba5084151c444762078d83cdde397fa92402f847a
runtime/dist-arm64ec-spike/include/wine/windows/windows.storage.h	file	479282	8e74f94f9c9df41122ada2da7258a3575b54bce240c037388ee44c64817b9e5c
runtime/dist-arm64ec-spike/include/wine/windows/windows.storage.idl	file	31117	5320b67e80868b0680d6539869c23506cb991d0813acc13f280d02878750e75f
runtime/dist-arm64ec-spike/include/wine/windows/windows.storage.search.h	file	1627	0f6e764fb139fdb932946c08f786660b78bc02f245d1a824c26bb6c514749125
runtime/dist-arm64ec-spike/include/wine/windows/windows.storage.search.idl	file	1211	e5997f6e3c825f4d0c7e5874ca41348352ce1c47596cb0c11d3ef82051e971ae
runtime/dist-arm64ec-spike/include/wine/windows/windows.storage.streams.h	file	436587	9e036a45c66755c66ac16a66ddebfc55ef2a2afebcd559583d783af6211d9196
runtime/dist-arm64ec-spike/include/wine/windows/windows.storage.streams.idl	file	17204	8c2141e423396cc5544b3d6c273c39f8776b430997f6639ce73854fcd80c98c0
runtime/dist-arm64ec-spike/include/wine/windows/windows.system.h	file	192938	a911aada5ea3b91051e8bfe3874e84cba4709cb94dba781c0ef8beeb5ae9c86b
runtime/dist-arm64ec-spike/include/wine/windows/windows.system.idl	file	22648	82f183522d72e2759a783e3150d5f73e0032b8d25c36d924487d67cbfc00a4b1
runtime/dist-arm64ec-spike/include/wine/windows/windows.system.power.h	file	2244	ee0dc98f0c96231216556d46c1a20ec69c26cab02cfb07e4f63ca39f6509375a
runtime/dist-arm64ec-spike/include/wine/windows/windows.system.power.idl	file	1170	0b5e9e77d69f142b800929f40a2433b44b79caa2f4f95c90abc32f2ce409fa67
runtime/dist-arm64ec-spike/include/wine/windows/windows.system.profile.h	file	48788	b5ae4b962c9b2704dfbfba8328b9ee1c4e09e91d91ec97b4194f27582870c4e4
runtime/dist-arm64ec-spike/include/wine/windows/windows.system.profile.idl	file	4975	b4b55eeffd01275911a6c712f408a42124cf7de34949e4dfbd6f6020994dc0fe
runtime/dist-arm64ec-spike/include/wine/windows/windows.system.profile.systemmanufacturers.h	file	13782	2ca9ea931b9c76c0969e70a849de0cc156505963cca1e84899c7cb7940bb4765
runtime/dist-arm64ec-spike/include/wine/windows/windows.system.profile.systemmanufacturers.idl	file	1981	9956e17271833714cde295ad4fcb86e96a800aa5d6ab20e531af995315e015f7
runtime/dist-arm64ec-spike/include/wine/windows/windows.system.threading.h	file	21110	b1308ddcdbceeae743b5ce75fbbb7f36fd2783a508b15a2fc057d85e3ce1f3b5
runtime/dist-arm64ec-spike/include/wine/windows/windows.system.threading.idl	file	3089	dc574bbdfc88e3eef88ce5be5c590490b5a51b7b56378303cc49382694999f3f
runtime/dist-arm64ec-spike/include/wine/windows/windows.system.userprofile.h	file	30010	679996e09d17ff3d1ae1410310e37931b4ec77932413af3320f52ef4663533a7
runtime/dist-arm64ec-spike/include/wine/windows/windows.system.userprofile.idl	file	3557	a24213b548afe50b9ec5b61094ae53dd30d245a2dda8deb7973446e3b685abbc
runtime/dist-arm64ec-spike/include/wine/windows/windows.ui.composition.h	file	632373	23407c53e553077f74e2ab9e833c3cc507ca2aad32700b4a9ca80ecfcf9fc399
runtime/dist-arm64ec-spike/include/wine/windows/windows.ui.composition.idl	file	54607	0c679dbc874971368c50e4578ce3bb96948c6365877fbb9b4cf2cbbb76764a49
runtime/dist-arm64ec-spike/include/wine/windows/windows.ui.composition.interop.h	file	9101	2fcc3728d949b2b0a09100b28f00f821ff6064f0f65e49504498f15ec004a420
runtime/dist-arm64ec-spike/include/wine/windows/windows.ui.composition.interop.idl	file	1487	a622cfd93015db9dcdb3e0dd3b382097550bb76365102e171a1365abce64201b
runtime/dist-arm64ec-spike/include/wine/windows/windows.ui.core.h	file	433314	4673fccd5482a50a3ad643ff1bce3a7ede72b8402d26b10f96dc5c780019c57c
runtime/dist-arm64ec-spike/include/wine/windows/windows.ui.core.idl	file	32719	3097fe49794a58d21c851b562ecf5e7962cb39706d583efbfcea203356dd127b
runtime/dist-arm64ec-spike/include/wine/windows/windows.ui.h	file	185456	b0da1109ec399e3fe9e8cbc1cc4596293fed21608372e5ee5be2f9df930bafdd
runtime/dist-arm64ec-spike/include/wine/windows/windows.ui.idl	file	15990	26c8a74b9f3828cc2122dfe8b110aa8d806a89e24b6256ee5e872e0888e266a4
runtime/dist-arm64ec-spike/include/wine/windows/windows.ui.input.h	file	97892	1ee7870a4f4c6da8707c34e08abf0d37a6465345aea7fd84567e561552797cbc
runtime/dist-arm64ec-spike/include/wine/windows/windows.ui.input.idl	file	7676	467b727a9da15339389c1cb64ea92cc975c66c8433cd075cfd646dc492bf4805
runtime/dist-arm64ec-spike/include/wine/windows/windows.ui.notifications.h	file	1245353	1260b9a4027a888116539cc6779a7bc7752ff963dbb6f2037f30124a04f29a74
runtime/dist-arm64ec-spike/include/wine/windows/windows.ui.notifications.idl	file	79127	ebb0a27f8c2ef0fb0825907665dc9b40bf4d5c90314c8ffd15f0f2651bf26079
runtime/dist-arm64ec-spike/include/wine/windows/windows.ui.viewmanagement.core.h	file	242067	9fee01197affb69a8b85a7925de28841dbc0a5612a8508b95f6dca3b9971f2ec
runtime/dist-arm64ec-spike/include/wine/windows/windows.ui.viewmanagement.core.idl	file	13004	2525c9a4bf16934a9a1c5a4093a0c078fbe169e525567716d09b1f7039e4f1b6
runtime/dist-arm64ec-spike/include/wine/windows/windows.ui.viewmanagement.h	file	592543	2ab34622e80ac67f093048c0fce1c8e017a2ba36c2aef1470d3dc17e3de4bef2
runtime/dist-arm64ec-spike/include/wine/windows/windows.ui.viewmanagement.idl	file	45930	3596b235b9fa035b921dd3ef5bbad83dedaf1385c257e954d2be21aa0170a55a
runtime/dist-arm64ec-spike/include/wine/windows/windows.ui.windowmanagement.h	file	155815	48123e779d981403a9faac0517090088494b51b0ee482b2569123089809ee673
runtime/dist-arm64ec-spike/include/wine/windows/windows.ui.windowmanagement.idl	file	7929	b713a8ee4f8f471e4e4df29f3156092c8d73cc98be2538d13cc216eb2f4704ae
runtime/dist-arm64ec-spike/include/wine/windows/windows.ui.xaml.h	file	132274	9af464f70155ed41f69689a3f74be3618fc200d0efc1f0e42aa291f9260ba292
runtime/dist-arm64ec-spike/include/wine/windows/windows.ui.xaml.hosting.desktopwindowxamlsource.h	file	8836	13283c4be64b6b5b10112759cc78ab81d312dc2c6229992a553d4690775f9dbe
runtime/dist-arm64ec-spike/include/wine/windows/windows.ui.xaml.hosting.desktopwindowxamlsource.idl	file	1345	34b1cca93ba8d0bafbff5a1261bb10b414f0f79001b2c91c8d60a77c22ef7500
runtime/dist-arm64ec-spike/include/wine/windows/windows.ui.xaml.idl	file	11482	78d22563e8da378b7b565191e4eb6904e4c5a77f34bb3b251ab45ac4d5eea2a0
runtime/dist-arm64ec-spike/include/wine/windows/windows.ui.xaml.interop.h	file	3521	49450ad5ac7c1c86b8e111e07c9660fe7e1c1811ff842db95c87cfb2c46fa79a
runtime/dist-arm64ec-spike/include/wine/windows/windows.ui.xaml.interop.idl	file	1446	2bafc25434461fe21a06c4dd527575bc2f4f44a4967712fb23e224c0504e58d1
runtime/dist-arm64ec-spike/include/wine/windows/windowscontracts.h	file	1227	e67e1b1d2bda505d66b9f59ee607818feb2fa28f40be0eaa17dd88f209fad649
runtime/dist-arm64ec-spike/include/wine/windows/windowscontracts.idl	file	1164	3f79a498f4baaac99a4c4fcfb87311009b4daf7b4284d721881cec7423d28a86
runtime/dist-arm64ec-spike/include/wine/windows/windowsx.h	file	69950	dec0e8df57f33b2815958788332fcc0a085c68579809d8a022aca74b8cf8e281
runtime/dist-arm64ec-spike/include/wine/windows/winerror.h	file	555492	3a35e1ec9f289748e130b2cd99e1ee5d0c3599618bf06631438d6c92db4992b6
runtime/dist-arm64ec-spike/include/wine/windows/winevt.h	file	5714	c51356846f86335a8dd4371d641306a3333e8e1bfa5ad3dba17550d82c8fe4de
runtime/dist-arm64ec-spike/include/wine/windows/wingdi.h	file	135172	c3a09f57928427bc3ed8a95dcc544fdc0700469bb9b683fafed92f6dc0bc31a7
runtime/dist-arm64ec-spike/include/wine/windows/winhttp.h	file	45809	621f8137401aab983b5204f542226457830ca314910e8a71f9547b813719d79a
runtime/dist-arm64ec-spike/include/wine/windows/wininet.h	file	79087	eeedc2a2e10b67d5cdf5a0a68d3a73376423d130dfe0a70f4dde5b4267757acf
runtime/dist-arm64ec-spike/include/wine/windows/winineti.h	file	5771	22e57c38e6ef097dcec3c1a66bf156c2b0beaf0d88204792656ebc769295c715
runtime/dist-arm64ec-spike/include/wine/windows/winioctl.h	file	53708	926c85bd7c394b8039a4cff4e5f8f392c0e6c04fd69e853321fd8e42da3aa4e4
runtime/dist-arm64ec-spike/include/wine/windows/winldap.h	file	28238	50afa29056cb214ae04b3f89f26f107fc764dd3095556964bdc6ae490062c042
runtime/dist-arm64ec-spike/include/wine/windows/winnetwk.h	file	15618	cb7f0cefc2043b39a936389dae076d480043f7e8b31a66b7b8c0209ad9c0016d
runtime/dist-arm64ec-spike/include/wine/windows/winnls.h	file	41211	93113ae3c58d813481fc3ed15e5900a15a3074965b08c61777354b875e65b3d8
runtime/dist-arm64ec-spike/include/wine/windows/winnls32.h	file	1058	498e9e003d5614e9b5d8e7193f4591ace64f799397385b6b28d85a789dcecc8f
runtime/dist-arm64ec-spike/include/wine/windows/winnt.h	file	276722	654623bf340bf12b2ddc3da3b436ef89c8a001a884aa41786e3301df47575566
runtime/dist-arm64ec-spike/include/wine/windows/winnt.rh	file	18917	dab304276f4f73abb20405fe03d5c4e3aa142bbad52bc38d5d711dcb9538ade3
runtime/dist-arm64ec-spike/include/wine/windows/winperf.h	file	5829	9119896d78de61e14c95eb2a3804bfbf1da289f5f5f27c135ce729d1389c4d9a
runtime/dist-arm64ec-spike/include/wine/windows/winppi.h	file	1793	2738258c8c6450156cefe0ee533bbfeb9608b864db4d8498f19d47c9b31258a2
runtime/dist-arm64ec-spike/include/wine/windows/winreg.h	file	11718	e9db3906d958779d05c92ab0bd3a38be4b20e930817099482b2779a0dd556995
runtime/dist-arm64ec-spike/include/wine/windows/winresrc.h	file	1187	3a321588d4f9529e3017671fd83fa62ce86b571857eea889fff9bb6dc8063333
runtime/dist-arm64ec-spike/include/wine/windows/winsafer.h	file	3452	a8beaaeb7fbd0a4e7f911d151680e4a2181437f420b6a345b2d4b5cb353520c7
runtime/dist-arm64ec-spike/include/wine/windows/winscard.h	file	9740	3278334b138494ae32f20865b7d805ba8e7221c55593ce2827e5c2f508808c1e
runtime/dist-arm64ec-spike/include/wine/windows/winsmcrd.h	file	2314	7831c66ea05f82874afd3a4dc2c12264ad7df10d8f4ee5538bb18bc5b2d11d23
runtime/dist-arm64ec-spike/include/wine/windows/winsnmp.h	file	1765	66b69f74cc13e400434402366f358fa21f7f2a4cacbe4d1e0d057803151f8175
runtime/dist-arm64ec-spike/include/wine/windows/winsock.h	file	32964	eba4b6c6cd5d4a6f6ba2f8605a8175263a5e3a5d8e94fe8122c7c7b9c4ed0570
runtime/dist-arm64ec-spike/include/wine/windows/winsock2.h	file	52693	b55c83f8800ccf8aabb70bf62c0501911a4d13c6b7cec669e1e376341584f418
runtime/dist-arm64ec-spike/include/wine/windows/winspool.h	file	63881	aff55c21e3ab6b88f057ac42900c0d621fd92adec3531c7124b1a9cba9cfd50d
runtime/dist-arm64ec-spike/include/wine/windows/winstring.h	file	2757	6b0e3833c9c3ec54b44cde54b3e3c146b4c37ea74a27a19ed0f37ede705a4145
runtime/dist-arm64ec-spike/include/wine/windows/winsvc.h	file	19271	2a1dac190b0d8f88fa3d5fe4c4d7335feee354cbdd92fa745c4a52a67f15c72e
runtime/dist-arm64ec-spike/include/wine/windows/winsxs.h	file	19688	939fd40414ac45a39ca045498d19d020320eec01a86d22970bbfd5a25dec0e89
runtime/dist-arm64ec-spike/include/wine/windows/winsxs.idl	file	5408	ea9aea04b56f2526df1ec9d73d775c701032e7add314a666aeea77b6e8eb9c06
runtime/dist-arm64ec-spike/include/wine/windows/wintab.h	file	19732	5e3b23857dc7087ab51ed8a6429bb48cba7bbfa32f94a8a6a92fe4adfa8b384a
runtime/dist-arm64ec-spike/include/wine/windows/wintabx.h	file	5770	82bfb5df121d19fdc8bb5716826ba98cab9c2c35086face389623d39a13e73ff
runtime/dist-arm64ec-spike/include/wine/windows/winternl.h	file	258873	c685902292f441389d8eef9ff32147fdf396dcc06924892e849b60ec306e71ed
runtime/dist-arm64ec-spike/include/wine/windows/wintrust.h	file	23579	73bb0d7106c7448a22b7cd8e7ef32c9442717035fe784ad6ba1d95726f613a61
runtime/dist-arm64ec-spike/include/wine/windows/winusb.h	file	1034	44b8e3f181311cbcd9081513d474417fd9a3f4e4911904fcfbcbc65387370ac1
runtime/dist-arm64ec-spike/include/wine/windows/winuser.h	file	184430	66092f73e419de4fd32f727cbe409297994f1ade1100de50322c70f2266b81ac
runtime/dist-arm64ec-spike/include/wine/windows/winuser.rh	file	52483	c082cf05a11af6d059235ec36d53679b3596085c9266fde990632269607e34e6
runtime/dist-arm64ec-spike/include/wine/windows/winver.h	file	3001	7797527f7d93cf4e36d2f7e4e91b3d7711ab1f26bea1955103215a13d68998cf
runtime/dist-arm64ec-spike/include/wine/windows/wlanapi.h	file	9333	fd1b5921bf55f1a7a5cd9fd20347afde62d709b55b2218ea53a7cbc39cad7097
runtime/dist-arm64ec-spike/include/wine/windows/wldp.h	file	2071	0abdb0de6d933e47965b8db914f08cf8cb7d159e2ed282afee18311b22c3d37f
runtime/dist-arm64ec-spike/include/wine/windows/wmcodecdsp.h	file	17169	fb818a4c9a8b68f3cd45cf10adc99c0742a4b13804d4ad54bd0231df092ef148
runtime/dist-arm64ec-spike/include/wine/windows/wmcodecdsp.idl	file	4211	69fc64b4188678a868113fc9d3ae83481b05df0beaf8103c2b601f75cec97372
runtime/dist-arm64ec-spike/include/wine/windows/wmdrmsdk.h	file	2826	903f9f3c3aa1e586d986d3cb41eefaa362823e0a703c41fa49addd0e48016a1d
runtime/dist-arm64ec-spike/include/wine/windows/wmdrmsdk.idl	file	2178	a3aa400383911d909ee32db7a83688c03929ec3d27c666053dbb9a84ff83fa25
runtime/dist-arm64ec-spike/include/wine/windows/wmistr.h	file	2807	fb14973935a6d9448940652638bace52655ad9bc8416c25bc28e4b3510807587
runtime/dist-arm64ec-spike/include/wine/windows/wmium.h	file	4870	047799341a639137da9938bfffc64e69c41d882a8f06b96fc832e0ce08489ee0
runtime/dist-arm64ec-spike/include/wine/windows/wmiutils.h	file	26037	9bdb26f8de3cc352d14ba2fed2161ac6fe8ce0e3ecf2e6835dce9bf56dd96f33
runtime/dist-arm64ec-spike/include/wine/windows/wmiutils.idl	file	6369	111432c568e12755ad95097677d67983b8b441dfc7e70ebbd52b2cacd06bf281
runtime/dist-arm64ec-spike/include/wine/windows/wmp.h	file	396567	304626d60d58e0caeae6c1350402d636baa030e0be617fa2fd605279e19e2b51
runtime/dist-arm64ec-spike/include/wine/windows/wmp.idl	file	39518	246fc13617029eef8b5f933c6a1ec8d0b0f9213811dd4554cc327f03f592ec46
runtime/dist-arm64ec-spike/include/wine/windows/wmpids.h	file	3584	1697ed82542b49e116a6f346fe7c9bc4e6eca59039321f86db413d8c18ab6b16
runtime/dist-arm64ec-spike/include/wine/windows/wmprealestate.h	file	6781	5f6242a49fae2eacc34b9a3807da7da6441f6b0219eb307021dead731928206f
runtime/dist-arm64ec-spike/include/wine/windows/wmprealestate.idl	file	1291	105edb8ad800246759b877ea70fdeac4756a27c38891cc5958f5cbe25996d323
runtime/dist-arm64ec-spike/include/wine/windows/wmpservices.h	file	4676	d59007f7db64271c6768ec8c2a9d5d9fa6317d51221f1751d240a043dc50c8cc
runtime/dist-arm64ec-spike/include/wine/windows/wmpservices.idl	file	1238	db94817a51adedbb6caa1b4c644bcb773a69611b7d14e093e27db68bbfff749c
runtime/dist-arm64ec-spike/include/wine/windows/wmsbuffer.h	file	15681	639c1e0205cd5908e0252a4336d1e3355bda144647cbd9c86cfe3744a48cf83a
runtime/dist-arm64ec-spike/include/wine/windows/wmsbuffer.idl	file	1735	6bf472eb0d19eb1e7d9a04ef12975e107e02f3ca39348415526fffa4ca5cd887
runtime/dist-arm64ec-spike/include/wine/windows/wmsdk.h	file	946	c5756f8f25e70e8118e07022ff3affc2b5a5ded98cc10a7cabbe84370ddb3c02
runtime/dist-arm64ec-spike/include/wine/windows/wmsdkidl.h	file	500517	3897dfeb9ed64ad2806213b5e5196ae10298865d25026de259a7fcb60972b091
runtime/dist-arm64ec-spike/include/wine/windows/wmsdkidl.idl	file	52627	4a33ebd4c7cdd5f3cc27521f48432dad7400601f7c407cd4babca9c255db2344
runtime/dist-arm64ec-spike/include/wine/windows/wmsecure.h	file	15838	9eac144ffee6fddf1339a9ca6027edf25701b2b7b47c6b79b88953770c01a897
runtime/dist-arm64ec-spike/include/wine/windows/wmsecure.idl	file	1961	dba963056a97573a2965135b464a6684be2f0707ca7eb4710f9d109d7438e2ad
runtime/dist-arm64ec-spike/include/wine/windows/wnaspi32.h	file	10213	f6f8cf644f13bfad00b69140c0f580bb945a3ce0d7aaf0478d58241e3054abc0
runtime/dist-arm64ec-spike/include/wine/windows/wofapi.h	file	859	af74405a5a032f2f7fa42c386ebd8df8553d595d2e7aa2dd1eb036e17f58c3ae
runtime/dist-arm64ec-spike/include/wine/windows/wownt16.h	file	959	9bd9c3d0fc4da4fc24f241ad866d2036b49892558723c8881e6da58a69081947
runtime/dist-arm64ec-spike/include/wine/windows/wownt32.h	file	6390	0cf57f1e58ca06b54f71cefab045ac291380a77210595139f78fba3638297411
runtime/dist-arm64ec-spike/include/wine/windows/wpcapi.h	file	24968	a11812318e282e10512bf55e9fd34be64bafe5e0a9120a7823aadccaf128f313
runtime/dist-arm64ec-spike/include/wine/windows/wpcapi.idl	file	3353	452a89910a84aa25074e2a5882240345d7943152ce088974a1f15599ffc8a6c0
runtime/dist-arm64ec-spike/include/wine/windows/ws2bth.h	file	1163	95a00923980c4f88d06435abae01a2821b707a25fde40b9a8db37507a40f8a89
runtime/dist-arm64ec-spike/include/wine/windows/ws2def.h	file	11044	a1e9aa6ebd7b68a666265b0a2aaff21124c86e1262a1753e2379e6ed5f9f2ff4
runtime/dist-arm64ec-spike/include/wine/windows/ws2ipdef.h	file	18679	a0b1f7e3a4de4362744649f023c737ef2fc79c049abf20daa33abbfb5edd503f
runtime/dist-arm64ec-spike/include/wine/windows/ws2spi.h	file	2395	75a0c89a7b082c4e1d2820ad3b8956a127a15ad2cbc090f10345dde87e1b3661
runtime/dist-arm64ec-spike/include/wine/windows/ws2tcpip.h	file	8018	a74e6d6ccbbe2cdfbb25180680154016257e1d2ffe64156947b2663c39dff134
runtime/dist-arm64ec-spike/include/wine/windows/wsdapi.h	file	964	13b3b6711e04a66080138adc7ca9842221aeeac291acc6de7647bcdf673323fe
runtime/dist-arm64ec-spike/include/wine/windows/wsdbase.h	file	30924	a5b8b896b49d3d470c38769c4ecfc18918669d93365ad6810d7b66908002a386
runtime/dist-arm64ec-spike/include/wine/windows/wsdbase.idl	file	3631	daabaa315ef0953ef5f5330a4048c33ce4ef9190def12a2cbe9d397ef0e7c3f6
runtime/dist-arm64ec-spike/include/wine/windows/wsddisco.h	file	48506	3f6bfc434746fc23ce6a267bb2e38e5b3905412444dbdad79ddfdec430944297
runtime/dist-arm64ec-spike/include/wine/windows/wsddisco.idl	file	7980	a820725967a0ac5c698c03fcce6bb70f413c6546d9a077c43d8a9cee2567c02b
runtime/dist-arm64ec-spike/include/wine/windows/wsdtypes.h	file	2773	a3126b3edb01afffcd30722193c62da6bacfa95fbab7da837d458817346ac4f7
runtime/dist-arm64ec-spike/include/wine/windows/wsdutil.h	file	1562	f3a776e2681e26fb92ab13a72fc23b45fee2dad9e864c7f5a55f23eb9a6f98c2
runtime/dist-arm64ec-spike/include/wine/windows/wsdxml.h	file	5940	142c8ff86afc152b6d528f8489c1714849d4d0cf5ce28e645ec823cc33e4c531
runtime/dist-arm64ec-spike/include/wine/windows/wsdxml.idl	file	1601	461b954bdd807d87da13a06d72cab6ae5326173253c1f4f652775b03d3dfdcb8
runtime/dist-arm64ec-spike/include/wine/windows/wsdxmldom.h	file	2292	587f0f29b05e2058e249404dd22b8b34f742f71e7aeaff878ec3c420d15557f5
runtime/dist-arm64ec-spike/include/wine/windows/wshisotp.h	file	956	9c5e0eea4bb906a46c083a2b17b5b27bb065fdc986ddd46311b8899eeadc2961
runtime/dist-arm64ec-spike/include/wine/windows/wsipx.h	file	1428	4e459dbbb8fb6ad08b6d781b51a492361bf45de5b238936d272c1011d51697d1
runtime/dist-arm64ec-spike/include/wine/windows/wsnwlink.h	file	2290	07a41efdb300bc51e33e063d8f25e458e980b7160a18439602deaf07b2f39dfc
runtime/dist-arm64ec-spike/include/wine/windows/wspiapi.h	file	903	44c63c7ca50f787181e44ed269b7f1ac34bf0b1bd46f922d39102780cdde0199
runtime/dist-arm64ec-spike/include/wine/windows/wtsapi32.h	file	8701	6b367c99467eb47a60e6900c072291734e1322f1e726303a6bbb7a40f48222df
runtime/dist-arm64ec-spike/include/wine/windows/wtypes.h	file	18620	2a201d30c6dc8a09bfc15a1d5f8ac47a32ba2659581b47a69a6befa6d697ac36
runtime/dist-arm64ec-spike/include/wine/windows/wtypes.idl	file	21766	a2d982314f50c9193cf2f38c26de5490bec0268acc69e10410b4d51aaa90a563
runtime/dist-arm64ec-spike/include/wine/windows/wuapi.h	file	279046	86e6a29dece2b12de198eb680888533b81e1636ddc88a38fc23fba4daf0feb31
runtime/dist-arm64ec-spike/include/wine/windows/wuapi.idl	file	33850	1d1632024ea6c9b28c983d28319eaafa63ac4864794f2cc313861d0af8871fe6
runtime/dist-arm64ec-spike/include/wine/windows/x3daudio.h	file	6398	a81903cd812a45b6600d23c819cc3bff6eb6baf8284b9ec1e59a68e1c494cb76
runtime/dist-arm64ec-spike/include/wine/windows/xact.h	file	40449	945d18a10c9aef3a0166be7024db3c7a7ab260fb3f6cbcd14bf5f0e35b982e8c
runtime/dist-arm64ec-spike/include/wine/windows/xact2wb.h	file	4794	7b90e10f44ab5fb2641d7c0057c73d80704c5b9f92c8a1a3f5d834a7f4e90aae
runtime/dist-arm64ec-spike/include/wine/windows/xact3.h	file	36191	b791e52be8ffb99ab02385f74e6aac935d8e254d9bcd76fa718bd980a04d6614
runtime/dist-arm64ec-spike/include/wine/windows/xact3wb.h	file	4715	9541c9e8c6a4506c6a9e525409c3c51932f5c02785f0917243d6d9b3f8c71c81
runtime/dist-arm64ec-spike/include/wine/windows/xamlom.h	file	61197	a9e8857998be6aaf99a587ecbf7077324c01f8036369f51b1bc7526e1049f387
runtime/dist-arm64ec-spike/include/wine/windows/xamlom.idl	file	9555	7278415edc4e540ea377199d3a5c8cb0c30a3a596f9effd39bb26d10b73092cf
runtime/dist-arm64ec-spike/include/wine/windows/xapo.h	file	14067	ad8e9b90d41bef1a00f13fc437e2a49c318137a1e7317bb1f67410e8d04b305e
runtime/dist-arm64ec-spike/include/wine/windows/xapo.idl	file	4846	45c7b42a7cafead464453bfe3b6d0889137278317795dc177088cbda9268c872
runtime/dist-arm64ec-spike/include/wine/windows/xapofx.h	file	1951	4981f5a06e8f587bcb2f8805eefee68d881f41e92d9d0e161586de2534cbd78d
runtime/dist-arm64ec-spike/include/wine/windows/xaudio2.h	file	79197	a88103515d463d4e4e2765a1f383608815503f450f8f1dfaaf1284cde07d34e2
runtime/dist-arm64ec-spike/include/wine/windows/xaudio2.idl	file	17894	ebc185df0b9d8028531d9ab7b6367b5a88f4904240117942479cc033a16fbdfa
runtime/dist-arm64ec-spike/include/wine/windows/xaudio2fx.h	file	794	bec442e77e1b82e05eb6561ca8e6a0a899a1749c3b3af11ff92498a94b6eaef3
runtime/dist-arm64ec-spike/include/wine/windows/xaudio2fx.idl	file	2199	f473156132a740c57fab0836e9ebe0704ad2e05b441280bec3bda6937efa6281
runtime/dist-arm64ec-spike/include/wine/windows/xcmc.h	file	13227	c2ac948edd2d2397d342d6e79b350b8add833b9dec5cb0af0f9cc1d7bcbdf748
runtime/dist-arm64ec-spike/include/wine/windows/xinput.h	file	8672	1ab59c30b862616084c15a350931f7585da967289f6bf630cc57a2160694a924
runtime/dist-arm64ec-spike/include/wine/windows/xmldom.h	file	885	2ecd51ae4dace94427b31caed2cd51d56fc33ce5d84506bbacb171caac95f471
runtime/dist-arm64ec-spike/include/wine/windows/xmldom.idl	file	23416	e5ff0456cce6347faea4ab33a4079386c0075f7f490af76384bb29fa71414b4d
runtime/dist-arm64ec-spike/include/wine/windows/xmldomdid.h	file	11552	2cd6801ab5b4a0d2d92cfc94ff77e9d2f85e980621ab43b45f3ff8d19d6cb2f1
runtime/dist-arm64ec-spike/include/wine/windows/xmldso.idl	file	1980	885b50e6582b133867b1ee2cef8389245d79c03b5d82ff2a1a4d4204bbe5ac99
runtime/dist-arm64ec-spike/include/wine/windows/xmldsodid.h	file	1186	7c7e43b037f71c7308ac8472aa8f66d4c16cca1b8cb5c65653bb33bc2b20fa6f
runtime/dist-arm64ec-spike/include/wine/windows/xmllite.h	file	38678	5dff144849adeaf31dcb2bbdc7a3ec05edd3771b2ca3559a1979c79942741199
runtime/dist-arm64ec-spike/include/wine/windows/xmllite.idl	file	10531	bd9f826ccd3d1693bcbb6a72bb5006a7de082185f0008c7268cf8e0dcd50845b
runtime/dist-arm64ec-spike/include/wine/windows/xpsobjectmodel.h	file	73841	136645c980db743b8ad2e6fe9d6ad86ea87b0d04d2b541b4dde3226924ec3ba2
runtime/dist-arm64ec-spike/include/wine/windows/xpsobjectmodel.idl	file	14132	952f281f1650b1ca04117c4febe3a8082d83d3a525f549cca2d38868239518e4
runtime/dist-arm64ec-spike/include/wine/windows/xpsobjectmodel_1.h	file	5302	1a966bfb59d4df38ac9de06c11cdb9de3a06108649c79ac7eeaec2596fff9e8d
runtime/dist-arm64ec-spike/include/wine/windows/xpsobjectmodel_1.idl	file	1468	5e18190ff781c0cc0e6867c73616a5fba67bffaec4bba946afdb95b3fcd97761
runtime/dist-arm64ec-spike/include/wine/windows/zmouse.h	file	1391	43890b51894d40c02126e1950600e619f483124bf59ae052644627dd519476ef
runtime/dist-arm64ec-spike/lib	directory	-	-
runtime/dist-arm64ec-spike/lib/wine	directory	-	-
runtime/dist-arm64ec-spike/lib/wine/aarch64-unix	directory	-	-
runtime/dist-arm64ec-spike/lib/wine/aarch64-unix/avicap32.so	file	16744	843ce197f5b1414010d21e5936b5ef37b60ab990668eef7486ea7023b16c6a5c
runtime/dist-arm64ec-spike/lib/wine/aarch64-unix/bcrypt.so	file	95752	7c71bdd01f4fa49c3027811c8beeaea59da9c0f11cfd34ea6351e16572346c5b
runtime/dist-arm64ec-spike/lib/wine/aarch64-unix/crypt32.so	file	53320	60f30b03cdd070bc195d5acf6dc8c50efa8ca8abda0745d7fff9024ecb725794
runtime/dist-arm64ec-spike/lib/wine/aarch64-unix/ctapi32.so	file	33832	1c94905369b2626a61d74684e1a12666674c7a5b09c25fb85bae9a4027c5c666
runtime/dist-arm64ec-spike/lib/wine/aarch64-unix/dnsapi.so	file	50952	cce3ee0da1d6e31c9adb5d7f18615b220bb0bfe362aac403da45e5c2ba2b5a98
runtime/dist-arm64ec-spike/lib/wine/aarch64-unix/dwrite.so	file	52360	906ef9485d00596b0b7bba17203fba256f2bd8a4fb6fd4b705c96f21ba615743
runtime/dist-arm64ec-spike/lib/wine/aarch64-unix/kerberos.so	file	16744	d343ed16536a974ae645ab127f6ad628db30652cd303d662657523bb7d3779ab
runtime/dist-arm64ec-spike/lib/wine/aarch64-unix/localspl.so	file	52776	811ddff7f3047df9944aff80f377deb2d7d98a14c1d1cac094a32a1c7ab8183e
runtime/dist-arm64ec-spike/lib/wine/aarch64-unix/mountmgr.so	file	94248	d553350298c40bba3330ee67f3dfaffd41f8592f58e28410c54d558739969187
runtime/dist-arm64ec-spike/lib/wine/aarch64-unix/msv1_0.so	file	51544	373579790d117a05c48a62f46c308773f9d5c14c0ac55b8def601e1418b46f39
runtime/dist-arm64ec-spike/lib/wine/aarch64-unix/netapi32.so	file	16744	db68d2f69583f99404652877e0c9512a69a2657d7ab3b9680772e5562c425e1a
runtime/dist-arm64ec-spike/lib/wine/aarch64-unix/nsiproxy.so	file	89544	60a721f2e5da3650fc0c056205c248d1e5125ce0ec293f5fad7f583bd784127e
runtime/dist-arm64ec-spike/lib/wine/aarch64-unix/ntdll.so	file	1904072	9a3f20b426adeeb86d70c06d0b7cfc9e687838e6eace5e43c282a19eb0363fc7
runtime/dist-arm64ec-spike/lib/wine/aarch64-unix/odbc32.so	file	96312	d2306a72fcc45b0d82c4df3bb23cb50f37421e3536a6e91a574e05c854fc1fa7
runtime/dist-arm64ec-spike/lib/wine/aarch64-unix/opencl.so	file	59384	096381b7c3819bce04ee5e15644cb83b31069c882a311830d93024f9cdb93c0d
runtime/dist-arm64ec-spike/lib/wine/aarch64-unix/opengl32.so	file	1647336	50d5409e858cafd03833d56fc9b8955620ba9ce624d3cb9be653ac37baf030dd
runtime/dist-arm64ec-spike/lib/wine/aarch64-unix/qcap.so	file	50808	1ad4320b64a7296e29ace9ab1d1f671c9b4e6abcf7ffa5b334a89fdc1278405d
runtime/dist-arm64ec-spike/lib/wine/aarch64-unix/secur32.so	file	72632	f5082a30cd88e2b00ae4fa1287d94a62aecd5403c81a26f13d8a9cc2a490182f
runtime/dist-arm64ec-spike/lib/wine/aarch64-unix/win32u.so	file	1954536	111e5515c3a6d88b987c79bf5a51b133a01459ff17faf0692af973e4c7f5b056
runtime/dist-arm64ec-spike/lib/wine/aarch64-unix/wine	file	34984	607b4bc10196623d69ff2ea57d4b00db8ba5b9383fcc9403e98cada8ae42d0fb
runtime/dist-arm64ec-spike/lib/wine/aarch64-unix/wine-preloader	file	51232	a201d7eb240ba87090c7af732cd8b83c869ef14cb9cfe9d9f286178e13fedb42
runtime/dist-arm64ec-spike/lib/wine/aarch64-unix/winebth.so	file	91640	ecfdab9ada619e204c980aad43ed9d8a2426356c24faa6243efbff96adfc74e6
runtime/dist-arm64ec-spike/lib/wine/aarch64-unix/winebus.so	file	113464	4224b961c3d3d1c08f9914ce5c0e0771405838913397412b7bc7db9298dd2a8b
runtime/dist-arm64ec-spike/lib/wine/aarch64-unix/winecoreaudio.so	file	94704	0263b26f8dc3cc7a0e365f24aaf65367232fcd2b4e75938a00a698a1e33bdeed
runtime/dist-arm64ec-spike/lib/wine/aarch64-unix/winedmo.so	file	131512	26345c5f665203405dba89765d6386fc21a7860973563f391f08bdbd9c02a916
runtime/dist-arm64ec-spike/lib/wine/aarch64-unix/winegstreamer.so	file	240176	76acba7f68fd25237d02d5e1283d6a8c2347e34fb8990313fd03f5f0d295fa10
runtime/dist-arm64ec-spike/lib/wine/aarch64-unix/winemac.so	file	631656	02b4d94ecb5827ea331decccb846f1bf6ff97df632ea28f6b40951794f8c9604
runtime/dist-arm64ec-spike/lib/wine/aarch64-unix/wineps.so	file	69000	a72363b3ee77fa2568747f3b677ca7082d340f011084b33b4b4cc74b54239d57
runtime/dist-arm64ec-spike/lib/wine/aarch64-unix/wineusb.so	file	52568	318c2f2a00600bdc6a9fcd285c0f5cdbf7c188825ce6bc6373ea8b70d71edf7d
runtime/dist-arm64ec-spike/lib/wine/aarch64-unix/winevulkan.so	file	711392	76e42b919118a7f8c980426f21ced5809820a9f4bab76ca3db4ac45153591539
runtime/dist-arm64ec-spike/lib/wine/aarch64-unix/winscard.so	file	36008	695c24cc35c8edf60718a4945a8c614a3c5afc440bf9f9d89c5e624688a78e86
runtime/dist-arm64ec-spike/lib/wine/aarch64-unix/winspool.so	file	52328	f30abb8fd20d0416eb3d281c80de220fc9fecde1de443c5821f1d6d0bfafed6a
runtime/dist-arm64ec-spike/lib/wine/aarch64-unix/wpcap.so	file	56536	41d5f8d5f205ab84dc16840db1cf25dbda8d39367d111fb19e3f82fce4e80725
runtime/dist-arm64ec-spike/lib/wine/aarch64-unix/ws2_32.so	file	52264	7e6e1e1920080472627b24df64a53e58b04802e30a41dd278327993d11e1c765
runtime/dist-arm64ec-spike/lib/wine/aarch64-unix/xtajit.so	file	541896	c764d3f83bba56b45443f22d1d4c284e8b770a0376387934a37fb48f9c935726
runtime/dist-arm64ec-spike/lib/wine/aarch64-unix/xtajit64.so	file	540200	8692d707d7f0472c303579170f7fc20e6417a92bc31895cec035bc9704839fc6
runtime/dist-arm64ec-spike/lib/wine/aarch64-windows	directory	-	-
runtime/dist-arm64ec-spike/lib/wine/aarch64-windows/acledit.dll	file	77824	cea97a2667b406cf665cfdf987c033930be6b85805e3811252e81521ce34444f
runtime/dist-arm64ec-spike/lib/wine/aarch64-windows/aclui.dll	file	173568	6888bfa60e4081935ee09ca32c846d87445775fb10193d80d49149906749637c
runtime/dist-arm64ec-spike/lib/wine/aarch64-windows/activeds.dll	file	897536	930daba2afcda9b86a46acdb27ec712b75d9904f749d8ffbb3ecc445e72556e2
runtime/dist-arm64ec-spike/lib/wine/aarch64-windows/activeds.tlb	file	131072	9435451a64a5ecb24b8d9666e877f7e0bd2767b87a0ea963d4725b50cffdaff4
runtime/dist-arm64ec-spike/lib/wine/aarch64-windows/actxprxy.dll	file	1651200	f8c4af4bab74fdc3d7a4cab1f354142b8f1cfbbc21ede8b29cea8819a812a2c8
runtime/dist-arm64ec-spike/lib/wine/aarch64-windows/adsldp.dll	file	622592	1d498cdf00bf3c17e2f6ab621dd59171c8973140f6e85538f3d2df7ccf6aa132
runtime/dist-arm64ec-spike/lib/wine/aarch64-windows/adsldpc.dll	file	101376	b1abb6e4ee0f2a0da982acc81771eb50cb423142dd856fc3cf63130c1c1771c7
runtime/dist-arm64ec-spike/lib/wine/aarch64-windows/advapi32.dll	file	1526784	298948a3cc972ce91dcd4e22d106a5ca6da49eb9cf37d1609095c3990e4982fb
runtime/dist-arm64ec-spike/lib/wine/aarch64-windows/advpack.dll	file	485376	39912bcda77e183d364de096ea1b8e0b1be92f221f2ae01084126e3d3afd49f7
runtime/dist-arm64ec-spike/lib/wine/aarch64-windows/amsi.dll	file	116224	4a8a39b200fccd92e34d09ddc9f8aafc455de0db1283f2ead84428bde96effa2
runtime/dist-arm64ec-spike/lib/wine/aarch64-windows/amstream.dll	file	1750528	d176aef3d3881b0e17f0e759287503ffed903638297323c64c4687ad4bf85166
runtime/dist-arm64ec-spike/lib/wine/aarch64-windows/apisetschema.dll	file	196608	678533718e811293367b8d82374d7dee3673cdf25f179e06d0152011425d0d19
runtime/dist-arm64ec-spike/lib/wine/aarch64-windows/apphelp.dll	file	174592	4c51fecaa047e9f2d400e160e585e767284f21ddfea811bd399a5d0249251906
runtime/dist-arm64ec-spike/lib/wine/aarch64-windows/appwiz.cpl	file	810496	5fda717b0e230eca73631d276d10f5c9f12548277adf11cc189064a510551e87
runtime/dist-arm64ec-spike/lib/wine/aarch64-windows/appxdeploymentclient.dll	file	482816	8e81709653de5cd6191f8717175c9adc4933dfcb2132e431cbece7580c7cf48a
runtime/dist-arm64ec-spike/lib/wine/aarch64-windows/arp.exe	file	851968	120fa4225222f288c782b6da19af4cc580bf44c928f93828e458940c135ad98d
runtime/dist-arm64ec-spike/lib/wine/aarch64-windows/aspnet_regiis.exe	file	851968	77352c840b73dd6de30feee67ecf7485cc846bd33b56b36c35868d4af23cab32
runtime/dist-arm64ec-spike/lib/wine/aarch64-windows/atl.dll	file	1255424	d674cc7aad24dd716dab9b4d6549aa30b3b8159ea7913d44534520f745a39793
runtime/dist-arm64ec-spike/lib/wine/aarch64-windows/atl100.dll	file	1155584	4138241086f8ed2d4c25d4e5ecb3df71516f43d3d0302873866a8ff35e300a2b
runtime/dist-arm64ec-spike/lib/wine/aarch64-windows/atl110.dll	file	1155584	3ddf68702a1deb4125a12fd924b61323bc3edea91869c28ade3948e07c55ef0d
runtime/dist-arm64ec-spike/lib/wine/aarch64-windows/atl80.dll	file	1181184	26e1939f4e59dd9a5e395f1d9ef12e5d54363670a25cf6a1b7e019d634690596
runtime/dist-arm64ec-spike/lib/wine/aarch64-windows/atl90.dll	file	1156096	1ee75f34b3e226b956c7178f0793371c2d9be408e4f0d145ee0f4a2069353752
runtime/dist-arm64ec-spike/lib/wine/aarch64-windows/atlthunk.dll	file	84992	9de26187a5b62407ca8edb97ccd5bfcd28a7799b89d9bf981751135b0391d3c7
runtime/dist-arm64ec-spike/lib/wine/aarch64-windows/atmlib.dll	file	104960	ba89a226e69958195a098972e6ea96d59f1b35b717aa5a4b71a07f0dfb44aa85
runtime/dist-arm64ec-spike/lib/wine/aarch64-windows/attrib.exe	file	917504	68fcc4b21ff862f180726c1e893aa952e608c0d4e70feb0d75dbfbcce336603b
runtime/dist-arm64ec-spike/lib/wine/aarch64-windows/authz.dll	file	116736	15d72de733a484ea42d2169ddc11baaba3bf6ea17cf50ffd23f11a8ba0a23f6e
runtime/dist-arm64ec-spike/lib/wine/aarch64-windows/avicap32.dll	file	118784	ccb29c27a90f265aa95f642ec2f39d0b9bedf0630d5c1b0d73b38673c5b72913
runtime/dist-arm64ec-spike/lib/wine/aarch64-windows/avifil32.dll	file	1745408	6a6987084114c7b9c145f317da41ee6fa8b7279d633ea499da1e5bd545018de0
runtime/dist-arm64ec-spike/lib/wine/aarch64-windows/avrt.dll	file	105472	d457148f9ed9ffc07adf4d2c6832c00f3fefd7b51d4802f50589fd122418290a
runtime/dist-arm64ec-spike/lib/wine/aarch64-windows/bcp47langs.dll	file	118272	1d95fef77666178fa044f63f9c72e0618f82426b5ec26ed71e950a063a17b3fc
runtime/dist-arm64ec-spike/lib/wine/aarch64-windows/bcrypt.dll	file	682496	178582d14e12b0e0c92cbdc606295358f1c19a25c67a4d37be7ff7af24e418fd
runtime/dist-arm64ec-spike/lib/wine/aarch64-windows/bcryptprimitives.dll	file	31232	6f8a356f511c221aabc365d6cc0779b7d027b69003c3c7d834b4a7ec6504c527
runtime/dist-arm64ec-spike/lib/wine/aarch64-windows/bluetoothapis.dll	file	301056	01179b1b25a6125df82f555408a33f792f8bb124b36f45bcf7949a7eedd1f7f7
runtime/dist-arm64ec-spike/lib/wine/aarch64-windows/browseui.dll	file	875520	332f292b37b4690dba630950a45216064f390eb2d8080d749695d2c47e648a72
runtime/dist-arm64ec-spike/lib/wine/aarch64-windows/bthprops.cpl	file	54272	c0087d7d19549e9714922ff9ec54a51c1a588ff0d15eb92cb0f3f66e8faeeb70
runtime/dist-arm64ec-spike/lib/wine/aarch64-windows/cabarc.exe	file	851968	17c5177073b21381bc88c3419a9f1d6f6bd3371c5462ba14abdc2497d44226cb
runtime/dist-arm64ec-spike/lib/wine/aarch64-windows/cabinet.dll	file	794112	c09e268874330eff9a2fb509a7b4d790f95544b6a3b6cad5252c0e6b05294be3
runtime/dist-arm64ec-spike/lib/wine/aarch64-windows/cacls.exe	file	851968	70c9729b8a3a1c15a54439d7f8088a7da9f7449d3ca2e06d06f940cb6b4e7988
runtime/dist-arm64ec-spike/lib/wine/aarch64-windows/cards.dll	file	355328	a14d9d4845063874f847cd832226b537eb5727af9ab4330b54f1713154f9e839
runtime/dist-arm64ec-spike/lib/wine/aarch64-windows/cdosys.dll	file	104960	c7a53bfb3c7d7d2b63e671d7f7401bb17154acd652ddd9af076fffe647181837
runtime/dist-arm64ec-spike/lib/wine/aarch64-windows/certutil.exe	file	851968	a37de8cad762950f534ba123aa3a47c530dfed700ae48dec9d2451b6c93e448a
runtime/dist-arm64ec-spike/lib/wine/aarch64-windows/cfgmgr32.dll	file	382976	56fa7dc0d3a5f10b009fa772905886e1dc9552a1209d8b0ac66558b7d42c9c05
runtime/dist-arm64ec-spike/lib/wine/aarch64-windows/chcp.com	file	917504	1398011de3714a1019b82f01e3e9f5d821c0e5e9a4636f183c97d6f7143a6ea5
runtime/dist-arm64ec-spike/lib/wine/aarch64-windows/clock.exe	file	851968	3658d6157917db09c87e954fbb24a577bf77e3c089635a50bb1dafa90d893d9e
runtime/dist-arm64ec-spike/lib/wine/aarch64-windows/clusapi.dll	file	141312	6ed9b5ca63890b765924c44374873acdb9cd48e5b152d1b12e5500a504994f3e
runtime/dist-arm64ec-spike/lib/wine/aarch64-windows/cmd.exe	file	2092032	08869ea074d8696ba449e94db0a7996dcea46cc3a43a7afb076d1b2759ff3c56
runtime/dist-arm64ec-spike/lib/wine/aarch64-windows/cng.sys	file	83456	63def801896f2e76621e96bb1b5697e1cbb6dd3dba7afafbb5c936e3a34738b6
runtime/dist-arm64ec-spike/lib/wine/aarch64-windows/colorcnv.dll	file	937984	b7ac69ed68ba240739e6d6019fcfb532189c86b77c7d72739d7650b9748b695e
runtime/dist-arm64ec-spike/lib/wine/aarch64-windows/combase.dll	file	2574336	9c4a9813524c88aa8cd8d7014a73005b3b16f3ca92dae5c2ae2cfbf237e07a05
runtime/dist-arm64ec-spike/lib/wine/aarch64-windows/comcat.dll	file	47616	50f199cf2843bfe383dd78cb2fcf564549d6455ca70ceb47b7dca0e95f382e19
runtime/dist-arm64ec-spike/lib/wine/aarch64-windows/comctl32.dll	file	6872064	e9f883321ad912b534e16be7fe25d6d687f7795a95d7406ff28fa621841ccd24
runtime/dist-arm64ec-spike/lib/wine/aarch64-windows/comctl32_v6.dll	file	8685056	2994dc0fe2bf1e64cac84e1557298a839fbb667d2a3bc74a448315e0ce6894bc
runtime/dist-arm64ec-spike/lib/wine/aarch64-windows/comdlg32.dll	file	3340288	3c0bd54163e5d51e8523f54d1e20c38932dd767148cfc72f1408f7924bdd281a
runtime/dist-arm64ec-spike/lib/wine/aarch64-windows/coml2.dll	file	738304	a953158d978238157a8ac8da3c324e8c44ae4c168aa63e0f9bf3f3213f1c32d8
runtime/dist-arm64ec-spike/lib/wine/aarch64-windows/compstui.dll	file	151040	3d506bb5dfadcebbd1fd4896d4c1f1192e7c0430f7ff1d8ce125b4d60c963610
runtime/dist-arm64ec-spike/lib/wine/aarch64-windows/comsvcs.dll	file	866816	ec05752d7d9b49b79071a02d54a9fc82fa30e69b406c04b1f03aa89447684952
runtime/dist-arm64ec-spike/lib/wine/aarch64-windows/concrt140.dll	file	868864	4e12c1f529597927b5ff11fdd753945427e6547efcb07a245b158b08fab5526d
runtime/dist-arm64ec-spike/lib/wine/aarch64-windows/conhost.exe	file	1245184	dd8e19a1931d534ac5e90502dabce27e61a78ffd119fe452320c7da7ae654728
runtime/dist-arm64ec-spike/lib/wine/aarch64-windows/connect.dll	file	87040	46a899b440e2f0d1b59b190f0a02332aa37ee4a633a67f6a80bbe0361297eda8
runtime/dist-arm64ec-spike/lib/wine/aarch64-windows/control.exe	file	851968	c0e5f59514d2b0ef7586e3d29bd18835e550981800ba0507874b06cd126f630e
runtime/dist-arm64ec-spike/lib/wine/aarch64-windows/coremessaging.dll	file	425472	60da8dcedebd8fff934fd0d9576d6e87a2ffe15d93dba10ab26c3b4a193c5531
runtime/dist-arm64ec-spike/lib/wine/aarch64-windows/credui.dll	file	325632	51dd1021668410c5b7be035dd40aec29f4addd9f84634f52b040e31ae867feac
runtime/dist-arm64ec-spike/lib/wine/aarch64-windows/crtdll.dll	file	5393920	729aef81cfb89bd10451f706a98f7d5fefa21c413ed4dd956bb342ade69dc101
runtime/dist-arm64ec-spike/lib/wine/aarch64-windows/crypt32.dll	file	5265408	e2ecdbc5638edf6c751ab0ce2ebf7b55e74d26b026ebebcebc75ccd530c6a801
runtime/dist-arm64ec-spike/lib/wine/aarch64-windows/cryptbase.dll	file	144896	f1fd3e86ea88f004cbc5ace894e69994af210e4ffe14ca49f8ca20a545595513
runtime/dist-arm64ec-spike/lib/wine/aarch64-windows/cryptdlg.dll	file	235008	1dbf7bc72e85a38952c9fb4da9e9923a728fe13411710582e0469e8e23dfaba8
runtime/dist-arm64ec-spike/lib/wine/aarch64-windows/cryptdll.dll	file	33280	a5fce5b22cdc8d65cfd2f6bc927a5d1236f56ba01add2a1586df2d71e3d8670b
runtime/dist-arm64ec-spike/lib/wine/aarch64-windows/cryptext.dll	file	152576	38486ca50c23b32fdfd2b1d2b234c573ce3b799cd74ce8184b45291cd22480b2
runtime/dist-arm64ec-spike/lib/wine/aarch64-windows/cryptnet.dll	file	479232	1c555c164329a694922738fd3e743b5b46cec53df02c74be4b2848d91d3496e2
runtime/dist-arm64ec-spike/lib/wine/aarch64-windows/cryptowinrt.dll	file	482304	2997da1c07669e9f27bdab707653ca7dcea402af1fa0221706038621fa916aeb
runtime/dist-arm64ec-spike/lib/wine/aarch64-windows/cryptsp.dll	file	135168	03f9bb7ae599758d445f798b92aa6c67be643d18aef68114ab42e86a94320e1e
runtime/dist-arm64ec-spike/lib/wine/aarch64-windows/cryptui.dll	file	2326528	302a2343465383671187124b192f3730d90d0093c33231a726759ec1a3c48d8d
runtime/dist-arm64ec-spike/lib/wine/aarch64-windows/cryptxml.dll	file	108032	7f40d2ff8f86345a5004914a831d24ed543abdcc4a49c95a8b9d0f4d9f594509
runtime/dist-arm64ec-spike/lib/wine/aarch64-windows/cscript.exe	file	1179648	b738e6a71cddee3be1a0e9bafebb75b3bae9a8278697c9ffa4ed40c9fa80714a
runtime/dist-arm64ec-spike/lib/wine/aarch64-windows/ctapi32.dll	file	104448	04177794318be149c52cb4f205f39744a50311af03e00b3e230d3f599408006f
runtime/dist-arm64ec-spike/lib/wine/aarch64-windows/ctl3d32.dll	file	46592	1d35630534903238f5d1f03cf35222f1c2dc1a838d32eb3236c0efc0bd51a6e7
runtime/dist-arm64ec-spike/lib/wine/aarch64-windows/d2d1.dll	file	9265664	e65f72bab5196434cb12b131bf70ba7de39355e4692868e7096685ad8408041d
runtime/dist-arm64ec-spike/lib/wine/aarch64-windows/d3d10.dll	file	2289664	3d946fa1dc38f7c5230fe16a2f6f7e269c3c133be5d2921b38026c3c13979829
runtime/dist-arm64ec-spike/lib/wine/aarch64-windows/d3d10_1.dll	file	268800	3265ef3eca4abc04e91a8d354cdeebe6c678e815708a61dcec4aa5601677bb0b
runtime/dist-arm64ec-spike/lib/wine/aarch64-windows/d3d10core.dll	file	226816	4af7027e6b02ce29dc50d8866a060d5482992deb790a7121622f22e009a6e27d
runtime/dist-arm64ec-spike/lib/wine/aarch64-windows/d3d11.dll	file	6543872	ab94c104ffa35e62540a3613c39874911c85be73900f188b8083065eb0dde162
runtime/dist-arm64ec-spike/lib/wine/aarch64-windows/d3d12.dll	file	967680	9dbb1d787d66b7c374ca38f4e84ebefdacbdab6bb9cd3b5add2e802d12213899
runtime/dist-arm64ec-spike/lib/wine/aarch64-windows/d3d12core.dll	file	32256	65ff0949caba22357e65ec08ec00005c20594fdc567a089b0695b6af23341d4e
runtime/dist-arm64ec-spike/lib/wine/aarch64-windows/d3d8.dll	file	1863680	96e19d4448d408318616b17d3bc8424c7b75c5ba96ae4a3ad334d4aec22281d8
runtime/dist-arm64ec-spike/lib/wine/aarch64-windows/d3d8thk.dll	file	53760	291816a86be9515736feaa9a3e322446df33e81ff787c18c13f1a94702ba60cb
runtime/dist-arm64ec-spike/lib/wine/aarch64-windows/d3d9.dll	file	3005952	46795e0fb4cf75bb4865e3e53caf06d698487dcfd52d2d50398f87410a1c5299
runtime/dist-arm64ec-spike/lib/wine/aarch64-windows/d3dcompiler_33.dll	file	1453056	148ba0e67644b3f88c3b2375a584178e43ab74a210a5ccc0e61c9dd9eee858ec
runtime/dist-arm64ec-spike/lib/wine/aarch64-windows/d3dcompiler_34.dll	file	1453056	449e3c2970ba6e1051e08ee60bff07809edd5bea73c58622a7981fa8ac03ec2e
runtime/dist-arm64ec-spike/lib/wine/aarch64-windows/d3dcompiler_35.dll	file	1453056	7c83272aaaa134b987432612f911953a658fbf2835f2e755d13ebbb3f2624788
runtime/dist-arm64ec-spike/lib/wine/aarch64-windows/d3dcompiler_36.dll	file	1453056	59c8fae9e8424dc1e3548b23f7279d8a7893220ccac73893b570792ce42500a3
runtime/dist-arm64ec-spike/lib/wine/aarch64-windows/d3dcompiler_37.dll	file	1453056	637dd2ae085a763109ac5aa74195fdc4a51b9f9a781b966a2cd3e1edf877d2be
runtime/dist-arm64ec-spike/lib/wine/aarch64-windows/d3dcompiler_38.dll	file	1453056	7cfb94018146c06d5b1e549fad884dde5d9a2a514f27c1cfeaea4b82d63dfec9
runtime/dist-arm64ec-spike/lib/wine/aarch64-windows/d3dcompiler_39.dll	file	1453056	daa66d70f66e29d16eacba94b007d8471a08672f696744cc77371ff20beec941
runtime/dist-arm64ec-spike/lib/wine/aarch64-windows/d3dcompiler_40.dll	file	1453056	bbd69f54ba1a6cb22597a16c18ee9c8c73c9f585da081afeb0f0a006905fcb9c
runtime/dist-arm64ec-spike/lib/wine/aarch64-windows/d3dcompiler_41.dll	file	1457152	bc1c25a1b5cf789fc670733a5ce5571cd962dfb1c2798b89125734d45b49407e
runtime/dist-arm64ec-spike/lib/wine/aarch64-windows/d3dcompiler_42.dll	file	1457152	a1cf8d67bea60835338f455e14bce3bb3519fec07c86e64b3a707d565ed3de82
runtime/dist-arm64ec-spike/lib/wine/aarch64-windows/d3dcompiler_43.dll	file	1526272	df06741b5c19a9dd3fbd98d54e6fd746a6a20c39ec8d3cd70c8da9319ff4bf88
runtime/dist-arm64ec-spike/lib/wine/aarch64-windows/d3dcompiler_46.dll	file	1459712	78670d736981b88d510bee019dab7df86d7a4e3cd4ce3b7f26d8e3210f00ae02
runtime/dist-arm64ec-spike/lib/wine/aarch64-windows/d3dcompiler_47.dll	file	1528320	50eabd780a88dfe5f2f076d16f4fad7c842e2e3839d3ca77af1bcf61f646cdd1
runtime/dist-arm64ec-spike/lib/wine/aarch64-windows/d3dim.dll	file	34304	12d99e36970064ae1998dd7fbb1abec52c599832aeb3521cc86923ca5422f6cd
runtime/dist-arm64ec-spike/lib/wine/aarch64-windows/d3dim700.dll	file	35328	628e14f367298fd93235a688457bcedc00b963b1b111bafab7b9a86a2924d151
runtime/dist-arm64ec-spike/lib/wine/aarch64-windows/d3drm.dll	file	3353088	d9d10b3e5adc0eecb05d05dbbce7172acc8a595a0306e9d00409f6a329c59289
runtime/dist-arm64ec-spike/lib/wine/aarch64-windows/d3dx10_33.dll	file	56320	7c6b7ddaacc1bc453fc16aa4808746995517a7457752a071d90c3cd0efc7999e
runtime/dist-arm64ec-spike/lib/wine/aarch64-windows/d3dx10_34.dll	file	56320	50eac7e088b60805fb22023968ba32165731b17004dac720aac02d03d452fbdc
runtime/dist-arm64ec-spike/lib/wine/aarch64-windows/d3dx10_35.dll	file	56320	b66874a638e49da935ff2e62b0c4f0c80d2a1e5dc609d6b2a091e88ec4753568
runtime/dist-arm64ec-spike/lib/wine/aarch64-windows/d3dx10_36.dll	file	56320	fb18b22e51c39ebea517d3eb990ccc9f42e2c90618a1dd83bc18df9402d17e75
runtime/dist-arm64ec-spike/lib/wine/aarch64-windows/d3dx10_37.dll	file	59904	7c3d0a487bc117f74f08cc1c93c36b28fb66b69432b95cd8730403a97262923f
runtime/dist-arm64ec-spike/lib/wine/aarch64-windows/d3dx10_38.dll	file	59904	fb0c8abc023bb5457437d3795ffd6410eacba0091fc0034f69d281b1164cde05
runtime/dist-arm64ec-spike/lib/wine/aarch64-windows/d3dx10_39.dll	file	59904	d882d11a6f2f9acf24eb52ec4a298267cdf97b06a36dde82d41eac1ae29243d1
runtime/dist-arm64ec-spike/lib/wine/aarch64-windows/d3dx10_40.dll	file	56320	991e91ad3a63ad788541d51580e56e273d6e8b57fe36af882ce850f8643cd934
runtime/dist-arm64ec-spike/lib/wine/aarch64-windows/d3dx10_41.dll	file	56320	0ab8e39616ef234231335423387fbdd425a016564958a045073543391e1dd478
runtime/dist-arm64ec-spike/lib/wine/aarch64-windows/d3dx10_42.dll	file	56320	47959a0df83de3a192c5ccced5712b65e7f977b24022e68e0f15eec5708fc7e6
runtime/dist-arm64ec-spike/lib/wine/aarch64-windows/d3dx10_43.dll	file	2572288	5590caf3a765c5e0a0cce25234df6ac50e020ca81affbda961eea9c78104ad4f
runtime/dist-arm64ec-spike/lib/wine/aarch64-windows/d3dx11_42.dll	file	97792	26d5d44c018b0fe18312431cc993c9bb9bd52ce471b3ca8474e902ada2c67cee
runtime/dist-arm64ec-spike/lib/wine/aarch64-windows/d3dx11_43.dll	file	1092608	35b91055aa7ccd76d915e18d9e38e42d7f06ffdabcbf149b278ff454b214f7a5
runtime/dist-arm64ec-spike/lib/wine/aarch64-windows/d3dx9_24.dll	file	5955072	07ff82a686607dd6f395425c57d2b4d335d6b01a394816a1e064f256101b75a0
runtime/dist-arm64ec-spike/lib/wine/aarch64-windows/d3dx9_25.dll	file	5955584	3fe7ae176fed8114bd43d5609989b111b0ab899cb8f002b3ddf6dc619ae80998
runtime/dist-arm64ec-spike/lib/wine/aarch64-windows/d3dx9_26.dll	file	5959168	b4866c8229aae57343b2e286077a234e29f477662fbd3fa5688450f010b12eae
runtime/dist-arm64ec-spike/lib/wine/aarch64-windows/d3dx9_27.dll	file	5965312	83d7e8009820d50e7211574e33a101c89c9a462b938aa42f9641ca5d8d2b0a0e
runtime/dist-arm64ec-spike/lib/wine/aarch64-windows/d3dx9_28.dll	file	5965312	ce878bbc3c909ac81a1e96def32d828942adcefd56540c75a14320cad469a206
runtime/dist-arm64ec-spike/lib/wine/aarch64-windows/d3dx9_29.dll	file	5965312	f5f7c3300dd851f3ec175dfc01d5de1c3f05ad25ffbeabcc2ec295f48854b331
runtime/dist-arm64ec-spike/lib/wine/aarch64-windows/d3dx9_30.dll	file	5965312	0b4c13c4c6a8f8e505cbef3699788902f3b468487878a24d349d484c8833c545
runtime/dist-arm64ec-spike/lib/wine/aarch64-windows/d3dx9_31.dll	file	5965312	1d36b59c440a36c96da5de378ae3d1748d6de3dae8bfe044c6d2ee3796155105
runtime/dist-arm64ec-spike/lib/wine/aarch64-windows/d3dx9_32.dll	file	5965312	0c77d755bfd4072cba83f12bc11c2f9fc94920ec8b45ad3ca51bfd406733a738
runtime/dist-arm64ec-spike/lib/wine/aarch64-windows/d3dx9_33.dll	file	5965312	d5e559bbb2820cefacf20591d2dffefca646ed7678c686132141666d36d39938
runtime/dist-arm64ec-spike/lib/wine/aarch64-windows/d3dx9_34.dll	file	5965312	9c8acb2c22012c67c7c1f7896d9aee1f34c4ad01e15322953c0acd9a2fa96899
runtime/dist-arm64ec-spike/lib/wine/aarch64-windows/d3dx9_35.dll	file	5965312	e74af575d1782236cdce8e675761c9d73ca2ca09b0a70d996e76fe3f012e343a
runtime/dist-arm64ec-spike/lib/wine/aarch64-windows/d3dx9_36.dll	file	5965824	6cd766c008ed26b94328461549208a29aeb042d67c30af72dfb6a0dd13fbfcb0
runtime/dist-arm64ec-spike/lib/wine/aarch64-windows/d3dx9_37.dll	file	5965824	437cafaaec434ebd9b6fc7f7d5a354eefccb255450832d013a5b8c9087ae2917
runtime/dist-arm64ec-spike/lib/wine/aarch64-windows/d3dx9_38.dll	file	5965824	41a18ffca62bdae228d1af765d52c433f872c619e1640196b15f510c97686e56
runtime/dist-arm64ec-spike/lib/wine/aarch64-windows/d3dx9_39.dll	file	5965824	21be401f4ffc1a8db2751c1eff28bc202ecb3b69f53077f43bcae2290f028533
runtime/dist-arm64ec-spike/lib/wine/aarch64-windows/d3dx9_40.dll	file	5965824	eacbb6990ed5cb8ac3e45ded0fdf59df65116093f37ca56827b468bcd7449de2
runtime/dist-arm64ec-spike/lib/wine/aarch64-windows/d3dx9_41.dll	file	5965824	5c4cd11636587dc54ff08f562be86487ad252537c0432b4fa4d3e2d5db6bdfbf
runtime/dist-arm64ec-spike/lib/wine/aarch64-windows/d3dx9_42.dll	file	5963776	6d0daca35b03015508cdb22cb7134a24527d131cdbe0dd4735dc9a88bf07c9f1
runtime/dist-arm64ec-spike/lib/wine/aarch64-windows/d3dx9_43.dll	file	5963776	760b40e6bbe7810c5125886a26f385458b00e375b6f1c1364dc2b627eff6e7e6
runtime/dist-arm64ec-spike/lib/wine/aarch64-windows/d3dxof.dll	file	1124352	9f2094c148d799949e75346ba8409d81542e4cdc06ab4f04e0d46e01320e523d
runtime/dist-arm64ec-spike/lib/wine/aarch64-windows/dataexchange.dll	file	368640	01698f40359033c93b0fa47ceea66114c28553bd98c1af8f72f9352e4f059bb2
runtime/dist-arm64ec-spike/lib/wine/aarch64-windows/davclnt.dll	file	91648	506fe72dcba175a9d2442d4776d8849a3c16638f1b2d42b3a6f44ee6b284884b
runtime/dist-arm64ec-spike/lib/wine/aarch64-windows/dbgeng.dll	file	1016320	3cf846d286f1cc3b6cdd7cab7aeb2fc58313c236d998ff363fc2c824b6b2723c
runtime/dist-arm64ec-spike/lib/wine/aarch64-windows/dbghelp.dll	file	5554688	e9cd5f34617e745c6667221a8ae3da6fe35361fca9ef286f9635de69c8fb4d3e
runtime/dist-arm64ec-spike/lib/wine/aarch64-windows/dciman32.dll	file	90112	f6797a7bf5d6712ae564345b76fd7aa5f79066bdfcf70055f2cf0ffc4d9ae94b
runtime/dist-arm64ec-spike/lib/wine/aarch64-windows/dcomp.dll	file	117760	6f7f23d9d8c7d7cc99f4dfd32d3b491ad0906ff550ed730ab5325d4392ca4dea
runtime/dist-arm64ec-spike/lib/wine/aarch64-windows/ddraw.dll	file	4923904	121e90a231be3ba2b924763a1fd2432f8ac302fb6cc8e92fc7953a56098fbeb3
runtime/dist-arm64ec-spike/lib/wine/aarch64-windows/ddrawex.dll	file	1313280	95e7fda61a777d5fe37825a25989c7989062ceb0d78a3c6b06af96d7b8a03743
runtime/dist-arm64ec-spike/lib/wine/aarch64-windows/desk.cpl	file	243200	c8b7a59d48ebe0ad7753629a027f4b9a43db9368739dda12ab375ce3a33e984e
runtime/dist-arm64ec-spike/lib/wine/aarch64-windows/devenum.dll	file	1206784	a23ce37cfb9f724b72a9d3d50662ebb96f8eb47b6220aed960fc317df0bdc9b0
runtime/dist-arm64ec-spike/lib/wine/aarch64-windows/dhcpcsvc.dll	file	132096	4417afaf0d8dc7b93bb8dd596f65a749a001575a765192e37a8b336a934ff6db
runtime/dist-arm64ec-spike/lib/wine/aarch64-windows/dhcpcsvc6.dll	file	38912	9e62eaa7365c4d3403b6bc934c23c6cf6403483ed37acb9c313f0456669d3020
runtime/dist-arm64ec-spike/lib/wine/aarch64-windows/dhtmled.ocx	file	1188864	d460b88fd566b36724432dc330d747d426c5efb149cd0345ee3cbad692d12530
runtime/dist-arm64ec-spike/lib/wine/aarch64-windows/diasymreader.dll	file	816128	e1e25a20045123721b1a56d78c77517bcad8f076d59eaf94fb42904be8527fae
runtime/dist-arm64ec-spike/lib/wine/aarch64-windows/difxapi.dll	file	105984	d4f531d6988d0b1cc7311a720e711d9a41baddf8cadf68f135f6debe178d6d7c
runtime/dist-arm64ec-spike/lib/wine/aarch64-windows/dinput.dll	file	2108928	0cc182e831a434ab1fbf703d231bed3b93aadbed0e11cd1bb851f107a9ca60e5
runtime/dist-arm64ec-spike/lib/wine/aarch64-windows/dinput8.dll	file	2105856	5e7fd86e9f034613c4fc736e87da868346c47d3e70f0c14bfad615d0cf487b4e
runtime/dist-arm64ec-spike/lib/wine/aarch64-windows/directmanipulation.dll	file	827392	03bdfa6571800f5cb38a9ec6e4bbb26e69c4e495e3c0b790312b736aa8dc8eea
runtime/dist-arm64ec-spike/lib/wine/aarch64-windows/dism.exe	file	917504	1cdbf8dc71975141ca1bc4b04bb87b5d0d4b9b44b0357f77bbc45795549d109a
runtime/dist-arm64ec-spike/lib/wine/aarch64-windows/dispex.dll	file	768000	45649273d846be8913a2f43dbfc0094f97c82de68b9092a4aa49e8a0e6c1bef1
runtime/dist-arm64ec-spike/lib/wine/aarch64-windows/dllhost.exe	file	672768	1ee385d6a163ce2f7583b90d63fb325beacedb692ea081f242b1ca5bafc5f3f0
runtime/dist-arm64ec-spike/lib/wine/aarch64-windows/dmband.dll	file	617984	974b932bde180c3dacc975703a73d6907b0d5c8e55ee3da52e527584f5c0af2b
runtime/dist-arm64ec-spike/lib/wine/aarch64-windows/dmcompos.dll	file	1154048	efa38056106e8868377eb8e9882a99e961e4f4e7dd78d49da68cc6fd08dbfbb0
runtime/dist-arm64ec-spike/lib/wine/aarch64-windows/dmime.dll	file	2992128	660dfef64e27470d5044d6a74d0ad57bdfccbf90264f4c2a8690ab06ff9647bd
runtime/dist-arm64ec-spike/lib/wine/aarch64-windows/dmloader.dll	file	1248256	69c7dec8b98621cea529ded0138b2b0e5ca08582ee0dd8dbd8c37c6aadc37fec
runtime/dist-arm64ec-spike/lib/wine/aarch64-windows/dmscript.dll	file	1082368	db6687ea33ad63c34e95e6f0036a6f466100f33248a21d831950633c2d52275b
runtime/dist-arm64ec-spike/lib/wine/aarch64-windows/dmstyle.dll	file	1639424	2018222679c80fc7b36255e14329b9d7228477f79279879aa6241a39708152e9
runtime/dist-arm64ec-spike/lib/wine/aarch64-windows/dmsynth.dll	file	4435456	2607fb0f8418fb37713a82bdf2eff630e0e7b22c2be1bc25488cf73e3d8b3eed
runtime/dist-arm64ec-spike/lib/wine/aarch64-windows/dmusic.dll	file	1756672	3fd17a317fcb94d9fba362081466b8fcc71ec8d7aa1f5ffac02f8b7279a46bcd
runtime/dist-arm64ec-spike/lib/wine/aarch64-windows/dmusic32.dll	file	77312	e83f99eb9d9dc421bc1986b7a46a4880412f35982c9a60ed556650dd1a19a2eb
runtime/dist-arm64ec-spike/lib/wine/aarch64-windows/dnsapi.dll	file	466944	246895238add1675ada385b4dc797e80b94701c8e6b27ac0ec5b90c4535dbfdf
runtime/dist-arm64ec-spike/lib/wine/aarch64-windows/dplay.dll	file	31232	e3d185d32dd2de6c73d3400d71d39725db9a28b952e150f1eca160d5a9ff521a
runtime/dist-arm64ec-spike/lib/wine/aarch64-windows/dplaysvr.exe	file	917504	d7b252a69e6ae163505868cc46b126f8e662aeb1b23bf5f309c1720acd354b91
runtime/dist-arm64ec-spike/lib/wine/aarch64-windows/dplayx.dll	file	2177024	806e3a442682de92a1d19e7cc32cac9d41d9e821f7c27002b8fc4fd3ab4524a8
runtime/dist-arm64ec-spike/lib/wine/aarch64-windows/dpnaddr.dll	file	31232	63aa3e325ac3fc7172eb508c6218253b2dd74159343d8e08dccca8a514b983c8
runtime/dist-arm64ec-spike/lib/wine/aarch64-windows/dpnet.dll	file	1142272	845d89f8fa4e59a8b3dbb8d6f182baf4cb4170dba6eb58574d1ac54d71c83be2
runtime/dist-arm64ec-spike/lib/wine/aarch64-windows/dpnhpast.dll	file	103936	26e109e00e634a86748dff40cc3ff1fe25921e213f0c19f92d19b73517d16dc9
runtime/dist-arm64ec-spike/lib/wine/aarch64-windows/dpnhupnp.dll	file	108032	5522cc71c229164880eb666b1133dbac0ede3821e65236c24b7c2ab2c0b6974c
runtime/dist-arm64ec-spike/lib/wine/aarch64-windows/dpnlobby.dll	file	31232	9f70589a402d1f83f96c0c3872c01ba8cf46909f76b7c12a4af827cacbe3f4c8
runtime/dist-arm64ec-spike/lib/wine/aarch64-windows/dpnsvr.exe	file	56320	1549d7834272603df78507c8ec961d13e27f7b22ae68fea116576763e73a0fb4
runtime/dist-arm64ec-spike/lib/wine/aarch64-windows/dpvoice.dll	file	777728	f81043137233c981db76cb062e62e6281bd35b6073d91d999d4c7c46cc9119fa
runtime/dist-arm64ec-spike/lib/wine/aarch64-windows/dpvsetup.exe	file	917504	babd26dba79c3d2a638baf32951cad9dc5b190016e9cbf284c83420d5029153a
runtime/dist-arm64ec-spike/lib/wine/aarch64-windows/dpwsockx.dll	file	314368	7032fd8950552df069aef85ebfdecc3c699c0984470b8b22d1772c2032509708
runtime/dist-arm64ec-spike/lib/wine/aarch64-windows/drmclien.dll	file	55296	d679e016eb13ef9be28d29aa251d2137d7f5b06da32647ed10c95b0cf46056f7
runtime/dist-arm64ec-spike/lib/wine/aarch64-windows/dsdmo.dll	file	965120	6aa6947193a3164b5e5f0feea53b9603637c7f5918f6834d28f671cba7ae2c43
runtime/dist-arm64ec-spike/lib/wine/aarch64-windows/dsound.dll	file	2486272	5ee55ef08eeb3fbff8cefa1d5bb03fe78e6c11d1a58180dde8a170b24445ce51
runtime/dist-arm64ec-spike/lib/wine/aarch64-windows/dsquery.dll	file	706048	b7197ecba5d9cc50a3018bb10a1e5f11f6cae43ad808a91d64341dd9519616fc
runtime/dist-arm64ec-spike/lib/wine/aarch64-windows/dssenh.dll	file	248832	a452c843b727a64c41d843c26c279a402d79b9ec7cbb598a758fc834fa8b7497
runtime/dist-arm64ec-spike/lib/wine/aarch64-windows/dsuiext.dll	file	689664	a8f53a2208d4692168c08beb34c1dc669cb651f5837a6c2a07b5254ba44c07c3
runtime/dist-arm64ec-spike/lib/wine/aarch64-windows/dswave.dll	file	954368	13ceb1d12b434a182f33f69f82c6e0e6c8b024703af0b57fc9e71085b49d6e6c
runtime/dist-arm64ec-spike/lib/wine/aarch64-windows/dwmapi.dll	file	156160	50727d48940ce34e767a886bf71c1594636b2f88325b083f7ae500ebd2d9fe58
runtime/dist-arm64ec-spike/lib/wine/aarch64-windows/dwrite.dll	file	5037056	d50ecc88cf67278a3747cb60c3199afc61aba0ed03ceab1457c48dd225e8d56a
runtime/dist-arm64ec-spike/lib/wine/aarch64-windows/dx8vb.dll	file	697856	31fbf5b225446fb7287bbc3491cfd07fd940340bbff272fe3d4f45cd48fa0df2
runtime/dist-arm64ec-spike/lib/wine/aarch64-windows/dxcore.dll	file	194048	c48666938ae6f6064d72e10dbc20d9662176d81e1785ce8ac2bf28bd895a35b3
runtime/dist-arm64ec-spike/lib/wine/aarch64-windows/dxdiag.exe	file	409088	4de64eb037e8546993e71009e4f20e0e5cb19066ead7b3bf7d5e416345eb748c
runtime/dist-arm64ec-spike/lib/wine/aarch64-windows/dxdiagn.dll	file	873472	a7d902dc7bad7e1f3a58be70e8e44b413f1c810a7bba284d110c21f43dddbd07
runtime/dist-arm64ec-spike/lib/wine/aarch64-windows/dxgi.dll	file	2514944	6325061f6362ea6f7764f5408ef4d252be37c8deeb4c4316a375d60970e9e3df
runtime/dist-arm64ec-spike/lib/wine/aarch64-windows/dxtrans.dll	file	108032	ebeb519fc481a3992da317ee4945180b80a5f2e32a3175e590f7b3ba8cf70f9c
runtime/dist-arm64ec-spike/lib/wine/aarch64-windows/dxva2.dll	file	909824	d7738ac0f6222309c5646874f6954150d6563f3fcd078cc4650c1e0253f64158
runtime/dist-arm64ec-spike/lib/wine/aarch64-windows/eject.exe	file	851968	df6aedd30942a1c8046f445cc581b005bca9e9121e51a3755ac37189f89d9be1
runtime/dist-arm64ec-spike/lib/wine/aarch64-windows/esent.dll	file	157184	1f73ba3e51ab5cb1c10459c554b9ddbdee961d0406b1a660628fbd0d22003157
runtime/dist-arm64ec-spike/lib/wine/aarch64-windows/evr.dll	file	3311616	05af7b3c824a458df449c3650e1bda6254f4f30ab41029bdd44961fb59317624
runtime/dist-arm64ec-spike/lib/wine/aarch64-windows/expand.exe	file	786432	7a39df8f00b557553bfffebd9a6ab85e7a96dd47d761d9704c194a9a9d5b2518
runtime/dist-arm64ec-spike/lib/wine/aarch64-windows/explorer.exe	file	1245184	af97d37852b18a1ec4a8dd942022ab8ebb0f2816a7b9b72ec7a6e1da58b6512d
runtime/dist-arm64ec-spike/lib/wine/aarch64-windows/explorerframe.dll	file	938496	a95fba4cf9c757647bf298012d28cf157c69297f79318f2f96a12672b7a76bbf
runtime/dist-arm64ec-spike/lib/wine/aarch64-windows/extrac32.exe	file	917504	05b62172595539f5b63075becfeaf6a481ebcf1e8ccbb61da7942543755ef4fa
runtime/dist-arm64ec-spike/lib/wine/aarch64-windows/faultrep.dll	file	106496	3d41c53948f2640aebedfb19f182ea5b0fc175dd64c5244bf8cc8075b84313b9
runtime/dist-arm64ec-spike/lib/wine/aarch64-windows/fc.exe	file	917504	138447555e43c25c389b509b451667630f31f2e85a7e26ee4465f76534a3f0ec
runtime/dist-arm64ec-spike/lib/wine/aarch64-windows/feclient.dll	file	47616	5b1f18556f5c139d965f149d1002f3df9dfc2b5ad39dc23cf468050724245f95
runtime/dist-arm64ec-spike/lib/wine/aarch64-windows/find.exe	file	917504	55dece8699acfa5f7761b4a176f499ccffaf52d06327b53d5d2c585210553bbd
runtime/dist-arm64ec-spike/lib/wine/aarch64-windows/findstr.exe	file	917504	8920566b9b25ec16d0f342c604a825ae5f7a23944f40a57215141b49e66a7b17
runtime/dist-arm64ec-spike/lib/wine/aarch64-windows/fltlib.dll	file	101888	664615fcd49c6efc13f391e79ab43862e67af23d6d2802d0461158cabc3fb893
runtime/dist-arm64ec-spike/lib/wine/aarch64-windows/fltmgr.sys	file	233472	eaed569b48335d575784b829432150361597bb44b80000f5ba83e35e719a43cb
runtime/dist-arm64ec-spike/lib/wine/aarch64-windows/fntcache.dll	file	103936	712a665344a16647193692cbdf4e5d30290883171837fb2caa3e0958bc00104d
runtime/dist-arm64ec-spike/lib/wine/aarch64-windows/fontsub.dll	file	80384	01ef31774775ebd7579aab695fef9042aecd4b7ca4b2e7d6a7155088beebefa0
runtime/dist-arm64ec-spike/lib/wine/aarch64-windows/fsutil.exe	file	917504	37f902d79c1e3507990b7560e98f6ce5621989e26ecceea96d080e1da302b46b
runtime/dist-arm64ec-spike/lib/wine/aarch64-windows/fusion.dll	file	459264	2162d8ac88ebffed3d56441f80e875ad1039614fe1cbea8cd33b92692f4974c5
runtime/dist-arm64ec-spike/lib/wine/aarch64-windows/fwpuclnt.dll	file	159232	7cdaf279a7ced76936305a3abfe9598d1fe5d2e8a981dfad5be2a63b4f9edb9e
runtime/dist-arm64ec-spike/lib/wine/aarch64-windows/gameinput.dll	file	144896	38e29deb4e22ce859d775f1df233387dd1494eef3a1d5c423c0ef07410a4cc34
runtime/dist-arm64ec-spike/lib/wine/aarch64-windows/gameux.dll	file	1070080	222b5e4ea74548fe23084380dc7722c28b98a95007de91d6bc9b853be2bd5b3a
runtime/dist-arm64ec-spike/lib/wine/aarch64-windows/gamingtcui.dll	file	93696	10efe65ddacf44578929095e3508fc01ead3bd92ac7c50c007160c08648e4b98
runtime/dist-arm64ec-spike/lib/wine/aarch64-windows/gdi32.dll	file	4028416	bb7c4ceaf71e2c6ce98f0b360f702f78c39f039debb948371035cf795323142f
runtime/dist-arm64ec-spike/lib/wine/aarch64-windows/gdiplus.dll	file	4841472	767963ef9054d3dfeb0537eb29606e0b5b98a714bfac9d72c89e82cad70e6634
runtime/dist-arm64ec-spike/lib/wine/aarch64-windows/geolocation.dll	file	224256	687d368883d69cb9f3e2c738e1ba47565438499aa8fea232b5f6a300e34334c4
runtime/dist-arm64ec-spike/lib/wine/aarch64-windows/glu32.dll	file	1211904	1318de8eff238dfb936a6424f11efca7f4a61e2c86ad9a8a09bdc239e65a22e7
runtime/dist-arm64ec-spike/lib/wine/aarch64-windows/gpkcsp.dll	file	55296	57809c1e87e5bc28fb767e415dd2a83e87457f8758b75eda548ee3a9cc4f91f4
runtime/dist-arm64ec-spike/lib/wine/aarch64-windows/graphicscapture.dll	file	305152	a6c08ef47d3d92c817a0753e05473977741763e0af07d3a6efd565488193f02e
runtime/dist-arm64ec-spike/lib/wine/aarch64-windows/hal.dll	file	123904	6c88933c0a26d082b37e87548a2124e09c08889289b763d66d776e7a7d08ca41
runtime/dist-arm64ec-spike/lib/wine/aarch64-windows/hh.exe	file	917504	8285adab41f625b726ee4a2aab0f24c1a5a036b1c12c9cb7aa938cdc7dd9c63a
runtime/dist-arm64ec-spike/lib/wine/aarch64-windows/hhctrl.ocx	file	1893376	462c21fc411d597d024a97c11480269ab07a0698052ca567047b9dd10781d058
runtime/dist-arm64ec-spike/lib/wine/aarch64-windows/hid.dll	file	289280	4a9a445b071cffc4f6c738cf25a2a6b9d7b580ce837bb14fa4aa656883bd3361
runtime/dist-arm64ec-spike/lib/wine/aarch64-windows/hidclass.sys	file	389120	fcc6658ac2974597a622fe161fbd0f5feead5c8be1424075a86bc2497b8698bc
runtime/dist-arm64ec-spike/lib/wine/aarch64-windows/hidparse.sys	file	339968	4925ee190e2ef89d47a56a346e03a35a6cacc627d16e5b0ec60405d0745058f6
runtime/dist-arm64ec-spike/lib/wine/aarch64-windows/hlink.dll	file	1107968	ca85f0b288de2bef71a0939c55a524f8121be79a3fc5b1d890589dbf130bb2df
runtime/dist-arm64ec-spike/lib/wine/aarch64-windows/hnetcfg.dll	file	1236992	aa8b3cc49099af46db0ee78e6b51a08b28142f30e2911e8f8f8894f93372fa92
runtime/dist-arm64ec-spike/lib/wine/aarch64-windows/hostname.exe	file	983040	7ea892d2b60251f4b5c23de77961edafa5dec5f1231abac7912eb5f9174b1517
runtime/dist-arm64ec-spike/lib/wine/aarch64-windows/hrtfapo.dll	file	81920	3f992b34bc4f5f6281182f6e186835e4c5e018235dbf102e7b4719e117e79778
runtime/dist-arm64ec-spike/lib/wine/aarch64-windows/http.sys	file	292352	f65b4dc45e059cbe9cb74dca16a3ff27dc7e1a2fa0666e47036db7df5cd161a7
runtime/dist-arm64ec-spike/lib/wine/aarch64-windows/httpapi.dll	file	212480	ccdbd97da478ab355f1f3f09fb0c69883c4e9b82674a4d0f49d3af5ca74d007e
runtime/dist-arm64ec-spike/lib/wine/aarch64-windows/hvsimanagementapi.dll	file	183808	4acbd7f276865b888412307fce1d22f398ddae3c0e50de9e9793dbe88ee9f18a
runtime/dist-arm64ec-spike/lib/wine/aarch64-windows/ia2comproxy.dll	file	176128	23f6548806c6e505429ec8f9b49c94776227e41f81598c33e23a637cdd406c9b
runtime/dist-arm64ec-spike/lib/wine/aarch64-windows/icacls.exe	file	851968	5bcdbe9d4a996e3677f4ac2371ef39425e7f15e0c34b792b42801ea152906924
runtime/dist-arm64ec-spike/lib/wine/aarch64-windows/iccvid.dll	file	178688	e6e3864824fa0a61fd8f54aa95010e51e111282d094e524028b82ca05feb5070
runtime/dist-arm64ec-spike/lib/wine/aarch64-windows/icinfo.exe	file	786432	6c06a86823a6cf870aa3f6585170d8aa2f0cde8d23c8c5d6454c6fd1fc07d0d2
runtime/dist-arm64ec-spike/lib/wine/aarch64-windows/icmp.dll	file	131072	f0ddd5a1e432d8f8c1bc5bd8544dce84a0587f4bef580b909125899f190024f1
runtime/dist-arm64ec-spike/lib/wine/aarch64-windows/icmui.dll	file	78336	4b01fb34a46b7323c3792e219c6f61c39a3f8c7f522b85e9245237395fcc5097
runtime/dist-arm64ec-spike/lib/wine/aarch64-windows/ieframe.dll	file	5421056	9f83360915c22d130d6e1d98fa35dca978a9d668b3e3a776fa7206bb706e957f
runtime/dist-arm64ec-spike/lib/wine/aarch64-windows/ieproxy.dll	file	666112	3240afdda0d5eac77d5a87e17aaeac26e803f6212a712825650b239290fb39be
runtime/dist-arm64ec-spike/lib/wine/aarch64-windows/iertutil.dll	file	195072	b7f882ba545e23cb9422a87d834538107e18ad439aa388bff010d9aaa4dc557a
runtime/dist-arm64ec-spike/lib/wine/aarch64-windows/iexplore.exe	file	1048576	a7c965ed6699ff057c6f0c29e76a1052f891f219a1f1548a5e86a9afd0411356
runtime/dist-arm64ec-spike/lib/wine/aarch64-windows/imaadp32.acm	file	161792	5a734b36f084e0cce6ba92eac210664535d4f7f6e3496c72a2dd021fcb633b41
runtime/dist-arm64ec-spike/lib/wine/aarch64-windows/imagehlp.dll	file	310784	9fe2d62fb9758b5c918ba06346e6211230c3439754b34f225eff1e4a2713c562
runtime/dist-arm64ec-spike/lib/wine/aarch64-windows/imm32.dll	file	772096	a5c8a51513a8f32a9dc55116d25c6ae82b2b571e32f21328ac00dfc8cd927910
runtime/dist-arm64ec-spike/lib/wine/aarch64-windows/inetcomm.dll	file	2138112	445d7b9edee52de38b7b0c10932e91bf04102fecc439e56e7646b641a1ed6966
runtime/dist-arm64ec-spike/lib/wine/aarch64-windows/inetcpl.cpl	file	580096	37c2c61b697607f97163868fd7a6fe72952d6a8914a34bc621a542803ca641c1
runtime/dist-arm64ec-spike/lib/wine/aarch64-windows/inetmib1.dll	file	241664	8b1410438985502ae85f0e71096c531788f4949fd04f1b9320bf9cc52b156bd5
runtime/dist-arm64ec-spike/lib/wine/aarch64-windows/infosoft.dll	file	678400	2ea0fc38c13a87e8125e4202389ef05ca7054edd9819d88c8fc5cd42a2e122dd
runtime/dist-arm64ec-spike/lib/wine/aarch64-windows/initpki.dll	file	48128	f97d8a8e7425f2b72a2ba3da4bf966eb8ce8c474be56affc316b5f219ed92a80
runtime/dist-arm64ec-spike/lib/wine/aarch64-windows/inkobj.dll	file	104448	4442e2cee4ab01e08718b7a2863461b5f4522bbd3c370ab82ae9eec63986c649
runtime/dist-arm64ec-spike/lib/wine/aarch64-windows/inseng.dll	file	709120	11333da08709a338467cfaaf9b82eb8b244e89e419dd649eddb94a6a56be9cc6
runtime/dist-arm64ec-spike/lib/wine/aarch64-windows/ipconfig.exe	file	851968	e6572defe94fe5b13de8a961019efeb2c48750b785dc60d3dd9077cf8236b539
runtime/dist-arm64ec-spike/lib/wine/aarch64-windows/iphlpapi.dll	file	1232896	3c30e70e6b6c912a667790015fc8a7f5fea05a295dbac926153d21867ab83e1a
runtime/dist-arm64ec-spike/lib/wine/aarch64-windows/iprop.dll	file	30208	4317c9cc8b0d90645febd82c56a01c23db081f65e1f7098c66fa30f527445376
runtime/dist-arm64ec-spike/lib/wine/aarch64-windows/ir50_32.dll	file	278528	a055bbbc865808d0f27b9ce7da92e5220b8db06ec250574b70d91ac8e4b624fe
runtime/dist-arm64ec-spike/lib/wine/aarch64-windows/irprops.cpl	file	47104	814792ab4c79bf6dba115a3f469ec40cb98b13950ad495b201d04930f8d47a5c
runtime/dist-arm64ec-spike/lib/wine/aarch64-windows/itircl.dll	file	49152	f5583252116d17aeadcc291e70d069b89316295592d11675c694707281c5b338
runtime/dist-arm64ec-spike/lib/wine/aarch64-windows/itss.dll	file	1154560	8a1b4d889635b61c17ed54d22e6e68ecf08860683f85808b82b7cd0e18cef5ab
runtime/dist-arm64ec-spike/lib/wine/aarch64-windows/joy.cpl	file	782336	1eef7cb174016ba27f48dd7057ca0c28893c4effb26debc7044296cdbd7346f0
runtime/dist-arm64ec-spike/lib/wine/aarch64-windows/jscript.dll	file	6293504	350c7af67641fad5d735047c527a151f621569d60838729968b43c331fad1b16
runtime/dist-arm64ec-spike/lib/wine/aarch64-windows/jsproxy.dll	file	722432	031379aab94e3aadd16786762ebf73ff33414e919f43e0d6e72129be2c38cb58
runtime/dist-arm64ec-spike/lib/wine/aarch64-windows/kerberos.dll	file	248320	cf58a8fa6a88589387a7e053d16a60567998eea55c85bbde0186345abb24296e
runtime/dist-arm64ec-spike/lib/wine/aarch64-windows/kernel32.dll	file	2215936	f3883707e4a34ae9f41fb22ae038dcf9e23abca4a3a7bd99ff355bfd9bfdfb70
runtime/dist-arm64ec-spike/lib/wine/aarch64-windows/kernelbase.dll	file	8528896	893c63594d62549ebc495cd2638784e18ac83f91db59f51c6a422e14b8f58c84
runtime/dist-arm64ec-spike/lib/wine/aarch64-windows/klist.exe	file	983040	53c8a90b208bde873bfafe11b207b7fb2d169050c45f2b45f519dc8cebe2025b
runtime/dist-arm64ec-spike/lib/wine/aarch64-windows/ksecdd.sys	file	163328	c79ac0679df898b005bcbc55dfa8ce93dbdb9bfdd0782fa7b941631de67f657f
runtime/dist-arm64ec-spike/lib/wine/aarch64-windows/ksproxy.ax	file	50688	7ed43f67f36a8be164c48547e9393c5988352da3a4c205da8d08d0d30a7ab318
runtime/dist-arm64ec-spike/lib/wine/aarch64-windows/ksuser.dll	file	33280	a7226ec41e6a592463ae68c337b7e5826a0fa0553110a163792dbcd6a4ec2388
runtime/dist-arm64ec-spike/lib/wine/aarch64-windows/ktmw32.dll	file	56320	ea508b99342c3c00d0c59f1ee46f2f92d5967dc307d5a7e306ad50a1cb933723
runtime/dist-arm64ec-spike/lib/wine/aarch64-windows/l3codeca.acm	file	2126848	1cd65fd94309709a7fde67b594f2b293fa5e3bd8464a52f080d4aefe032f35a5
runtime/dist-arm64ec-spike/lib/wine/aarch64-windows/l3codecx.ax	file	765440	6d6a432d507190a3cb550f7860bf2f7228c92ca7744e33025438dc21b044bbde
runtime/dist-arm64ec-spike/lib/wine/aarch64-windows/libaclui.a	file	2472	c016f2ffd130dc5fddabad308e7e241e02013e0dececa314c2838d827c9400f9
runtime/dist-arm64ec-spike/lib/wine/aarch64-windows/libactiveds.a	file	7958	49e03e67b13e2fa97c67992b8ed11fb01073c754405bd25c79ef2e574214aaf2
runtime/dist-arm64ec-spike/lib/wine/aarch64-windows/libadsiid.a	file	11412	8599391950830ce3ee0b3b65b25f089bbe23cf5d6cc1acfb6c53f8e96827857c
runtime/dist-arm64ec-spike/lib/wine/aarch64-windows/libadvapi32.a	file	253268	030239966cd54984e7349b4966e1edc7ff178753b1af9141a3245b97ab5694e6
runtime/dist-arm64ec-spike/lib/wine/aarch64-windows/libadvpack.a	file	36550	6c53e9f8aabc5f75b59c68d91cb891c7b0d32f5ebb34e4364dd1e3a0049c0471
runtime/dist-arm64ec-spike/lib/wine/aarch64-windows/libatl.a	file	22696	568705ea95f83e647368456a164924dbe0f15a7ebbb7fc5f25fc1a228e4b3c01
runtime/dist-arm64ec-spike/lib/wine/aarch64-windows/libatl100.a	file	22830	d9ca459f506c5f101eff43411118bd85c56eb3dde6947fbb057ae91c99253c2e
runtime/dist-arm64ec-spike/lib/wine/aarch64-windows/libatl110.a	file	22830	b75b547bbe3bba2bc1d75990be37386abfe331abed07b3d42b43c3579f3cc643
runtime/dist-arm64ec-spike/lib/wine/aarch64-windows/libatl80.a	file	22716	a3464c371e09b05fc25e0ec930b405967cc49e4cad4e4d8b518acee81af4374e
runtime/dist-arm64ec-spike/lib/wine/aarch64-windows/libatlthunk.a	file	3164	22e4686f295f24add78062378c031308db33cb14d6ac943a93d773fb71c7689b
runtime/dist-arm64ec-spike/lib/wine/aarch64-windows/libavicap32.a	file	3382	e6e678d5d151c9dc42e81e6cfc446ee066438bdc1f90e49a24fa718da872d2c5
runtime/dist-arm64ec-spike/lib/wine/aarch64-windows/libavifil32.a	file	33086	584396bf19a2e95ce15ddf68075479e5a9031fbdc16bf4825baa8de31e199775
runtime/dist-arm64ec-spike/lib/wine/aarch64-windows/libavrt.a	file	5232	25efbece3f7b2183e833c0d9f21b2ff3bd9a8367d9677913305f5162f70f7404
runtime/dist-arm64ec-spike/lib/wine/aarch64-windows/libbcp47langs.a	file	2338	4016fd427e30ed2cbd9a80f9af26ad62226ca5f8632937fbcfee77cc1470fa24
runtime/dist-arm64ec-spike/lib/wine/aarch64-windows/libbcrypt.a	file	19632	fc77b58684624919db5aa5eb705aa431cedd3f93c4df8fb4f09a7e8872eeee97
runtime/dist-arm64ec-spike/lib/wine/aarch64-windows/libbluetoothapis.a	file	14316	76b21d58c915e091a77ecd1e59f56f06f5cc93aa99bd2ff2dd2574a715b3f39a
runtime/dist-arm64ec-spike/lib/wine/aarch64-windows/libcabinet.a	file	5448	f240cefd8538185436971ba780bcfcb30f6b6d3f1b44fa80eebc5d31c2db4b57
runtime/dist-arm64ec-spike/lib/wine/aarch64-windows/libcards.a	file	3000	993b42c620afc3c285769bc22a520a49fbfa1f6c94219c18bc18a537e1404c5b
runtime/dist-arm64ec-spike/lib/wine/aarch64-windows/libcfgmgr32.a	file	37074	7f086e7d6c7d5fb857acd20a65691168385224303b6f1bd96a56433c677daf7f
runtime/dist-arm64ec-spike/lib/wine/aarch64-windows/libclusapi.a	file	4252	2b1b492dd19102ff74eda2d6fa13f2cd5e3d803526ad837de0a2fb863ebf2ac6
runtime/dist-arm64ec-spike/lib/wine/aarch64-windows/libcombase.a	file	89962	d31d823e03ad51d56fb7db3ec68cf1ce4a6e103994607fb248bbcca30e5189f1
runtime/dist-arm64ec-spike/lib/wine/aarch64-windows/libcomctl32.a	file	64750	ea375e36c0a5d1239df2e5b683047e3fee454007e1299f5100453720224af61c
runtime/dist-arm64ec-spike/lib/wine/aarch64-windows/libcomdlg32.a	file	9598	3951e3abc8e15a269e9badbcab2b6595f582028454ee1ee36a8b7b9c10587ad4
runtime/dist-arm64ec-spike/lib/wine/aarch64-windows/libcoml2.a	file	6558	025833c52090b77c14e0070d91e47b07eccbc352e98530a84b6e0f8548644f9f
runtime/dist-arm64ec-spike/lib/wine/aarch64-windows/libcompiler-rt.a	file	179470	ab87073e61b09ce0609ee2c5ee9da7c39711c2a1beafa1ab0a6c8e1bc941c66a
runtime/dist-arm64ec-spike/lib/wine/aarch64-windows/libcompstui.a	file	3182	9863586b91a1054a044b37bda6f75f48dd15b9407ffe3bc7dc181250140aa183
runtime/dist-arm64ec-spike/lib/wine/aarch64-windows/libcomsvcs.a	file	1316	cfc9c3dd3d32b98e57bb079b2019baa8f90207f50f07026cb04110abf7319bdc
runtime/dist-arm64ec-spike/lib/wine/aarch64-windows/libcoremessaging.a	file	2062	eacbd7d718bf316bcdf89647aefb5858012ced0ebcb80e544f5321a8616089b3
runtime/dist-arm64ec-spike/lib/wine/aarch64-windows/libcredui.a	file	7438	e950a348ec87ea8ff50e91ef5dd8a8fa7222ad73e2550bcc7b87cabd3406c426
runtime/dist-arm64ec-spike/lib/wine/aarch64-windows/libcrypt32.a	file	108322	4216974f96ecb77feb33ad25210f750f35a4504e0def54e44050e8c236011e8a
runtime/dist-arm64ec-spike/lib/wine/aarch64-windows/libcryptdll.a	file	2358	86c3d5e614c2b60bf6c1071b8e57af33df7abda859a888831000cefc756955f3
runtime/dist-arm64ec-spike/lib/wine/aarch64-windows/libcryptnet.a	file	3340	e8eebdd5bca432f95386cedc131a7d78d279c9ba8225007bb210e0a4c7b218e1
runtime/dist-arm64ec-spike/lib/wine/aarch64-windows/libcryptsp.a	file	29668	1955880a455d2afc764927f1967285822e5e2b5bae2daf4adf13025cdb793cdd
runtime/dist-arm64ec-spike/lib/wine/aarch64-windows/libcryptui.a	file	7972	b47adc3054266efb59af2497f5919a293c10934b9fdadbd0b3a4b6194ddb006a
runtime/dist-arm64ec-spike/lib/wine/aarch64-windows/libcryptxml.a	file	4114	9aaa22f38f5588f8b9fdb8930755f8e71928ddafe55f7e5fc6afb2e1511c3ae5
runtime/dist-arm64ec-spike/lib/wine/aarch64-windows/libd2d1.a	file	6598	d957a09e72170029d31cda748fc48290ad2610d8d21f57638e40b651c90bf759
runtime/dist-arm64ec-spike/lib/wine/aarch64-windows/libd3d10.a	file	14718	62f82733a22f0dbb974783f63c8767f34fafdb62e4281537d64b011151aceb5f
runtime/dist-arm64ec-spike/lib/wine/aarch64-windows/libd3d10_1.a	file	14862	f61088c54ecc86ddcb4a08411deb21d13ca66270b41f5be4febf2649b4678aa1
runtime/dist-arm64ec-spike/lib/wine/aarch64-windows/libd3d10core.a	file	2336	ff550e9f411eb9d407569e64edb192b27581a071bee1ba279202372b1d74ec24
runtime/dist-arm64ec-spike/lib/wine/aarch64-windows/libd3d11.a	file	7402	3f23e73b8eaed07463a210fdc1981d42569390cecad9012b8232ab18417e4325
runtime/dist-arm64ec-spike/lib/wine/aarch64-windows/libd3d12.a	file	5404	0eb3dffeceee153d99f7292339f7f24bc8b67d3cfbf5b84d61f6d6e024d5172a
runtime/dist-arm64ec-spike/lib/wine/aarch64-windows/libd3d8.a	file	3394	e5039518946e951c204f5a90a815192f3ca6b21124f4ec3ec5136769acded166
runtime/dist-arm64ec-spike/lib/wine/aarch64-windows/libd3d9.a	file	6676	7c8c518cdea61a4efb6e2cbbb61bc5c076de0c9db52c58acf7e5954ef0412251
runtime/dist-arm64ec-spike/lib/wine/aarch64-windows/libd3dcompiler.a	file	9648	647437d9a377bec007826171e130fd80d7c6d8355020335922bf4598ca14b14e
runtime/dist-arm64ec-spike/lib/wine/aarch64-windows/libd3dcompiler_39.a	file	5542	8c1295c918bef796e9a6adb0fb46f3702b616aaba55a92448cbec007a0c93ee2
runtime/dist-arm64ec-spike/lib/wine/aarch64-windows/libd3dcompiler_42.a	file	5612	b08c9422791c8248e77fffc4cce3b55ec3169b3f8c200e98b0abe5b653df1ad8
runtime/dist-arm64ec-spike/lib/wine/aarch64-windows/libd3dcompiler_43.a	file	6444	ea0df2040b28fbf67a1d1095176ee09744f7b01c91bbfbe9dfad6af046595b84
runtime/dist-arm64ec-spike/lib/wine/aarch64-windows/libd3dcompiler_46.a	file	8218	06bfe5cda8e933177e9864ad922f4a4bf4877b2780fc2dd7bb8bbd54eb9d65f2
runtime/dist-arm64ec-spike/lib/wine/aarch64-windows/libd3drm.a	file	10980	626e301a3c3cd87690e61f3928206ed1c251837d670124483c9a59a0e319af70
runtime/dist-arm64ec-spike/lib/wine/aarch64-windows/libd3dx10.a	file	76976	a1db5f460ffe5a08e14fe858ebba1d15ba5a12d216f0f60d327a1a985fc6fe62
runtime/dist-arm64ec-spike/lib/wine/aarch64-windows/libd3dx10_33.a	file	93350	b69730e5cc3db92326b20c4bda37c2e128d9a5da76fe768608ea74c5c06c6901
runtime/dist-arm64ec-spike/lib/wine/aarch64-windows/libd3dx10_34.a	file	93350	5f4ecb2e62dcd88f393057e08e31804c546d684ed584619e4dda087b46b76632
runtime/dist-arm64ec-spike/lib/wine/aarch64-windows/libd3dx10_35.a	file	94896	ba73ffb3f6c477726e4c1fa0e50e7a1b54fcfbd83655f4cda127bcee22e6a4da
runtime/dist-arm64ec-spike/lib/wine/aarch64-windows/libd3dx10_36.a	file	94896	c8cea2eeb22834294af115f1c9989adb93405b4357d6dfe6b5354b40fb43cbea
runtime/dist-arm64ec-spike/lib/wine/aarch64-windows/libd3dx10_37.a	file	94418	e2e629c5f991d8f6ae5e11315cbf55a9c3ac9d5f87aa164eaaf6643d67ad95fe
runtime/dist-arm64ec-spike/lib/wine/aarch64-windows/libd3dx10_38.a	file	94418	d2d43c88a60cdb18db1d3c587441e3a1214b5323c0d2a4eec2c84da500bbdf97
runtime/dist-arm64ec-spike/lib/wine/aarch64-windows/libd3dx10_39.a	file	92928	4abcd4cb1d817e6cc513a71c63d6db663414f0e3769f4f3782c7dd9619ebd803
runtime/dist-arm64ec-spike/lib/wine/aarch64-windows/libd3dx10_40.a	file	92928	b55e1493b282c818786834d56f0b6b83a611f0bbf61867fb78e9ddacfc7fb245
runtime/dist-arm64ec-spike/lib/wine/aarch64-windows/libd3dx10_41.a	file	92928	6a6005cba9808d8eacc5ed87ad9a2faf79e09738920e3d503376b9d5006aa3d4
runtime/dist-arm64ec-spike/lib/wine/aarch64-windows/libd3dx10_42.a	file	92928	95aa3f0f1ef823ff1b84a18719ddbc342148a2ee3c054b40bc934ef8ac1e5105
runtime/dist-arm64ec-spike/lib/wine/aarch64-windows/libd3dx11.a	file	15360	4620229bd14ef2faa5550ac18461a4a9a5d6ee4af309ee04f01e0bead92a35a0
runtime/dist-arm64ec-spike/lib/wine/aarch64-windows/libd3dx11_42.a	file	15360	068ed34973d3f31ae8543a26a205b6142534001c12162d527355bdf6a72651db
runtime/dist-arm64ec-spike/lib/wine/aarch64-windows/libd3dx9.a	file	136746	7c0b0b267d5901b74aef43b87a5d95e54285c5466cd0bc53a705ca97ae77ea47
runtime/dist-arm64ec-spike/lib/wine/aarch64-windows/libd3dx9_35.a	file	135642	6129aeee0d9d5f47da889710240366d6e56083b011d3b5d65ed1afdab4c43bcb
runtime/dist-arm64ec-spike/lib/wine/aarch64-windows/libd3dx9_42.a	file	135686	42e6cdb026c6a85005b5b460631867b0e80d3912f2183c3902d14515b274c9ed
runtime/dist-arm64ec-spike/lib/wine/aarch64-windows/libd3dx9_43.a	file	135686	40a1b54df37268e372d83e89c2f2e534cfa463dc642e4a41b7a566603fb115a2
runtime/dist-arm64ec-spike/lib/wine/aarch64-windows/libd3dxof.a	file	1746	3daa3f83865277ad27621fa2d71a9602380029b4601538d334b07260f8195b18
runtime/dist-arm64ec-spike/lib/wine/aarch64-windows/libdbgeng.a	file	2972	ec3331b66f317aba4aea2819aaad78f9a87bfe354e95a0ba9802b2a8d4b67956
runtime/dist-arm64ec-spike/lib/wine/aarch64-windows/libdbghelp.a	file	64508	68d7391d4d5cd20c2ca31a9c4103d5f30856335f7743cf7a88cd9edd9df009b2
runtime/dist-arm64ec-spike/lib/wine/aarch64-windows/libdciman32.a	file	2610	520bed88448bab0dbdd1283820a5ec07c6d477d44aa26c57eb5373f5cef72ba3
runtime/dist-arm64ec-spike/lib/wine/aarch64-windows/libddraw.a	file	5030	fe582970795d4cf56c354096d3a78c91d57218ff52f5d9294a78c6101a75051d
runtime/dist-arm64ec-spike/lib/wine/aarch64-windows/libdhcpcsvc.a	file	2644	719c91ad957c1351a6d9c1840159bfcfac565b11753ab1cc3f36fa0b28bcf47c
runtime/dist-arm64ec-spike/lib/wine/aarch64-windows/libdinput.a	file	40564	46c7779b7cdbc88c30fb773550c78c73fae34f8fef104abe50766abcbfa18577
runtime/dist-arm64ec-spike/lib/wine/aarch64-windows/libdinput8.a	file	39668	c883b78a4273d901dbbb4fd3a903e40c25b2ea556b02ae26fb6a63dc22dd8192
runtime/dist-arm64ec-spike/lib/wine/aarch64-windows/libdmoguids.a	file	10410	13a81223398f230b9ff9efb22a006cab4328b36d6f400a4b740e467b0009f28b
runtime/dist-arm64ec-spike/lib/wine/aarch64-windows/libdnsapi.a	file	18872	cb97109531083654629979189f790dd20fe8a4d5e18b4b2b6ba570a0b620e90d
runtime/dist-arm64ec-spike/lib/wine/aarch64-windows/libdplayx.a	file	4436	63db00c2d73f7026bc4d8c7d690c9e46c19b02535f1fcb20b1635bcecb3c23c4
runtime/dist-arm64ec-spike/lib/wine/aarch64-windows/libdpnet.a	file	1734	dd38c47179fea05638bd8cbe4049f670b797c26bafe765efb4f1714c8a23055a
runtime/dist-arm64ec-spike/lib/wine/aarch64-windows/libdsound.a	file	6242	354d8fa036cc1b97f671babd83db7bc75a4b67e08bb6a6405e495c42666a967b
runtime/dist-arm64ec-spike/lib/wine/aarch64-windows/libdwmapi.a	file	13320	11e4260a0d11aad1dfd306daa1b4ab52c7021cb0b537ddc216745b1af64e9ebb
runtime/dist-arm64ec-spike/lib/wine/aarch64-windows/libdwrite.a	file	1768	996002037e9a68cfe91ff26c3d59af763878f10b8b20bf0bd424e2aede601be5
runtime/dist-arm64ec-spike/lib/wine/aarch64-windows/libdxerr8.a	file	449310	43286f1decf55a385da984a1dbfaa476864a1728dc29d04ee7d085ae3ea8f510
runtime/dist-arm64ec-spike/lib/wine/aarch64-windows/libdxerr9.a	file	527798	1f40a31b54af0e16c124c48067927dc76f40d6e0dc8725205453d118fd1c6f88
runtime/dist-arm64ec-spike/lib/wine/aarch64-windows/libdxgi.a	file	4080	831960bc975c49fc502f07a52a6d93ec048970ed6310019d45a0babea0949855
runtime/dist-arm64ec-spike/lib/wine/aarch64-windows/libdxguid.a	file	271096	3a4b2f6f6b9e09e7a20233b35ffc15ef831170fae88d5fe3e0e3bfd288de3b94
runtime/dist-arm64ec-spike/lib/wine/aarch64-windows/libdxva2.a	file	21486	4d2384e51dd6d8e447b5b341bc18130c320c0caf3cd66b67011ce5d93f7b47ae
runtime/dist-arm64ec-spike/lib/wine/aarch64-windows/libevr.a	file	8936	0b29a31dfdd9526e19662b853f173a62ededaf09df4404c9891932fd412017ce
runtime/dist-arm64ec-spike/lib/wine/aarch64-windows/libfaultrep.a	file	2766	e93ca64118ddee9e299c44e19b4950a77fd3b29b6ec5d7c4d1c432292e2ca02f
runtime/dist-arm64ec-spike/lib/wine/aarch64-windows/libfltmgr.a	file	6178	0595498a1cc3e99b0790ad47a01cfef349c6031e9b5d4bee42fe378716577430
runtime/dist-arm64ec-spike/lib/wine/aarch64-windows/libgdi32.a	file	197890	a5dcaee42e85918c62d1d712b8884c81f2a3a729bb29dcf850d3532c664c5ba7
runtime/dist-arm64ec-spike/lib/wine/aarch64-windows/libgdiplus.a	file	305810	e5f3094abad52edb7fb901f48d5ac4fdd6deb12ea90a93e52880df79950ab6f8
runtime/dist-arm64ec-spike/lib/wine/aarch64-windows/libglu32.a	file	23178	e7c7274fb00d79a6fb6e64666636f907fea7341fee2eb84e33276a17cf4f0050
runtime/dist-arm64ec-spike/lib/wine/aarch64-windows/libhal.a	file	4694	4b486b7cff711f2d20c1d113829b5da8aa3fd7f81268df46970394e351c23281
runtime/dist-arm64ec-spike/lib/wine/aarch64-windows/libhid.a	file	19138	39970c5445955b5d920dc57680a346984433f26448f20bb3f90a15c245e1c053
runtime/dist-arm64ec-spike/lib/wine/aarch64-windows/libhidclass.a	file	1814	dbb313c5b56eaaf3f4fa67b7eb6572b1a4db646fe219325d759c7c9f251a3362
runtime/dist-arm64ec-spike/lib/wine/aarch64-windows/libhidparse.a	file	12058	09297616eb9d56a50fcc29945651a2f82e57a8dfc3495467226949802b9af4cf
runtime/dist-arm64ec-spike/lib/wine/aarch64-windows/libhlink.a	file	8924	0ea203fe5853af18e477b2110e7d08459dfd9abfbb400dbaf22f2042021350db
runtime/dist-arm64ec-spike/lib/wine/aarch64-windows/libhtmlhelp.a	file	2360	cbc73a05b525eb594c3aa2a89a01ef51dee9db4de5a21ed96fc635205cc153c4
runtime/dist-arm64ec-spike/lib/wine/aarch64-windows/libhttpapi.a	file	12650	320a4ed5c697e1a2dd858b4eeb55b61c9b7f14338bd36b18a011cc9cdf572961
runtime/dist-arm64ec-spike/lib/wine/aarch64-windows/libicmui.a	file	1756	e0724945ef062a33be31271d503051118b167fe40eab6196c46acbe3c5dd32c7
runtime/dist-arm64ec-spike/lib/wine/aarch64-windows/libieframe.a	file	3470	c8d3c0bd3d82a77f709915846bcce80d216867eda8a5a21b6d34e5121e724f62
runtime/dist-arm64ec-spike/lib/wine/aarch64-windows/libimagehlp.a	file	44752	527235cadd139cc8dbfeaba7e1a3e3fa27e25c87b9c5f533fb2455f9bbc1d2cf
runtime/dist-arm64ec-spike/lib/wine/aarch64-windows/libimm32.a	file	42980	c4e8707cee1d298b5293423ae2ef40d31c6ced2c03e452f767d77e7ee03960f3
runtime/dist-arm64ec-spike/lib/wine/aarch64-windows/libinetcomm.a	file	8602	d6e91871af957f142e897853754c9fcfcd04a83c0a439592e14c8b0a419dae03
runtime/dist-arm64ec-spike/lib/wine/aarch64-windows/libiphlpapi.a	file	55872	6fb9684daa8c983aca5bb45ad9afb92664cd15db99983caa67f38bb11c05f971
runtime/dist-arm64ec-spike/lib/wine/aarch64-windows/libjsproxy.a	file	2984	e11fd70cc2d3f80fa7d2c81d8dc68d0815fe0d8a483d70db198db8af79ddfdae
runtime/dist-arm64ec-spike/lib/wine/aarch64-windows/libkernel32.a	file	563022	b5099eacbbeea65be4e5853a1a072d0296163226f4263cb019b753692d1fac65
runtime/dist-arm64ec-spike/lib/wine/aarch64-windows/libkernelbase.a	file	618600	33de86ff5ad161dfcdc973d066f820d4f12dcaa86902a57d485649dda358bb9a
runtime/dist-arm64ec-spike/lib/wine/aarch64-windows/libloadperf.a	file	4424	6f0a225cff26e849951eba615c9c4b06d39c8469d9c4117d16d90554ec57567d
runtime/dist-arm64ec-spike/lib/wine/aarch64-windows/liblz32.a	file	5442	582da221a900c326ff52ec0442228b4a5ee1cef2edc96b93f5afdd6332687756
runtime/dist-arm64ec-spike/lib/wine/aarch64-windows/libmapi32.a	file	40450	db12957a84ece2a0a5b7cf1eb167e4b495573970ec043468917c33b73e6c5bbf
runtime/dist-arm64ec-spike/lib/wine/aarch64-windows/libmf.a	file	16206	5fcf05591ecef10847778dd72d5a8d307d14a6349ad298d3a5b764e70007fa33
runtime/dist-arm64ec-spike/lib/wine/aarch64-windows/libmfplat.a	file	59588	559a9d1e814cd5401f09ac9df8a74230927a809f1f2f08ce4ff4949f4724416e
runtime/dist-arm64ec-spike/lib/wine/aarch64-windows/libmfplay.a	file	1778	5715f1e533bdb3d1fb097f57ab5c270a44015e4502e5cfc889c8215197e0850c
runtime/dist-arm64ec-spike/lib/wine/aarch64-windows/libmfreadwrite.a	file	4340	a6643c7918cca33bc7a5004c034d6aa140a75df4815fa47d242efd2f09e8978f
runtime/dist-arm64ec-spike/lib/wine/aarch64-windows/libmfsrcsnk.a	file	1814	7886ec9ec9db54753a4434623cdf4f1eedd17fade1283d5fa882e392dc65c2d9
runtime/dist-arm64ec-spike/lib/wine/aarch64-windows/libmfuuid.a	file	237546	86abb21415f5fd0f18d7149a4cc5e17d679b87404120f204016a3da2c9bf6e2d
runtime/dist-arm64ec-spike/lib/wine/aarch64-windows/libmlang.a	file	5554	4ca6576e2c65916269700a2705cd51a664d18c25641c48fde973ab46a0fb71d7
runtime/dist-arm64ec-spike/lib/wine/aarch64-windows/libmpr.a	file	35858	effc16824f51cd352d3503faf763e69dc0286caa17cbefb22c602a465b8c0149
runtime/dist-arm64ec-spike/lib/wine/aarch64-windows/libmprapi.a	file	2808	ac1603aa34442e958af1c3127f629f8ed2f51a95ffa1fd3969780235b428bd32
runtime/dist-arm64ec-spike/lib/wine/aarch64-windows/libmsacm32.a	file	19332	78a91cac5b37b7dfc26e899cc03401c0809e05438cf23fd42f54908b14abb577
runtime/dist-arm64ec-spike/lib/wine/aarch64-windows/libmsasn1.a	file	4322	075c3a7ed4a66d77bfd66c077d5e19708513ad6eb324c8494c316a8c206a830d
runtime/dist-arm64ec-spike/lib/wine/aarch64-windows/libmscms.a	file	31994	730820d56df8b1ab11719995fb64c3121263f4aaf8c264c01442e727bc4fbcb3
runtime/dist-arm64ec-spike/lib/wine/aarch64-windows/libmsdmo.a	file	5710	1c9596f48d6abfaf44a71d48641878e40644d7b3ae595722af766110c5e2fe16
runtime/dist-arm64ec-spike/lib/wine/aarch64-windows/libmshtml.a	file	3456	b139b875c58495c1a5033abaa586b981a80a027294155c7be59042a6b89dc9b8
runtime/dist-arm64ec-spike/lib/wine/aarch64-windows/libmsi.a	file	123734	1b607aaa85c8693979c4b3f9c6409fa847e6d37fe34429f438d89199174d5e19
runtime/dist-arm64ec-spike/lib/wine/aarch64-windows/libmsimg32.a	file	2874	8d682362eaccfe6f8a41de1039cd16c32ee1bd7cfb99b8cb8ef9d3a0b8dcbf40
runtime/dist-arm64ec-spike/lib/wine/aarch64-windows/libmspatcha.a	file	9610	68c5f258cae4f4974cfb999c73ceb35248f7bdd6ab38d24a9892784be0abf9f4
runtime/dist-arm64ec-spike/lib/wine/aarch64-windows/libmsvcp140.a	file	1319470	8cef6aae22981d03b5e8968a79de06aa656f718523b635f994b67e2bdc6832b8
runtime/dist-arm64ec-spike/lib/wine/aarch64-windows/libmsvcr100.a	file	686632	792be72d1f73d3d068cdbad550b20cbbc7b2b0a6b123688d62cd8d455a03b78b
runtime/dist-arm64ec-spike/lib/wine/aarch64-windows/libmsvcr110.a	file	720612	c20cac4178498f5dbb75426f19b6cbc6006cba10d12206372f60f574fc5dbffc
runtime/dist-arm64ec-spike/lib/wine/aarch64-windows/libmsvcr120.a	file	770276	0cbf6374d1b25cfef1fd1dddd61fe14d837e9651015ef49cff18763612d05dfd
runtime/dist-arm64ec-spike/lib/wine/aarch64-windows/libmsvcr70.a	file	395602	2be3c27d06bc543b82967a85bdb2a569a976a83a738256c286f236803e49eca5
runtime/dist-arm64ec-spike/lib/wine/aarch64-windows/libmsvcr71.a	file	398538	ab3f50575b7c0e713c7d1bf38c716c5f98b44eda4ac1b35aebcdb7a22edb1898
runtime/dist-arm64ec-spike/lib/wine/aarch64-windows/libmsvcr80.a	file	581346	44e550562bec7259ff4e45b45005929e6382f60af7a1e6b04ae8d720d14d8242
runtime/dist-arm64ec-spike/lib/wine/aarch64-windows/libmsvcr90.a	file	576138	cf7a7c7a600e58758a7d3413fa25ee4b2309766e294c124d9c96fb3a21ab41e5
runtime/dist-arm64ec-spike/lib/wine/aarch64-windows/libmsvcrt.a	file	532430	753207c3bdc04d4b406d5a7ad0c4adff6a91ec04263ff3a259787252a5900969
runtime/dist-arm64ec-spike/lib/wine/aarch64-windows/libmsvcrtd.a	file	275162	cbf9f5bdd02f788c7f8b1f349c76b267b2eb67da2342f358f3cbed636c9fcb03
runtime/dist-arm64ec-spike/lib/wine/aarch64-windows/libmsvfw32.a	file	19952	ebfe5dadf84d7e65c9650c0d7f395ad127f52377b2746db50747db75cc1b79c5
runtime/dist-arm64ec-spike/lib/wine/aarch64-windows/libmswsock.a	file	3692	29ca3f7f619672f3709687643c3a10b17c024c95f66a56ba5acb0445e335b9ac
runtime/dist-arm64ec-spike/lib/wine/aarch64-windows/libncrypt.a	file	27954	00c1b5c2314d4e004cf5c6fd178d6f2095d722e5793de75f8f0dc5f00038568a
runtime/dist-arm64ec-spike/lib/wine/aarch64-windows/libnddeapi.a	file	13230	b220fe3d2355c2c6938c9bf9064f16888f9661b2d4f751739e9cb5f2eb8ec762
runtime/dist-arm64ec-spike/lib/wine/aarch64-windows/libnetapi32.a	file	37200	56f638284493dd9388b6375a52c5f45a958975c36dace2d9f8ba4563966ff8a7
runtime/dist-arm64ec-spike/lib/wine/aarch64-windows/libnetio.a	file	3022	f01a77aa0cb8277839c16f5a385c261dd0e423fc63d0afbeeb0e37cea3aadfda
runtime/dist-arm64ec-spike/lib/wine/aarch64-windows/libnetutils.a	file	3648	0257d37c0220c1801e2fc720afa07f0f3d6808275f1cd9f44901958cc7fd142e
runtime/dist-arm64ec-spike/lib/wine/aarch64-windows/libnewdev.a	file	4320	b48350f574704086f40e7a05760007803a26722041dea6099cbfa6e4cc42d750
runtime/dist-arm64ec-spike/lib/wine/aarch64-windows/libninput.a	file	5532	0d02c87e56d3392952c9c25862ae7fe29f2e4f60e7828c5b80e561cae98b6620
runtime/dist-arm64ec-spike/lib/wine/aarch64-windows/libnormaliz.a	file	3428	f73e06fb2221287c416e54971e29d6a4fc9a30cbb166ca18d98d32b72b4abe2d
runtime/dist-arm64ec-spike/lib/wine/aarch64-windows/libnsi.a	file	6816	6f4b65a2b19baf160a46711ad26b3540d5e1f0bcc439fa6acfdc989f7d91e61a
runtime/dist-arm64ec-spike/lib/wine/aarch64-windows/libntdll.a	file	503794	5b0eae8550697c2a9788f0180a9fcff8997d2125143c3e17f737210dd7359e25
runtime/dist-arm64ec-spike/lib/wine/aarch64-windows/libntdsapi.a	file	5400	3ed67e3c2c688d781a5a4603270ba01bb1a8232227c996d1829d9f5e2a4037fb
runtime/dist-arm64ec-spike/lib/wine/aarch64-windows/libntoskrnl.a	file	369402	70cf178836c64d3df77c89b03f54c685872cbec7278b6da59fd861e3b43ac920
runtime/dist-arm64ec-spike/lib/wine/aarch64-windows/libodbc32.a	file	49308	2e8c2a8039aaf602ade3a3a0404e0c51f270725c3a8bc82e080e5ce5f21ffbf7
runtime/dist-arm64ec-spike/lib/wine/aarch64-windows/libodbccp32.a	file	25500	081df2ed5cbd30f6922871bcdd0a739bc49df14242559d2997adb4215d4204c2
runtime/dist-arm64ec-spike/lib/wine/aarch64-windows/libole32.a	file	121482	8a42542efa4dbfb93093c9d54463436a54cbc2aaced4d142fbe751c0c5505084
runtime/dist-arm64ec-spike/lib/wine/aarch64-windows/liboleacc.a	file	8780	4f429365e5e33be55127c1549f60f730e6933121f2490964fe1b173dc7b19df7
runtime/dist-arm64ec-spike/lib/wine/aarch64-windows/liboleaut32.a	file	157142	56de9bc8b69560440ac7cc98e46bbd69b7edca588fbf9cf09d420831b28bb93a
runtime/dist-arm64ec-spike/lib/wine/aarch64-windows/libolecli32.a	file	7900	8c8bfc80c05b4e780ee6fd486d00b17b19b6e6abf7e96a762963025dac2c50ea
runtime/dist-arm64ec-spike/lib/wine/aarch64-windows/liboledlg.a	file	11346	bf7936689206a9bdd340a8c8da2b3dbd122865d2fdaf330b5a3d10ff7895fccf
runtime/dist-arm64ec-spike/lib/wine/aarch64-windows/libolepro32.a	file	4688	dd41c14396b855dc20fcd4998b43afb094ad8541195a0f2900c81df21fa66947
runtime/dist-arm64ec-spike/lib/wine/aarch64-windows/libolesvr32.a	file	5308	c902363ebe6a58f418caf5be86d3952022c7beade528a9dc56d4a2e19396bf28
runtime/dist-arm64ec-spike/lib/wine/aarch64-windows/libopengl32.a	file	141820	f387c9ea353d399dcd0a46c30bd618016311fadbc3d6d0e00f95198129159139
runtime/dist-arm64ec-spike/lib/wine/aarch64-windows/libpdh.a	file	23620	4730d2861d93829979d841ad05fe0b5910002c87f9c914494cef17adf489b749
runtime/dist-arm64ec-spike/lib/wine/aarch64-windows/libpowrprof.a	file	17862	2beafa86660bfc654114b38239453006bdc29b7bce25bed582b45a3253d89e58
runtime/dist-arm64ec-spike/lib/wine/aarch64-windows/libprntvpt.a	file	8484	64c1df40511e416a7d4116ce955d1fb046f00f243d07a64caf2ce04a0b1d8fb2
runtime/dist-arm64ec-spike/lib/wine/aarch64-windows/libpropsys.a	file	23500	fd264394d7f741cb12d87d123015bda82c3957acb77290f1fd3b3073f7824032
runtime/dist-arm64ec-spike/lib/wine/aarch64-windows/libpsapi.a	file	13678	6bac218f16c9c88bc899ce0d4905d6206d15d7a2e937d3982852969723fca0e1
runtime/dist-arm64ec-spike/lib/wine/aarch64-windows/libquartz.a	file	2930	5774538746598b340f860c6b429d9b21c4e0ac5ca782f25c054220d4d17bd19a
runtime/dist-arm64ec-spike/lib/wine/aarch64-windows/libqwave.a	file	2566	469c095692e1d115bc87db17fbf8881296beebd539e60f3c6bc1062b290e2fc7
runtime/dist-arm64ec-spike/lib/wine/aarch64-windows/librasapi32.a	file	29696	03a163055909fd9369cdc61f4f7fc30351354efc72d717fc585de7ebd6321a10
runtime/dist-arm64ec-spike/lib/wine/aarch64-windows/librasdlg.a	file	1690	156fa292b4e8f1c24618028028408e5e95b7935730856f7e95be141f47662946
runtime/dist-arm64ec-spike/lib/wine/aarch64-windows/libresutils.a	file	1326	7bf30056b4dce8404741f89b8e3589e1f3546112b724e2381810ce3f5114ed52
runtime/dist-arm64ec-spike/lib/wine/aarch64-windows/libriched20.a	file	4792	dbb6d858d544016a7ca4999ce3a48332ccd9bb8fb575cb6918337c036b2b0129
runtime/dist-arm64ec-spike/lib/wine/aarch64-windows/librometadata.a	file	1826	80682b9b6a59180216810cfd4a03753670784241284cd139b6b6049ed40ce108
runtime/dist-arm64ec-spike/lib/wine/aarch64-windows/librpcrt4.a	file	156880	ffb8fa350ee7147bc343c8c91f533824e0096007ff6db8903a708245f67f4fbc
runtime/dist-arm64ec-spike/lib/wine/aarch64-windows/librsaenh.a	file	11058	cfe3af54407de94a135ebdddf311cbe4d0714c0ef4b8dc22f9fe6c02a4f29988
runtime/dist-arm64ec-spike/lib/wine/aarch64-windows/librtutils.a	file	2178	202ba4a3c646a12aa3a961ae6f00ad11f21d91e53a70371160dcb8af81bc3041
runtime/dist-arm64ec-spike/lib/wine/aarch64-windows/librtworkq.a	file	18392	8020dba08089b684ab393ff8bf33324f062118d33610284859ef4af2549eaf5b
runtime/dist-arm64ec-spike/lib/wine/aarch64-windows/libscrrun.a	file	1734	eef2345a0291c33efa9797f9735f48948e2e5a2aeb261583ff5409d72c297f8f
runtime/dist-arm64ec-spike/lib/wine/aarch64-windows/libsechost.a	file	42740	944f9072b82c281a813b9310778a5a7cb6b95f68666a1fb5363b8904050e1ab5
runtime/dist-arm64ec-spike/lib/wine/aarch64-windows/libsecur32.a	file	30850	e6cd512ad8033301e2115dacc00ea4ee2f422fa482c8450b4060fae732d65a14
runtime/dist-arm64ec-spike/lib/wine/aarch64-windows/libsensapi.a	file	2740	38e658e6f854e4916efebed782523d173ca84e159841232c857a8978fd69c6c3
runtime/dist-arm64ec-spike/lib/wine/aarch64-windows/libsetupapi.a	file	187114	0541e872299126efe8e6ad572cff080148fdf661e8d2837f2fe48450e426afd7
runtime/dist-arm64ec-spike/lib/wine/aarch64-windows/libsfc.a	file	4366	95a977f14865c856ffc7103fdfe9ab9d394e9920064ac279768d0e40a18d74a4
runtime/dist-arm64ec-spike/lib/wine/aarch64-windows/libsfc_os.a	file	4442	59b602056a8e9a83be1bb410eee94182777c44f4ab429f4dac2ba4fa18b320d2
runtime/dist-arm64ec-spike/lib/wine/aarch64-windows/libshcore.a	file	32644	0b6ad7376be037ab0ee45203027d4f15a84a7826c04a1a558a8571d8c426ad02
runtime/dist-arm64ec-spike/lib/wine/aarch64-windows/libshdocvw.a	file	10324	bbb25beee1ffb39961dd1ae468e78f3cccf0a5cf175a7560d210efa4d5e71804
runtime/dist-arm64ec-spike/lib/wine/aarch64-windows/libshell32.a	file	166436	c4886f518942bc9b9cdaf46792a11d07dd881cb498208fb5c1985631e818dbce
runtime/dist-arm64ec-spike/lib/wine/aarch64-windows/libshfolder.a	file	2188	2ffcfb35867f64a3871d2829c7e1185033b1363f0a8a4a2fd9f631e049439411
runtime/dist-arm64ec-spike/lib/wine/aarch64-windows/libshlwapi.a	file	312108	ea7f8d8eca60905dd5890388f70fc032710848fdf03613c8e8fd79ea495b3d9f
runtime/dist-arm64ec-spike/lib/wine/aarch64-windows/libslc.a	file	3554	014255105a0e22fe39fd87d25c911ce6d019e41358f9ebc60313ff6ba1d3cfa6
runtime/dist-arm64ec-spike/lib/wine/aarch64-windows/libsnmpapi.a	file	11892	36097d94103e60322506fb72b35abaf2e785e3ff9308f8697204225ebdc9055b
runtime/dist-arm64ec-spike/lib/wine/aarch64-windows/libspoolss.a	file	10146	bbf7940aaaa6cda45e61d99371bbe18e9f184e9ef2b6a82d5cc932a6476c3069
runtime/dist-arm64ec-spike/lib/wine/aarch64-windows/libsti.a	file	2600	0fa7f5fef3767d6fa340d186b7fb11f5bb84dee4226d933b1139b78c731cc08c
runtime/dist-arm64ec-spike/lib/wine/aarch64-windows/libstrmbase.a	file	1308750	cd5bdf57cc56ea58ec7240742fdb5960fda960c3f1f5c8aa66e4c9fb0fd495b4
runtime/dist-arm64ec-spike/lib/wine/aarch64-windows/libstrmiids.a	file	216912	782a99b9b406d2f720e86ec95ca37002a61795038bea0c66de6cdc931c9e7944
runtime/dist-arm64ec-spike/lib/wine/aarch64-windows/libsxs.a	file	3374	a4d4cbe7d90e2861188bd946ff2068ad6c935ff1b29f4d9c7a06f2aa23a33c6a
runtime/dist-arm64ec-spike/lib/wine/aarch64-windows/libt2embed.a	file	6680	9bc770c93d0936babb8d3030862eac2e40eeb903a6cc9e0dce11bf2c4e85b2fc
runtime/dist-arm64ec-spike/lib/wine/aarch64-windows/libtapi32.a	file	78774	f50fbc35e5035a3215f193f8bdc6f17c864a7666b4fe82fe979d06f1e4a937ac
runtime/dist-arm64ec-spike/lib/wine/aarch64-windows/libtdh.a	file	2686	e5b5e2529911acc77df00e7a9dd5145b26bb3b04e363e6d103a5f3264d1d6725
runtime/dist-arm64ec-spike/lib/wine/aarch64-windows/libtwaindsm.a	file	1682	c6d0c4259cfb1ebf99deeec942ff70b7f1429425461ff469847f154fc59d8700
runtime/dist-arm64ec-spike/lib/wine/aarch64-windows/libucrtbase.a	file	922488	ec77c0e63ff0006f2b8f6e4a968ec5973044bee1259f5f92f6a731d53c84434e
runtime/dist-arm64ec-spike/lib/wine/aarch64-windows/libuiautomationcore.a	file	17626	f50c0cce3b459c82b14b655e9a53456a68dfb2d45a7a69da90b2df4b085eb476
runtime/dist-arm64ec-spike/lib/wine/aarch64-windows/libunicows.a	file	219566	5ab897f7278c6df8b4b70cfb76c037872dcde02c7a706b2b1bd667e4cf1ff1cb
runtime/dist-arm64ec-spike/lib/wine/aarch64-windows/liburl.a	file	4656	aeddb5552fb5491d64eab185686dec386aaf0a74e0de1f974eaa8393af8eedfc
runtime/dist-arm64ec-spike/lib/wine/aarch64-windows/liburlmon.a	file	32266	659f94dd186785f24398be6f5727d38ebe865b9d74870d3caf3438ccd5f34093
runtime/dist-arm64ec-spike/lib/wine/aarch64-windows/libusbd.a	file	7664	53024b1deab11ba11f28f86029a1085a620781429bc34ab941d2d57f5a2a05ac
runtime/dist-arm64ec-spike/lib/wine/aarch64-windows/libuser32.a	file	337736	ff5f980c8058022d9b087c88880840878dab7c0a361666d3b9eedd6f236ae56a
runtime/dist-arm64ec-spike/lib/wine/aarch64-windows/libuserenv.a	file	12650	e0667641107d5cc5b810cca43f9d49d4de649a401b36e47a992088ad08b60076
runtime/dist-arm64ec-spike/lib/wine/aarch64-windows/libusp10.a	file	21166	0186f830bb3e6632fd91f6dd8301adea217e46884c6e2fa0ed7309fb0ea14584
runtime/dist-arm64ec-spike/lib/wine/aarch64-windows/libuuid.a	file	1156826	6a3fac83260a715b935e4a48d97adde82a43f85fc3c6c97ada86b4224273e5bf
runtime/dist-arm64ec-spike/lib/wine/aarch64-windows/libuxtheme.a	file	41476	9d5f7335e69fff00d7b5d3667f7d1b77e3738082b2bf24f480137a89ca7e4a30
runtime/dist-arm64ec-spike/lib/wine/aarch64-windows/libvcruntime140.a	file	27320	e5e27f74d122427f59753fbb056b44b1cef18b8663ca667917c50f288231f32b
runtime/dist-arm64ec-spike/lib/wine/aarch64-windows/libvdmdbg.a	file	2150	4383f0e2ebe5e58452729a72e68bfcdf2eeeed52ec1297fafbaf5eaf49fc0027
runtime/dist-arm64ec-spike/lib/wine/aarch64-windows/libversion.a	file	8576	5f5330dab34c2bd1b6bf057d26f014cea351575c1027e4e0171df15d0e142f62
runtime/dist-arm64ec-spike/lib/wine/aarch64-windows/libvulkan-1.a	file	129318	e97af6b0149c2ecdf1afabdaf74b99f4491b317259ce57251e3b7bbb64dd9285
runtime/dist-arm64ec-spike/lib/wine/aarch64-windows/libwbemuuid.a	file	17738	22068a5c74408a115bd5f3dff291a99ae831361b4fc9adcd1f12a965f9aa5671
runtime/dist-arm64ec-spike/lib/wine/aarch64-windows/libwebservices.a	file	64182	1847a25956b4105ad1f6b07e1e72e59d9a8e8c50224698553d4a1a21000c5ca5
runtime/dist-arm64ec-spike/lib/wine/aarch64-windows/libwer.a	file	5432	3dd0fa0bdb9f1e33b8415516338daddc34a6566a528a03c3659e9b2dd125ebc9
runtime/dist-arm64ec-spike/lib/wine/aarch64-windows/libwevtapi.a	file	7778	d41f7758bfbadb6a4e4a437cff2c267e4123963c633831d9a62fa2e0c91b8f4d
runtime/dist-arm64ec-spike/lib/wine/aarch64-windows/libwin32u.a	file	236764	319f84dc3a730dcf88bdba21e682ae8856f5c1c39fb289cec215a5a27d88f3c8
runtime/dist-arm64ec-spike/lib/wine/aarch64-windows/libwindowscodecs.a	file	193974	ca1cd51aee09826fcf4ac7c4b982491b71f69379a9ccb2f959f7e8f914f564e7
runtime/dist-arm64ec-spike/lib/wine/aarch64-windows/libwindowscodecsext.a	file	2736	01351ef9e8e1b45050faf568a7197fa9ec2c80e8384b4ab04b8be28e1f16dd2d
runtime/dist-arm64ec-spike/lib/wine/aarch64-windows/libwinecrt0.a	file	226284	260266d08be5a8891acbfa62175deb1048161da4e8e48543187e4e25ad4d1b27
runtime/dist-arm64ec-spike/lib/wine/aarch64-windows/libwined3d.a	file	224082	377a04406b8d60017d853fc7c675606883fe300d9ee3894afb2b05bade4679ce
runtime/dist-arm64ec-spike/lib/wine/aarch64-windows/libwinedmo.a	file	5408	e3c073844025c87b2005ec8b3a88001c8e9d3c8bf2bdd2cf0ad0180d523a0775
runtime/dist-arm64ec-spike/lib/wine/aarch64-windows/libwinegstreamer.a	file	2746	013dca2cbdb0480ec7e4ba5d0cd8246088950c2a3f4ab9ab8a7e93f58a61fcec
runtime/dist-arm64ec-spike/lib/wine/aarch64-windows/libwinevulkan.a	file	130346	cb8a582beacb6e8e7cea79af6040da5648804c208b08e644e10319f38202faa6
runtime/dist-arm64ec-spike/lib/wine/aarch64-windows/libwing32.a	file	5788	db4e4f8e2d1cd0e261abcd1934c4907261cd3730ce5e7b0601c0548db1e37516
runtime/dist-arm64ec-spike/lib/wine/aarch64-windows/libwinhttp.a	file	23946	7ad0138f7f0150f8dae09a8b5a31665b29c53ac4382963607e26b112b96dfc91
runtime/dist-arm64ec-spike/lib/wine/aarch64-windows/libwininet.a	file	101608	5436bfd7e18443dd13c4b794e54560f6e109e04038e9404028eb3d8ffbc7e1fa
runtime/dist-arm64ec-spike/lib/wine/aarch64-windows/libwinmm.a	file	77710	fb87055a148d0d3b79c13e23c063ee8542a5bf32f7763e91f190b42871fd8681
runtime/dist-arm64ec-spike/lib/wine/aarch64-windows/libwinnls32.a	file	2278	f8c983785a66e0220f255735528e9915bc5c1ba3dcf57cbfd9b1df39ffefca5a
runtime/dist-arm64ec-spike/lib/wine/aarch64-windows/libwinscard.a	file	14688	07f50a4797a2502a5101b8864251a6c7f9e954de76cd51fe6882cd9e12329005
runtime/dist-arm64ec-spike/lib/wine/aarch64-windows/libwinspool.a	file	60342	7888a0a0bee26c9fed3a928c1ae6aa6a376b4a747b6c24be1deab42947d56b97
runtime/dist-arm64ec-spike/lib/wine/aarch64-windows/libwintab32.a	file	18616	490825168e92389cef071a58888bd8dcd2acdc03b0652c558aa00a147ec02619
runtime/dist-arm64ec-spike/lib/wine/aarch64-windows/libwintrust.a	file	46508	7f091dd10ce7acf67bf0dd4427a0fe4cc904e96d873e610a01b0dc13f2b701d1
runtime/dist-arm64ec-spike/lib/wine/aarch64-windows/libwintypes.a	file	2830	11a19e7db5931cc782300f997da0b3e27bd1f73043b3fc6a290ba53948ce0397
runtime/dist-arm64ec-spike/lib/wine/aarch64-windows/libwlanapi.a	file	7102	06bc49a87f115717583b71f720fc3f1654bd4c2f4d05a98b2c43069a6554604a
runtime/dist-arm64ec-spike/lib/wine/aarch64-windows/libwldap32.a	file	106596	ab44efeb1e8beb27fdfc84ef97eccf02f64f83e8c5c7b8323a8911e761192418
runtime/dist-arm64ec-spike/lib/wine/aarch64-windows/libwmcodecdspuuid.a	file	14438	013ffd61e3d57ed8bf791231aaccf764a7612da805c716f770b0fab505ebfe52
runtime/dist-arm64ec-spike/lib/wine/aarch64-windows/libwmvcore.a	file	7336	73483f26d0b30e9f6a8c33e456aa0cdf2a9d282f4f0b7835d71321583f2580ab
runtime/dist-arm64ec-spike/lib/wine/aarch64-windows/libwnaspi32.a	file	4058	dacebeae7b240c9287e1a02bfa7e659dd0a2e7aabd3d4abc4b020812f5917b59
runtime/dist-arm64ec-spike/lib/wine/aarch64-windows/libwow64.a	file	5794	b15280270a54fe05584bd25902d7a15690ce29ad20c56a41ad556c5b3efa8792
runtime/dist-arm64ec-spike/lib/wine/aarch64-windows/libws2_32.a	file	67572	d93539577cf7eda9d3e47f2fc2f2b3cf81876049ffb54b91ae7fd82898ef002c
runtime/dist-arm64ec-spike/lib/wine/aarch64-windows/libwsdapi.a	file	8184	82ea7031709735c455b3792dc449e997236912ef8944012b45435e415bae5dad
runtime/dist-arm64ec-spike/lib/wine/aarch64-windows/libwsnmp32.a	file	3370	38ceedc499e29cd193278735d5e6daf5f8d11201cf4c555ba2560f61e8c910bd
runtime/dist-arm64ec-spike/lib/wine/aarch64-windows/libwsock32.a	file	26768	d7db9a2057820717490e2f01c62a4b4f377068fe4b618ac68e7073a36cab2ae8
runtime/dist-arm64ec-spike/lib/wine/aarch64-windows/libwtsapi32.a	file	25748	54bb35bf2a6ec52c5e4a1b1b5ff101145ced76c9c1fa580a6c4ae79ecea28cc4
runtime/dist-arm64ec-spike/lib/wine/aarch64-windows/libxaudio2_8.a	file	4366	b8add6038a6106dbea6f0d8116491d905bc63c15f207822442de2fc854e52543
runtime/dist-arm64ec-spike/lib/wine/aarch64-windows/libxinput.a	file	5088	2a7816a0069c2c2ffb2ad99b3b2aaf738b490eab6dd4f61041f850311e4aa3ee
runtime/dist-arm64ec-spike/lib/wine/aarch64-windows/libxmllite.a	file	4866	2028df7f1d20c38579f82baf23cbc778dce9132b84af5c6bdbdc938f6a247d08
runtime/dist-arm64ec-spike/lib/wine/aarch64-windows/light.msstyles	file	7667712	d0961f7060717a0cbbf6c3730513caf572397d59f8f2a43d3d6f2675bad63306
runtime/dist-arm64ec-spike/lib/wine/aarch64-windows/loadperf.dll	file	107008	b90ff7ad9fb2d375588a76c809aa035556f95b947acf678b542e0a06e42ad1f0
runtime/dist-arm64ec-spike/lib/wine/aarch64-windows/localspl.dll	file	697856	6219108d5a570a0a3a0b9a1f0875e8150b5ab755b7e3b36d242a9889144c367a
runtime/dist-arm64ec-spike/lib/wine/aarch64-windows/localui.dll	file	182272	a1da60dcc4f4571d8dee9ff6656e87dbdd04e2264681ebe4df765dd2eb3bc33c
runtime/dist-arm64ec-spike/lib/wine/aarch64-windows/lodctr.exe	file	786432	d30531d04d3d106ca148e43e4141d70251df9da1d4571daabad26ecaac995e51
runtime/dist-arm64ec-spike/lib/wine/aarch64-windows/lz32.dll	file	196608	e8444503ce4491476ea6005721c1e7d636e93726c162bc998e45e9c0cbf32075
runtime/dist-arm64ec-spike/lib/wine/aarch64-windows/magnification.dll	file	87040	9e38fe19e43a9d10f3b519622f182b258146218ed72be8a06803904abe8285dd
runtime/dist-arm64ec-spike/lib/wine/aarch64-windows/makecab.exe	file	851968	2eebfcb09755455aeda1cffb8925fa9537c79bcc0ae1916e084b028073b6ec55
runtime/dist-arm64ec-spike/lib/wine/aarch64-windows/mapi32.dll	file	1198080	1157cee0d9fd509c9d914f7cdfb0ba0891decbd7a5a428702a668ab5e1a103f0
runtime/dist-arm64ec-spike/lib/wine/aarch64-windows/mapistub.dll	file	72192	d57d647d3015c656883c8310f4c5bb3bc4e891034d34045130dc338d92eb46da
runtime/dist-arm64ec-spike/lib/wine/aarch64-windows/mciavi32.dll	file	418816	8fcde1a59743c39d0170ad1b66e781d99cdcaa6893d93609baee9bfdb6355aea
runtime/dist-arm64ec-spike/lib/wine/aarch64-windows/mcicda.dll	file	253440	3cbc0a307fdddbb2d5fca6fc3d1fe74f88db48db524fe8ef066b206f72357507
runtime/dist-arm64ec-spike/lib/wine/aarch64-windows/mciqtz32.dll	file	418816	80d69778fd8f4877ea118910a21fb3f7193f5782e34cece2b9058e27d84917ce
runtime/dist-arm64ec-spike/lib/wine/aarch64-windows/mciseq.dll	file	250368	758d5a281e3c9848924eb7383c56331f16f0755a159cf44bfb017281a521acf0
runtime/dist-arm64ec-spike/lib/wine/aarch64-windows/mciwave.dll	file	252416	20a92b15b7d29a9006ba978a682b4e13b470bb6443946ff76ded9c74ae415101
runtime/dist-arm64ec-spike/lib/wine/aarch64-windows/mf.dll	file	4504064	6ddd3954eda37fa38ff376b781939839d66d3441fddc39d7cfe6e230f780da74
runtime/dist-arm64ec-spike/lib/wine/aarch64-windows/mf3216.dll	file	32256	15c2d0d60e9334e6967e14dcf7b9529925f9e487022891f27e64969ed25a56f6
runtime/dist-arm64ec-spike/lib/wine/aarch64-windows/mfasfsrcsnk.dll	file	1221120	34f211dee60fe6b6b952264a7cc6fd86b94db6a6070b72db85bd8c3c0bfee27a
runtime/dist-arm64ec-spike/lib/wine/aarch64-windows/mferror.dll	file	327680	cd2ce1cd7443f9f17617d189ea920e0451a4a4251cea846396a6233dfbafd8be
runtime/dist-arm64ec-spike/lib/wine/aarch64-windows/mfh264enc.dll	file	798720	b03e1f435b0cc3887463989628f8f6013b8a16b2cefaa5ee8ca3168f482db7b2
runtime/dist-arm64ec-spike/lib/wine/aarch64-windows/mfmediaengine.dll	file	1741312	c31c4ba3b4236dcacbc53482802a0586a85919fa937a36709847ace43490ee45
runtime/dist-arm64ec-spike/lib/wine/aarch64-windows/mfmp4srcsnk.dll	file	1298432	2360a17378318fd17ebfebfc154ac34925c497b3064fd55b5fbc35945b5cfc2e
runtime/dist-arm64ec-spike/lib/wine/aarch64-windows/mfplat.dll	file	3644928	c1de5606d2240b6e27410bc7f7ada2dbbf78b61045fb9addeb40d82842b72cca
runtime/dist-arm64ec-spike/lib/wine/aarch64-windows/mfplay.dll	file	1153536	7ade5d8b78eb87123b5ae182c0d295f82e99bd28939d547d9a3ac8d0a9795e14
runtime/dist-arm64ec-spike/lib/wine/aarch64-windows/mfreadwrite.dll	file	1540096	71da663260a066df22095b9aaf5318b0808b9bd98ba1970136cefb95249f3490
runtime/dist-arm64ec-spike/lib/wine/aarch64-windows/mfsrcsnk.dll	file	1534976	e1a19de73c5c314d9a1f8d5713e67cbc8f46e73912407657d120ff36f6649ed7
runtime/dist-arm64ec-spike/lib/wine/aarch64-windows/mgmtapi.dll	file	80384	a5ca66b256e32dc977eca6365e85425559ca015d609899fdb079d78868e35cd9
runtime/dist-arm64ec-spike/lib/wine/aarch64-windows/midimap.dll	file	143872	06dcc928021c763ec2e5feb65ce3a5fb45926eac5863cb1af4b916cd797133f9
runtime/dist-arm64ec-spike/lib/wine/aarch64-windows/mlang.dll	file	1084416	5a788636951a2c1d8faaa570458bbfd3fa401df565727b09758553d1a6212bc8
runtime/dist-arm64ec-spike/lib/wine/aarch64-windows/mmcndmgr.dll	file	658432	bf8bfce4be7b8b512be498e30745d8b9e4dbf7fee3c72e5667eb2e12c6344dd8
runtime/dist-arm64ec-spike/lib/wine/aarch64-windows/mmdevapi.dll	file	1620992	1d9f2613b1e4f04e25097e13867e133946de8e223dce1131556194d97ff0546e
runtime/dist-arm64ec-spike/lib/wine/aarch64-windows/mofcomp.exe	file	851968	bbf21cc0e906631c1b638dfa9693da15c3ba669699140bf13fbf94d3546aae1f
runtime/dist-arm64ec-spike/lib/wine/aarch64-windows/mouhid.sys	file	201728	9d96badae78fa3dc3cb5d661a7cd8215df2a1a0bb0ac6e6eca6c7f50fdb84bd8
runtime/dist-arm64ec-spike/lib/wine/aarch64-windows/mountmgr.sys	file	491008	3e38a7972fb13f262415f6056c3a98606ee7dabfbd289b9cf55668f227b5397e
runtime/dist-arm64ec-spike/lib/wine/aarch64-windows/mp3dmod.dll	file	2996736	c4e88c3003c10d02bed1484f810d81bffde81ab7ca942da56bb1af41d1528f54
runtime/dist-arm64ec-spike/lib/wine/aarch64-windows/mpr.dll	file	538112	f177b1dc6c1b7a3f764885af39ad7d6382d8439c8b3977078845bc3b406bb437
runtime/dist-arm64ec-spike/lib/wine/aarch64-windows/mprapi.dll	file	145920	5a6ddde68f965c27f300cc6f75781b95ee78dd9dfe36eea804a940e16373ed13
runtime/dist-arm64ec-spike/lib/wine/aarch64-windows/msacm32.dll	file	707072	3ef2fc88468d4635a8dd97754243b6ea6bb30b68d4eb5f8677af2272e9d11b87
runtime/dist-arm64ec-spike/lib/wine/aarch64-windows/msacm32.drv	file	222208	26e9867412dc98fee95084b72373343646c61995b0df1c604e9e8a2093d0f5b1
runtime/dist-arm64ec-spike/lib/wine/aarch64-windows/msado15.dll	file	1695232	8c9baafdd08d9caae2d7da7159babea72c666a1f6f5b665676dee0fd5d8b5cff
runtime/dist-arm64ec-spike/lib/wine/aarch64-windows/msadp32.acm	file	147456	ac36857fa4ad6a49c576713f44a71f690bd390ee09eaa3ff080cecce1f546021
runtime/dist-arm64ec-spike/lib/wine/aarch64-windows/msasn1.dll	file	203776	b6ae632b1c1f229ada8af63920523e37bc34fa60557835cfc44bf8c67b21ee91
runtime/dist-arm64ec-spike/lib/wine/aarch64-windows/msauddecmft.dll	file	798720	e383d91ebf8d0f85e60242e9d5712999b8a365e8412b3c8267d04f85cf7302db
runtime/dist-arm64ec-spike/lib/wine/aarch64-windows/mscat32.dll	file	36352	8ea3ba5b77558b7f4686dcfc6212fb865cd7a7ecba7cac1e1f9f8e7ec8d16036
runtime/dist-arm64ec-spike/lib/wine/aarch64-windows/mscms.dll	file	3293184	42dfa5ce01cc8f52f2506db6dafcfcd1334018994ad3f2a0eec62deaa0083372
runtime/dist-arm64ec-spike/lib/wine/aarch64-windows/mscoree.dll	file	1759744	39a8458005ef170a3bc12752a704e19fc4fe1bd6bfe1d169920cd38e9862810d
runtime/dist-arm64ec-spike/lib/wine/aarch64-windows/mscorwks.dll	file	68096	c4a8ee51411c99c0ad7432ede9845100da885ae17d0b8ad1065f48396be1ee27
runtime/dist-arm64ec-spike/lib/wine/aarch64-windows/msctf.dll	file	2026496	95edf2eaab8fb46e95f1927ed9de4243564dd3842ebaf5fdae837f8c145b6278
runtime/dist-arm64ec-spike/lib/wine/aarch64-windows/msctfmonitor.dll	file	102912	6cf014a09054e47a46fc947b3058285e23a45f368b342608a06f0d2593e7ebf6
runtime/dist-arm64ec-spike/lib/wine/aarch64-windows/msctfp.dll	file	250880	84416555d76e92a15f9c585a400dc86eea958783064bb2c118067599e80e9908
runtime/dist-arm64ec-spike/lib/wine/aarch64-windows/msdaps.dll	file	1575936	bb2120cf4eb2caecb1b75437fc65f33a2ef76ca2164b55151b7832f18d8a9cbd
runtime/dist-arm64ec-spike/lib/wine/aarch64-windows/msdasql.dll	file	1084416	ef718b356ae49c0152ed8afb53c179be9a3c06b57be7eea8de76d5a955b3edc1
runtime/dist-arm64ec-spike/lib/wine/aarch64-windows/msdelta.dll	file	33792	7a67a6161c4decddb4600400047fbf4062069d220d4b7c22fee1aed5b77335da
runtime/dist-arm64ec-spike/lib/wine/aarch64-windows/msdmo.dll	file	730112	ed028a3eddcfcba8c3d865e201eaa40b0bdf6315cde796cd81daf4c964fb7b65
runtime/dist-arm64ec-spike/lib/wine/aarch64-windows/msdrm.dll	file	128000	c2e6fbbf19acbed13dd42133249a31acf9d1e20ab158bd04eb3e3f830e5d8ee2
runtime/dist-arm64ec-spike/lib/wine/aarch64-windows/msftedit.dll	file	565248	24e0fb33817162c6f7e190dea9d02c13f673cfdef6c39607f44dcd9e240f6e5a
runtime/dist-arm64ec-spike/lib/wine/aarch64-windows/msg711.acm	file	130560	2bdb97344a0a99f052ba6aefc3e0cc9d336ceac09ac638dc95a81d657233a48a
runtime/dist-arm64ec-spike/lib/wine/aarch64-windows/msgsm32.acm	file	371712	e6f2808ad013ffb94d70010bb21cbd7ae190bc386025ae47319f5eddc314e5e8
runtime/dist-arm64ec-spike/lib/wine/aarch64-windows/mshta.exe	file	851968	833516d73ac0ae61bfa317074be5960dd15000523167bddcc6edc3743bdb2f06
runtime/dist-arm64ec-spike/lib/wine/aarch64-windows/mshtml.dll	file	44151296	40b9d623b8747d12cbc556348730ee1e67668a8a0906f0324f77498065a5c9d4
runtime/dist-arm64ec-spike/lib/wine/aarch64-windows/mshtml.tlb	file	1310720	2b9d5fdd98b255a6d9e0314a8532fc53e42ea5219850cb8ea7886cb07f760ef0
runtime/dist-arm64ec-spike/lib/wine/aarch64-windows/msi.dll	file	8609792	f1f2f0a3a15097419b55c6ee313de0f6257ee529aab87814912bc185aa0204cf
runtime/dist-arm64ec-spike/lib/wine/aarch64-windows/msidb.exe	file	851968	44a50b72f5e4a5bec6b36bff8fedf92c13983a6d9140d7d9fc4337098a1c7069
runtime/dist-arm64ec-spike/lib/wine/aarch64-windows/msident.dll	file	186880	1cb1a98e31f5194981a2620be66e4ec9eba9773bbf80a7d8f599162f06008c2a
runtime/dist-arm64ec-spike/lib/wine/aarch64-windows/msiexec.exe	file	311808	ba714d2ebeeb527743ff515c1779e34aed282b486c48f1c2ddc9cd46f8afdbb3
runtime/dist-arm64ec-spike/lib/wine/aarch64-windows/msimg32.dll	file	74240	0852a7fcc131933dcc63a8cbfabbe195b4b8df3c8bd9e4d83acdd70c701a5e81
runtime/dist-arm64ec-spike/lib/wine/aarch64-windows/msimsg.dll	file	131072	930cf8b70f9f4e8234168bd2faa5ee23dcbabfc3353e7e2b201020f086e1c618
runtime/dist-arm64ec-spike/lib/wine/aarch64-windows/msimtf.dll	file	799232	3106bf53b8d0f902f0725e30bbf1836d9f6ecafbb5bd035812e8dcb6cf3a50a0
runtime/dist-arm64ec-spike/lib/wine/aarch64-windows/msinfo32.exe	file	917504	c9958e178d48de95a37ab7133ef308da2a07bf16316d104a6b54e7b51d9ba994
runtime/dist-arm64ec-spike/lib/wine/aarch64-windows/msisip.dll	file	119808	7645a82e71ce144161f398a86594d65e327fc3f3621829fd8dae39e2c306e338
runtime/dist-arm64ec-spike/lib/wine/aarch64-windows/msisys.ocx	file	96256	7e677911d5f8a7e2084245b83eb2ecdccde753a16a362c450177683c8fb7a2b5
runtime/dist-arm64ec-spike/lib/wine/aarch64-windows/msls31.dll	file	60928	9e04abe23b4f1982bb6eb1344fefd444338355d7c3a76ff0c010ac5c564c9dc3
runtime/dist-arm64ec-spike/lib/wine/aarch64-windows/msmpeg2vdec.dll	file	810496	fd9d3bb7daeefde1d924a59449819c3fec550b6f1b394644d471d64baf01caff
runtime/dist-arm64ec-spike/lib/wine/aarch64-windows/msnet32.dll	file	103424	f648fa1cafda75b67f15f1fa8fec97af0ae5ec240ac63088eb6fc4eebbe9d4ac
runtime/dist-arm64ec-spike/lib/wine/aarch64-windows/mspatcha.dll	file	309760	3762ce41d41b9524dca103e97e63c56a8d71d8bd314eb7d3361c00b04ad4727b
runtime/dist-arm64ec-spike/lib/wine/aarch64-windows/msports.dll	file	33280	3e9f1f4b25ee14fca4e5e8cbcbb4b0bfbbc4a59cb97300b8fff1e8b4e797faf6
runtime/dist-arm64ec-spike/lib/wine/aarch64-windows/msrle32.dll	file	237568	187b495ce066176ec96c7a0a3a034164f76f09bb993b6910f6269c8a66d69cd1
runtime/dist-arm64ec-spike/lib/wine/aarch64-windows/msscript.ocx	file	839168	c6bd068d0c001f9658da883c5b246bb63bcb209acdc51a2fd15b38624ad82bed
runtime/dist-arm64ec-spike/lib/wine/aarch64-windows/mssign32.dll	file	138240	0600334f242ad321337b37b1195b8cc9e1a4dc6ec11e1775cfc074e3109dfc61
runtime/dist-arm64ec-spike/lib/wine/aarch64-windows/mssip32.dll	file	48640	b62f4e0ad2937e88f1c7e10a28649333dd6ce638a53a31518337c9e77b3a1a5f
runtime/dist-arm64ec-spike/lib/wine/aarch64-windows/mstask.dll	file	683520	512ca55690565ee020303870141917f6e677c09499e5d0314de6f8acf79b5aa7
runtime/dist-arm64ec-spike/lib/wine/aarch64-windows/msttsengine.dll	file	223744	259bcaef84aa684f9de8c1b4f3e71169a8b1496f479f9203e453484f25d9ae14
runtime/dist-arm64ec-spike/lib/wine/aarch64-windows/msv1_0.dll	file	340480	f3d592997d186e3f7420f37b85c90f9b14fd985d1e5ac43f68eee7a474436d86
runtime/dist-arm64ec-spike/lib/wine/aarch64-windows/msvcirt.dll	file	1024512	2493aefab4937049fc6c01989fe1bcd1eaf726d6cda8a70445db7aef18941025
runtime/dist-arm64ec-spike/lib/wine/aarch64-windows/msvcm80.dll	file	159232	8c4804de9186e88491e4820b7c7fdd5bc26f36bfde1896fcbcfe970b86288ffa
runtime/dist-arm64ec-spike/lib/wine/aarch64-windows/msvcm90.dll	file	128512	97ecf7f26d5d5dff1a3e6ffbf380411ce012bb8cc94a678f115b95786c78266a
runtime/dist-arm64ec-spike/lib/wine/aarch64-windows/msvcp100.dll	file	6105600	83e5fb553373386e25ab11a1d14de31a4643bbc432b7ebdbfc1e1841fc6d797b
runtime/dist-arm64ec-spike/lib/wine/aarch64-windows/msvcp110.dll	file	6252032	8377d4d090d794b25548a797cffe760f5f2f17a56dc343a6c1c20b72f5ce6d8f
runtime/dist-arm64ec-spike/lib/wine/aarch64-windows/msvcp120.dll	file	6242816	0eac2908a612d3e401d63612376fe73a962fa6ceaccefa69c5f5c1b366511a2d
runtime/dist-arm64ec-spike/lib/wine/aarch64-windows/msvcp120_app.dll	file	566272	b0b00b5ce991c22531d54ed2d62c88cb7dd11e9cf2c66f860fd51852c2c0fc80
runtime/dist-arm64ec-spike/lib/wine/aarch64-windows/msvcp140.dll	file	6365184	234b05a5d94e1fef91f620ab3caad91fdb5e8557f58dd521de293b3a665e083b
runtime/dist-arm64ec-spike/lib/wine/aarch64-windows/msvcp140_1.dll	file	102400	b49255481d334d270d3fea6a19558a00efa32b4375c4680c0f87c6a1edde5b00
runtime/dist-arm64ec-spike/lib/wine/aarch64-windows/msvcp140_2.dll	file	48128	619aed2fefd50618b398dc21886bdc610de7d4f53aaf18897729545bcc0dc0f8
runtime/dist-arm64ec-spike/lib/wine/aarch64-windows/msvcp140_atomic_wait.dll	file	128000	abf1a76c324f276719aa9b6115d7cfdaaa909a5068890e00a8918b8942b97667
runtime/dist-arm64ec-spike/lib/wine/aarch64-windows/msvcp140_codecvt_ids.dll	file	31232	ddaa0e2a4ae93091cfb6489b9094dfc3c2b7efc7bf68a4f3a850fa1b9b8a6a22
runtime/dist-arm64ec-spike/lib/wine/aarch64-windows/msvcp60.dll	file	5555712	69842642da69c5098313f71b6f0760a061182ff6022d150d4096664460b6b4ae
runtime/dist-arm64ec-spike/lib/wine/aarch64-windows/msvcp70.dll	file	6403584	c30112862e0287b22c7ab72ac01a44e259215679a57e640f2a05cb37c83dec04
runtime/dist-arm64ec-spike/lib/wine/aarch64-windows/msvcp71.dll	file	6410752	c00e28550133a37a5a3cf48388c8ba664ec00d2fc3ade722c432318c8934721f
runtime/dist-arm64ec-spike/lib/wine/aarch64-windows/msvcp80.dll	file	6557696	8a3f53489b44e0de131e83f2b4283970ab37f035656dd51a266b33a883363423
runtime/dist-arm64ec-spike/lib/wine/aarch64-windows/msvcp90.dll	file	6555648	6382d979e0be15e460a5fbdd54605a4ef55d1d6fb11a265ff115b6c020c7d0bf
runtime/dist-arm64ec-spike/lib/wine/aarch64-windows/msvcp_win.dll	file	562176	c6a36a6f987357ffe8925ba62ef9a9452ae6c7aeb0c67a7056005e11163b24b1
runtime/dist-arm64ec-spike/lib/wine/aarch64-windows/msvcr100.dll	file	6373376	caa312e0452b81444caaf4b2441fabcb24b177fdc79957909a892576dd72cc3f
runtime/dist-arm64ec-spike/lib/wine/aarch64-windows/msvcr110.dll	file	6468096	5ad2398c8eeeffd9189e0eb6f6b12e6b1779f83d3e33b409af6cc5aedd549113
runtime/dist-arm64ec-spike/lib/wine/aarch64-windows/msvcr120.dll	file	6883328	3d8d2ca1fa38a966179025e9a30b29722dd6922f6fe82d63c72bdec0cec3b968
runtime/dist-arm64ec-spike/lib/wine/aarch64-windows/msvcr120_app.dll	file	281088	769a48d205f3a713aa4fc02b53bd7251d61597c19a3d97dc9dd61c18bb46f949
runtime/dist-arm64ec-spike/lib/wine/aarch64-windows/msvcr70.dll	file	5420544	497532a5ab0ce08acf18a93e5bbcb5debf1f67f1033b4e2de49e2914f80ea600
runtime/dist-arm64ec-spike/lib/wine/aarch64-windows/msvcr71.dll	file	5422592	f5ac9bde015dee6d92b3596e6282d7630c0702e8b96b61191053b10ddcb591f7
runtime/dist-arm64ec-spike/lib/wine/aarch64-windows/msvcr80.dll	file	5797376	dd29f1774bef3de0303072393775a482abf39e91824bd429ed974b98696e2b4a
runtime/dist-arm64ec-spike/lib/wine/aarch64-windows/msvcr90.dll	file	5791744	a656ec07a4df38651c232e95e8be09223a2b4c58c8f55440abe5fa33815ff57f
runtime/dist-arm64ec-spike/lib/wine/aarch64-windows/msvcrt.dll	file	5660672	c295c838b7d7541e0e6755b1420aa0f644745d9e33009706a4d09296e450411a
runtime/dist-arm64ec-spike/lib/wine/aarch64-windows/msvcrt20.dll	file	141312	ec6a3439cedb837aa2d8c947ec747205910afc0f6e4d78e1562aae88da000ff4
runtime/dist-arm64ec-spike/lib/wine/aarch64-windows/msvcrt40.dll	file	136704	f8c7f9dd355026cf6b6710cc554e46272e0464d914fcac7f267f883c20e7d964
runtime/dist-arm64ec-spike/lib/wine/aarch64-windows/msvcrtd.dll	file	5447680	2dbd14721a4626a3aca91ba6c781a19bbf44afe6ccdceaf147725eb213a30904
runtime/dist-arm64ec-spike/lib/wine/aarch64-windows/msvdsp.dll	file	409088	810049c1c3320d82480e55b5cf90ad54912d92e28859116d4d9f6c095483cf77
runtime/dist-arm64ec-spike/lib/wine/aarch64-windows/msvfw32.dll	file	550400	62f7703b897a2ef5854bffe3e15fa51abba445bfeab944c54094bd8743e513db
runtime/dist-arm64ec-spike/lib/wine/aarch64-windows/msvidc32.dll	file	132608	9777c311e72ac0d0b6008555100ad05bf2e5b9ff5fbef4cca7015bd032549c54
runtime/dist-arm64ec-spike/lib/wine/aarch64-windows/msvproc.dll	file	804352	0345f2bf78111dfb18e6749a4336c899b992061600571935b3b29ead902c3040
runtime/dist-arm64ec-spike/lib/wine/aarch64-windows/mswsock.dll	file	100352	2f6cfb32614a9f94ff620c0185af25e3e06af546017d97c44f0a314845b81901
runtime/dist-arm64ec-spike/lib/wine/aarch64-windows/msxml.dll	file	83968	25f98463db1e5a25386d9ca353e51cb4c394595416a9dd734ae21c0a4eff38a0
runtime/dist-arm64ec-spike/lib/wine/aarch64-windows/msxml2.dll	file	83456	e9d60f0a46408eee8f097bbf1f58ee2b26350886776781ca2ef1efbe22fc21da
runtime/dist-arm64ec-spike/lib/wine/aarch64-windows/msxml3.dll	file	21418496	80e7294b571b5f5384c940a1cab247079aa412f1c739f085762f0898218ccd0b
runtime/dist-arm64ec-spike/lib/wine/aarch64-windows/msxml4.dll	file	145408	32383e150d648d392b5090f6e0a167f1edb8f1e4cecf62fefb4d6a75e9ac4f30
runtime/dist-arm64ec-spike/lib/wine/aarch64-windows/msxml6.dll	file	142336	c0d5161ec335e82badc064bf7ad02ea98b748b286fe6509d52eca18302607cac
runtime/dist-arm64ec-spike/lib/wine/aarch64-windows/mtxdm.dll	file	605696	bbe0918fa230df1aeb414e0bc07ef52e5ecfeaaf16b5bdb54378903ca815bca3
runtime/dist-arm64ec-spike/lib/wine/aarch64-windows/ncrypt.dll	file	226816	39014390209f45e75f56498c1fa2d8dd2e2708433fc40ec267cacffdca9b5c04
runtime/dist-arm64ec-spike/lib/wine/aarch64-windows/nddeapi.dll	file	143872	704e824def7b3d963a8e514d8bf83f8954bb50eeb2ac3240a42e1009446a74ad
runtime/dist-arm64ec-spike/lib/wine/aarch64-windows/ndis.sys	file	283648	a768eaf67f93202d691aa96d6b39e84b5c2b810c0c8fc89e1a1fd059b99b3c91
runtime/dist-arm64ec-spike/lib/wine/aarch64-windows/net.exe	file	983040	d7b869ca35c735a40745a822d073faa4492b970ad8338bc1012aa15d919d0495
runtime/dist-arm64ec-spike/lib/wine/aarch64-windows/netapi32.dll	file	821248	51df44892a6aac08e198ae5c7a9b2f01a611b56cfe262fc26560f5af8c385302
runtime/dist-arm64ec-spike/lib/wine/aarch64-windows/netcfgx.dll	file	696832	7c04228367966afcda1c1a1e37964806249d758c94d3a49f4b99c11ec9672460
runtime/dist-arm64ec-spike/lib/wine/aarch64-windows/netio.sys	file	439808	f590085b6aa96ff7465bd4a575b357c9db5f8edd3f2fa9b93faf70c380d6b0bf
runtime/dist-arm64ec-spike/lib/wine/aarch64-windows/netprofm.dll	file	420352	8b20cb80425afffe24196cf753406d6d55ead571478cfd9563de20ed0e55b12e
runtime/dist-arm64ec-spike/lib/wine/aarch64-windows/netsh.exe	file	92672	689496759726ca5a864c9472875ab2061b04e370483738d8056dd34e42d018ef
runtime/dist-arm64ec-spike/lib/wine/aarch64-windows/netstat.exe	file	917504	558afe58d0c4f6367fc12bf328d26cb84bb3bb280a74c1b0369930710980d8ec
runtime/dist-arm64ec-spike/lib/wine/aarch64-windows/netutils.dll	file	93696	51a6ca9887505d041edc729670b15c3b6cfd84248be91088ca56f5bbf6fa12df
runtime/dist-arm64ec-spike/lib/wine/aarch64-windows/newdev.dll	file	118784	ef33b78549c242cef9099ea03f2231ba27e8140218312d44bbfb5437cbd98982
runtime/dist-arm64ec-spike/lib/wine/aarch64-windows/ngen.exe	file	917504	a98bd9c8628cfaaece823601944ac0640cfda02ea4f212458ab51732f18cd3c6
runtime/dist-arm64ec-spike/lib/wine/aarch64-windows/ninput.dll	file	104960	ef104254d01d173f22ebe45e97dc909913da3777d256b77b59d5e9f2d22081c0
runtime/dist-arm64ec-spike/lib/wine/aarch64-windows/normaliz.dll	file	131072	085aa10e1665d1a8717f4e5203cb589837bd68a150bd589b1b26e88e64b961de
runtime/dist-arm64ec-spike/lib/wine/aarch64-windows/notepad.exe	file	1179648	a7046b60666b97a6b57206dc12a4c5ade0c54afe03a0ed07c9f440c8bc81903f
runtime/dist-arm64ec-spike/lib/wine/aarch64-windows/npmshtml.dll	file	32768	93177177a7342429f3102a0f4bffebe44d4966e74bb9afb9fe75383e22593396
runtime/dist-arm64ec-spike/lib/wine/aarch64-windows/npptools.dll	file	53248	54c52abd11191e26254a22cf6ed01ff131af2252e37e6231f060cf7f35a8b559
runtime/dist-arm64ec-spike/lib/wine/aarch64-windows/nsi.dll	file	150016	4929aeb920af99e67d580e6c437f410c99274513eea932922ae243a11c2b1f7f
runtime/dist-arm64ec-spike/lib/wine/aarch64-windows/nsiproxy.sys	file	188416	9e839d0367815a202df2f7479eb5d1d784c857874d965c8888ae09b3a6debc5f
runtime/dist-arm64ec-spike/lib/wine/aarch64-windows/ntdll.dll	file	6889472	3863660ac0b5f57c106d610d6a88d897a89a6c0ab626f890e66b4d572f02de4d
runtime/dist-arm64ec-spike/lib/wine/aarch64-windows/ntdsapi.dll	file	165376	f6d88f99f73e11453ab905f273cde3a58d7709fccea3076b74877d5c7fb75443
runtime/dist-arm64ec-spike/lib/wine/aarch64-windows/ntoskrnl.exe	file	2240512	ca97703374364b24c4a35653ff7c238df384eb967e082214147f23fbbf486f62
runtime/dist-arm64ec-spike/lib/wine/aarch64-windows/ntprint.dll	file	110592	039b1d48550b3257b60968185fc1a131282f0c9331774f31f3d7bd9d86d13355
runtime/dist-arm64ec-spike/lib/wine/aarch64-windows/objsel.dll	file	672768	d664827441b549753f43687f76f54b1088fa776cf6b061a4c2cd3f6f18b3cfb8
runtime/dist-arm64ec-spike/lib/wine/aarch64-windows/odbc32.dll	file	1429504	ccfcf2987036255dd04724ae5eccdf0911e753d06f8eb4f1b959b76dd964bf4f
runtime/dist-arm64ec-spike/lib/wine/aarch64-windows/odbcbcp.dll	file	39424	b679886f1a0a51418b07afe0eab8b6dd9d95bcb0390143420b94b615f394c85b
runtime/dist-arm64ec-spike/lib/wine/aarch64-windows/odbccp32.dll	file	343552	64089dc74c3cb81b4d1d9b64ad9fc76348f83d8e0796d867011c478713ffa6b8
runtime/dist-arm64ec-spike/lib/wine/aarch64-windows/odbccu32.dll	file	36864	527b0adb14fe8fe9ccefd41a8efd609f3f530e1f3728123cc75951abe7a41c1f
runtime/dist-arm64ec-spike/lib/wine/aarch64-windows/ole32.dll	file	6027264	630201d5c7bbfd0370f3f6f6a1e62eb97f7e6845f2b1b4f0be85b2a047d844e5
runtime/dist-arm64ec-spike/lib/wine/aarch64-windows/oleacc.dll	file	866816	0de3e7c3e07733e3f8826d67c526538ec9de7f612fe6db434f4fef242f835638
runtime/dist-arm64ec-spike/lib/wine/aarch64-windows/oleaut32.dll	file	5441536	37425ecdb8f8831811babc819b0605e5da7d45c9894230646546936c4409f1cf
runtime/dist-arm64ec-spike/lib/wine/aarch64-windows/olecli32.dll	file	118784	6fcfa2a9b1b38acce95795df34b2be4da71a7272ac7c4d31d9381f322a7231bb
runtime/dist-arm64ec-spike/lib/wine/aarch64-windows/oledb32.dll	file	1506816	bd05d2a53836f150a9b2011a2a61a2f446a8be2addd88d237ada37a201fe7881
runtime/dist-arm64ec-spike/lib/wine/aarch64-windows/oledlg.dll	file	519168	e502493d433645ff918c0897896b70f0aebd3aed6142d30030f8fc9719793cd8
runtime/dist-arm64ec-spike/lib/wine/aarch64-windows/olepro32.dll	file	113664	ca51d17cbb6ee9449a0714c79e65ed71961120141fac037bd827214a352e3c85
runtime/dist-arm64ec-spike/lib/wine/aarch64-windows/olesvr32.dll	file	98816	fe3f7567cc8a1a617f53b312b1260a69314c9547ae60228389d62f1a7fe763c1
runtime/dist-arm64ec-spike/lib/wine/aarch64-windows/olethk32.dll	file	34304	7ad12ff5ee5713262188024a2e78d2c17614a20a677436fdc805be0b9c006923
runtime/dist-arm64ec-spike/lib/wine/aarch64-windows/oleview.exe	file	1572864	ead62a82b117a6492c9d1fc8b2e530a08de78d70135cd892b14194d58bf211ba
runtime/dist-arm64ec-spike/lib/wine/aarch64-windows/opcservices.dll	file	947200	b66627a1ca99ecf03911d554f99bb16007fd943798126d129e6302e9f40c6452
runtime/dist-arm64ec-spike/lib/wine/aarch64-windows/opencl.dll	file	410112	a3f28cf4e366a42304a314fdc841e9c2620e20a52a73605fef8a2c795c8e3b2b
runtime/dist-arm64ec-spike/lib/wine/aarch64-windows/opengl32.dll	file	9574400	a89d566d68f6fe83a57cf5b5db4f29fc3e700ba35cc599c25a7b689f9ba15433
runtime/dist-arm64ec-spike/lib/wine/aarch64-windows/packager.dll	file	244736	ef5703ed15bb07499d65a87e714c4149d04cf9b567356085d61b1aebdc48d6c6
runtime/dist-arm64ec-spike/lib/wine/aarch64-windows/pdh.dll	file	293376	a20a4e9974acac5440e63c9fac8f715b61a9deb006df4c8c7d5e1aba5ab8f0dc
runtime/dist-arm64ec-spike/lib/wine/aarch64-windows/photometadatahandler.dll	file	50176	67d788dfa5eaf1d348da0da5cf9dca5b65b1994544d2e78b2ad0d10ddd6ad594
runtime/dist-arm64ec-spike/lib/wine/aarch64-windows/pidgen.dll	file	96256	4fdc9aa68a3b9ff887bcd0e4bad40190706633a15a1cd716a9ec3023fef0384a
runtime/dist-arm64ec-spike/lib/wine/aarch64-windows/ping.exe	file	851968	2906a37ab251a0f66c68a5a3e4270714d71f9d510912ff6e1e4148a3d60e8a83
runtime/dist-arm64ec-spike/lib/wine/aarch64-windows/plugplay.exe	file	917504	ef0988cee6f49877bfbe86801ecac38ba38c42f0a68aeb03e46f818be9355dc4
runtime/dist-arm64ec-spike/lib/wine/aarch64-windows/pnputil.exe	file	851968	3ad4951f6e29e144ccf40fd956313f28dbfae0dbf0c7f11153873c3d1a23b4b1
runtime/dist-arm64ec-spike/lib/wine/aarch64-windows/powershell.exe	file	851968	9968257faf050273a35fcd634e0d5fe10dd0be84d1678087eeee540981822d72
runtime/dist-arm64ec-spike/lib/wine/aarch64-windows/powrprof.dll	file	175104	219313ef188edbb341fce9fbe92a8471bb6bb389a6941eea88101e37063e63d8
runtime/dist-arm64ec-spike/lib/wine/aarch64-windows/presentationfontcache.exe	file	917504	c534bca7740a5b3fbd51bb7ecff716e89344b0f15258bb3b63930e0ba29fbe1b
runtime/dist-arm64ec-spike/lib/wine/aarch64-windows/printui.dll	file	111616	1d9c5fe87d5a4a2bc08d252580c453a37725a5bd7299d5cd4bb80ec725932757
runtime/dist-arm64ec-spike/lib/wine/aarch64-windows/prntvpt.dll	file	527872	f8e551b9167434ccf50d5f633787e1cff2cf5edfea5030aefb38ce6fe4f450d6
runtime/dist-arm64ec-spike/lib/wine/aarch64-windows/profapi.dll	file	33792	c07b3e443be5e102073897194d05d002f11e503dc5c68c048f02fd9a63dc181b
runtime/dist-arm64ec-spike/lib/wine/aarch64-windows/progman.exe	file	1114112	709fd604f48fa871d0f48339408a8bd01262e445ce9a9f2837f4f891e05c066e
runtime/dist-arm64ec-spike/lib/wine/aarch64-windows/propsys.dll	file	1178624	8ed38272a6f23aa27d170496dcaff788df5e7c949675e6fbf6d083e40aef36b8
runtime/dist-arm64ec-spike/lib/wine/aarch64-windows/psapi.dll	file	38400	d0e7e628fbd1a43d0904fed24ef63a624058b1c850f99f78328ce9c71efca499
runtime/dist-arm64ec-spike/lib/wine/aarch64-windows/pstorec.dll	file	201216	36d002e279e415a41cec7ea9318abc365a506b73411787ae05af501abe98fc8b
runtime/dist-arm64ec-spike/lib/wine/aarch64-windows/pwrshplugin.dll	file	34304	f70e6ec43657e9de5e3bbd61db49b33ffb37a73acffb980eef48e91a41edec48
runtime/dist-arm64ec-spike/lib/wine/aarch64-windows/qasf.dll	file	1798144	8821c708c60a65950f7e95b8d44f0f9a038275446c9b6cb01239508fd0a4f4af
runtime/dist-arm64ec-spike/lib/wine/aarch64-windows/qcap.dll	file	2276864	dd6d70ad27bf16ee59ee75765c963c799434b965d20dfd38cdde93a1692316ea
runtime/dist-arm64ec-spike/lib/wine/aarch64-windows/qdvd.dll	file	1092096	f980111e688033f273435ad82ec18ff31cae5b8abaa76e435eb00f4c1863dbae
runtime/dist-arm64ec-spike/lib/wine/aarch64-windows/qedit.dll	file	2054144	e6172189a93b78408a31a186c7598c9d43fd989b7b08359a12cd8742bdcbac26
runtime/dist-arm64ec-spike/lib/wine/aarch64-windows/qmgr.dll	file	1114624	562483c7c8f1e438c81e6f657e9ad418f32217a45f583546403fa83104a84e49
runtime/dist-arm64ec-spike/lib/wine/aarch64-windows/qmgrprxy.dll	file	167424	072b8d620cafce93bd352a7c1a764965dce9a20fe1dfaa5b6effaa44c4c7decf
runtime/dist-arm64ec-spike/lib/wine/aarch64-windows/quartz.dll	file	4995072	28633ac034428ab0595e3f1cae53da0f49eb389e40eb6b300c22495ce8d47c78
runtime/dist-arm64ec-spike/lib/wine/aarch64-windows/query.dll	file	141824	448b5dbb8c0ee43460e715684b1326eaf37ea18bcfc8c256ed5542d58e6ed0e8
runtime/dist-arm64ec-spike/lib/wine/aarch64-windows/qwave.dll	file	91648	9760b74cec0ebe038630a2c0e99fbdc5a9e8690234a1253343d332b7b4e1aa1d
runtime/dist-arm64ec-spike/lib/wine/aarch64-windows/rasapi32.dll	file	228864	f50673b1cebda72ebcf49b8dbd54a17623fb9da46442eb6ee7e8efaf6ed43e83
runtime/dist-arm64ec-spike/lib/wine/aarch64-windows/rasdlg.dll	file	98304	c44b9dcb52ec22b19cd5bf0679937dfee8a112f9058bc7b2e2032361ffc63fc5
runtime/dist-arm64ec-spike/lib/wine/aarch64-windows/reg.exe	file	1310720	934634fa6ddd82ea3b6d38eb36c6fa999a386795c3a235a8ed6062659550a1f7
runtime/dist-arm64ec-spike/lib/wine/aarch64-windows/regapi.dll	file	55296	9cfb5c93374e6035191c89775209616b906ae064e42aa45bfb027c520a55cdc8
runtime/dist-arm64ec-spike/lib/wine/aarch64-windows/regasm.exe	file	851968	bb458ba8d6b9b28949c9033bb1675d3aea00b63450db598740d2c7f3950d5312
runtime/dist-arm64ec-spike/lib/wine/aarch64-windows/regedit.exe	file	1703936	271737eb53eb186fa9519c16b028a9a623988ca1a7f5a7d11f6253880169bcf2
runtime/dist-arm64ec-spike/lib/wine/aarch64-windows/regini.exe	file	851968	853a8937dcbef7fc7cfda3bb0bd26c7606ffd8e51ee03da11befa2424e42adc0
runtime/dist-arm64ec-spike/lib/wine/aarch64-windows/regsvcs.exe	file	851968	7b40196c5d5e2123ab6203ec36f9883b1b41084b1da1aeefea1553d75fdb2f5c
runtime/dist-arm64ec-spike/lib/wine/aarch64-windows/regsvr32.exe	file	204800	08d8654ff9ab7aea689310087fbc1cfeae89c26279b5dbb1557b44d35d756711
runtime/dist-arm64ec-spike/lib/wine/aarch64-windows/resampledmo.dll	file	930816	49c07c201ecdaddc5ff1c33866bb1aa892727e351c79d52b8701fa4e436527ac
runtime/dist-arm64ec-spike/lib/wine/aarch64-windows/resutils.dll	file	60416	ba79833e6795cd852df4e7fc8e4b1eff337b8d9357458c349bf29253b34afea2
runtime/dist-arm64ec-spike/lib/wine/aarch64-windows/riched20.dll	file	4581376	e15a1077232a46782551287023905fa40ef467f8a143d9d908f0cf47b1738cb8
runtime/dist-arm64ec-spike/lib/wine/aarch64-windows/riched32.dll	file	83456	bd1ec3c2e44f867d786468b94a06318af5b5ba5474f6c561222d51e02260a06d
runtime/dist-arm64ec-spike/lib/wine/aarch64-windows/robocopy.exe	file	917504	ad5789c431c6ed5dae2c3f746742ed90da36442838b028820d905e3cf89e14fe
runtime/dist-arm64ec-spike/lib/wine/aarch64-windows/rometadata.dll	file	680448	544e518b9ddccbc9b33080e9353d6e977c8b7356a1613bb21ef6122fd833f6b1
runtime/dist-arm64ec-spike/lib/wine/aarch64-windows/rpcrt4.dll	file	4347392	0e40ea89183ffafb3356837f53c566c756ab082acfe2dd38e216996a87ea8c2e
runtime/dist-arm64ec-spike/lib/wine/aarch64-windows/rpcss.exe	file	917504	93604261e5d0c4344fbba3510e173fedc223abbdf8c8e70b635610ce140debeb
runtime/dist-arm64ec-spike/lib/wine/aarch64-windows/rsabase.dll	file	31232	c22fa64aa66c8325ce2b68b8871aafd5bb155c870616e09d98623dba59b70984
runtime/dist-arm64ec-spike/lib/wine/aarch64-windows/rsaenh.dll	file	2051584	1f43b1d3c7b246584e3fda9e234adf066e19980ed207f8060d90ccc6dacacb89
runtime/dist-arm64ec-spike/lib/wine/aarch64-windows/rstrtmgr.dll	file	103936	49795debac724834a9f866336b92e3bdef31a9b21babf0a2704788ce14acdf6b
runtime/dist-arm64ec-spike/lib/wine/aarch64-windows/rtutils.dll	file	106496	77bbac8c0af96d7d5c9e65467875916175e610b7cffdb9f6b1a42347c8cba713
runtime/dist-arm64ec-spike/lib/wine/aarch64-windows/rtworkq.dll	file	312832	0eb16f5b380c1c86ae2db6c891e38211e2e075e80d3de0e7eb80fd0182faf7f4
runtime/dist-arm64ec-spike/lib/wine/aarch64-windows/runas.exe	file	851968	0b4c65ed0136b96db600bfa4df97a047cad86d03f01e4b46d318d6a3ea7806f3
runtime/dist-arm64ec-spike/lib/wine/aarch64-windows/rundll32.exe	file	162304	f5b96b3f9eb63dd5ecbd4738e64973a889d0d0b2733c486673edccd3e9409fc4
runtime/dist-arm64ec-spike/lib/wine/aarch64-windows/samlib.dll	file	55296	42ab745abfeb4e644683e7cbd02e57827bae4eff96c9a742732c5e16f08ac8a1
runtime/dist-arm64ec-spike/lib/wine/aarch64-windows/sapi.dll	file	2107392	30a4db7408287ea96877b0ad18b0157558a1e88a06ca5234673ded295f67f12d
runtime/dist-arm64ec-spike/lib/wine/aarch64-windows/sas.dll	file	31744	4f1e7a7a397beded1b0340cd9c0c8c218c865c7cfe7c92da1684155bfb53486c
runtime/dist-arm64ec-spike/lib/wine/aarch64-windows/sc.exe	file	851968	ecf73cae808973f0ee8991a9386f45c2dc887816b2e7c4001091347755632263
runtime/dist-arm64ec-spike/lib/wine/aarch64-windows/scarddlg.dll	file	32256	915cd1c958f36d315fe05c45ebc7f8633e50990253102c72552f343bf0a0ebb0
runtime/dist-arm64ec-spike/lib/wine/aarch64-windows/scardsvr.dll	file	82432	2c7be6cc6a6d36cebb74e116812543cbe0880ec97940a870eb00b0b5e3773ac5
runtime/dist-arm64ec-spike/lib/wine/aarch64-windows/sccbase.dll	file	55296	47a7005d4dc371fb0c871e9db9cfff456dcc6237d0fdc95394a7e434a9bf98b4
runtime/dist-arm64ec-spike/lib/wine/aarch64-windows/schannel.dll	file	153600	b78936b71535bc67ee325cba200e9a50f27bb08071c6fcef09993ee7154af6f2
runtime/dist-arm64ec-spike/lib/wine/aarch64-windows/schedsvc.dll	file	512000	c773f18845b200e43a9a00d1b5a64e1e66bddb2d54fe09ae365476b9d3907f88
runtime/dist-arm64ec-spike/lib/wine/aarch64-windows/schtasks.exe	file	851968	6b319f3307213f2cbcca734d921022d22d0c2b9b717c6c91ec3047e22c7e45f9
runtime/dist-arm64ec-spike/lib/wine/aarch64-windows/scrobj.dll	file	1033728	18df720e3f65c5107933b1e48620cad04aff96bb056a646323859ed6c37b7134
runtime/dist-arm64ec-spike/lib/wine/aarch64-windows/scrrun.dll	file	1457664	ee1ab402fab60e33ceda9a424de9b099885ae5479374264cf972eaa939f2dad1
runtime/dist-arm64ec-spike/lib/wine/aarch64-windows/scsiport.sys	file	140288	0caeb83ea9cd5dbe4a9c763479c744778d851c6cdf28935e57a8d89b2ba79f54
runtime/dist-arm64ec-spike/lib/wine/aarch64-windows/sdbinst.exe	file	851968	6c5cb036ca70482477230e30c9ba3f3b57002dca8b1116e0442994d0d520ae58
runtime/dist-arm64ec-spike/lib/wine/aarch64-windows/secedit.exe	file	786432	21f2dbcb1d4be7763d613bc615097a969478426ec12de9cf4cc56cc5523f7b59
runtime/dist-arm64ec-spike/lib/wine/aarch64-windows/sechost.dll	file	794624	8a20f03f865f66b73c75d868db7d4365910a22a454448449c37343a92e4c2356
runtime/dist-arm64ec-spike/lib/wine/aarch64-windows/secur32.dll	file	1006080	fec06e8cebb15d3c0cf0f04817996473d32a2468badffd1069c18bb15b7d72f6
runtime/dist-arm64ec-spike/lib/wine/aarch64-windows/security.dll	file	131072	89b6b307bbaab8aff642d0160ceff67fed42d6ef1af196aa9b8234dc090e9b88
runtime/dist-arm64ec-spike/lib/wine/aarch64-windows/sensapi.dll	file	88576	40c7afc32af037891459a504bab3458d4216000db34b5f7725946877f42cf294
runtime/dist-arm64ec-spike/lib/wine/aarch64-windows/serialui.dll	file	169472	2bd0881a7c4acd79881dd4bcdf42c7383320e87bf19df9b6545d6b7397bebfd0
runtime/dist-arm64ec-spike/lib/wine/aarch64-windows/servicemodelreg.exe	file	851968	239c858f2503aa862c83a91a2b5745a9fdf2668d1e84b3dc66de9dd7f66fe9e6
runtime/dist-arm64ec-spike/lib/wine/aarch64-windows/services.exe	file	1048576	9a8a4e069061f7647d0a416eddb0e0a65864586e3020a45348bb7b4401ddff53
runtime/dist-arm64ec-spike/lib/wine/aarch64-windows/setupapi.dll	file	3237888	16f02f2405d3e61b9dad4cf84349be52b5e6e7a763178c831079c261721ff92c
runtime/dist-arm64ec-spike/lib/wine/aarch64-windows/setx.exe	file	917504	66f345a56a2fcb87483f252f8d37d98e83d53472d2a680a31216acf5b381e961
runtime/dist-arm64ec-spike/lib/wine/aarch64-windows/sfc.dll	file	131072	1ce9633bdbbf74a0bdbdf03a93b49aafce6d3686ec2699895e6eb21a0f6ae8a3
runtime/dist-arm64ec-spike/lib/wine/aarch64-windows/sfc_os.dll	file	105984	0a72e70e9fbb70de7216e3ef0e9204b92aa7698f2800ab1325a6aae7910fc233
runtime/dist-arm64ec-spike/lib/wine/aarch64-windows/shcore.dll	file	485888	1e42485106823a3c75b8f85e4490a0bff9b3479a1f7ca59525fb4ad132ef638d
runtime/dist-arm64ec-spike/lib/wine/aarch64-windows/shdoclc.dll	file	327680	399adedb233a85b2cdf3497ac2664e440db8a41565e807264f48b572ac6c1551
runtime/dist-arm64ec-spike/lib/wine/aarch64-windows/shdocvw.dll	file	882176	2bab462f358c04fd6942154318f07b8bedddc45464f6b0827767624b679adc0c
runtime/dist-arm64ec-spike/lib/wine/aarch64-windows/shell32.dll	file	17303552	5b48807c7352ec3605c97cb022138aabd7142bbf1fdfa5b381f3ec7eaf1b91c6
runtime/dist-arm64ec-spike/lib/wine/aarch64-windows/shfolder.dll	file	31232	289d18f876b4e0df2aecf491c6701470d26d039083bc11ad4871c1b201f8e907
runtime/dist-arm64ec-spike/lib/wine/aarch64-windows/shlwapi.dll	file	1971200	55803b0211c5e1b37790e66a3b115650678f33879fad5f29b2118d1345006b30
runtime/dist-arm64ec-spike/lib/wine/aarch64-windows/shutdown.exe	file	851968	acbdd9bce1984f3a11697c3040b10c33fd9d738fdd73f1bbf531e961e3a95088
runtime/dist-arm64ec-spike/lib/wine/aarch64-windows/slbcsp.dll	file	55296	c7c5f731985044f2056d144362bf5cdd2a4c6e69b6203dbdc23e2733be390a57
runtime/dist-arm64ec-spike/lib/wine/aarch64-windows/slc.dll	file	134656	4391d137cede2fbb32150975266e45b46503b5e8be479484efb2d757d6c7df5e
runtime/dist-arm64ec-spike/lib/wine/aarch64-windows/snmpapi.dll	file	160768	f4844bc0ace92c5aee16d297ccaa63212967707943dc97f392b897f49b85bd97
runtime/dist-arm64ec-spike/lib/wine/aarch64-windows/softpub.dll	file	36352	adfcef177f87c3bc6f07430689fd7dfc0a364466c2c189eabdd558e883bf4334
runtime/dist-arm64ec-spike/lib/wine/aarch64-windows/sort.exe	file	851968	dc8b1e7ca06c98d62990dbbe7821270001cbaf210a3e780da793c2c3e565f078
runtime/dist-arm64ec-spike/lib/wine/aarch64-windows/spoolss.dll	file	226816	027673015ce5c532fedd46ecaf9f871d9d5b2e849611946b7a3a8ff212472235
runtime/dist-arm64ec-spike/lib/wine/aarch64-windows/spoolsv.exe	file	917504	1bddcb883ec6fe28e821005f1d7b5dc4f5c8e2994ce8966ef526204ab20746fc
runtime/dist-arm64ec-spike/lib/wine/aarch64-windows/sppc.dll	file	121856	8865711bfa661588461e654c6801b90234983776c75eb0741c558f64126a0244
runtime/dist-arm64ec-spike/lib/wine/aarch64-windows/srclient.dll	file	33280	78c1bf6c942cb2efb09295a22ddac0729acf6e474b40c8fc2f50a880cc3f40aa
runtime/dist-arm64ec-spike/lib/wine/aarch64-windows/srvcli.dll	file	47616	e0b140635af5358d4bf33d32fab19e4570cf7a5bf35230b78f9eb0efe167b778
runtime/dist-arm64ec-spike/lib/wine/aarch64-windows/srvsvc.dll	file	81920	20eadd33cdf8dd852a83d3cf796398ce7b080456030a31d164949ed3bfe31e20
runtime/dist-arm64ec-spike/lib/wine/aarch64-windows/sspicli.dll	file	131072	fc68a6c3d94828129438a5c70f3bb4fc581478b1f1708e86f2e30a161a292cb9
runtime/dist-arm64ec-spike/lib/wine/aarch64-windows/start.exe	file	983040	86be80cb27761bcc6b5999c8af73478707e59d0604022b5e6ab6c23daf7665db
runtime/dist-arm64ec-spike/lib/wine/aarch64-windows/stdole2.tlb	file	131072	39c0263aa0d35c0663853120bc42ff6250f0d3dd5d099415eeaebe934e8d033e
runtime/dist-arm64ec-spike/lib/wine/aarch64-windows/stdole32.tlb	file	131072	fcc499d6cad2634b61b64ff3615a7f085b512a2c6059c62157a2355797c67c37
runtime/dist-arm64ec-spike/lib/wine/aarch64-windows/sti.dll	file	820224	773e92d4b074cc9c4b833998fcf0db13d21e9930ca71c588e47cef82282ecac9
runtime/dist-arm64ec-spike/lib/wine/aarch64-windows/strmdll.dll	file	33280	6b9f429529f0e39531ea5e2e6c01414a34065b029befde93ef238dc552ea950a
runtime/dist-arm64ec-spike/lib/wine/aarch64-windows/subst.exe	file	851968	31086918350155d6065ae4dc52275ef8ca2236030ec5c30ffd6e3e88c811b73c
runtime/dist-arm64ec-spike/lib/wine/aarch64-windows/svchost.exe	file	851968	f56a1b2f232e746bddae4e83ba811f0ee551772b20c63def1f46891e1581e6fd
runtime/dist-arm64ec-spike/lib/wine/aarch64-windows/svrapi.dll	file	34816	518f3dfc71a88a282421134d2cbe3fada9a430b721c9bb97d63eeb432f179ac4
runtime/dist-arm64ec-spike/lib/wine/aarch64-windows/sxs.dll	file	411648	9ac397336e139249fedda9ccb434e43d4d023b78d625cfa7d49297aefa3e331f
runtime/dist-arm64ec-spike/lib/wine/aarch64-windows/systeminfo.exe	file	917504	5cdcb673ebc46ac588e1cc21242ca938bab2e9acef69b42d895a4da112a8bdeb
runtime/dist-arm64ec-spike/lib/wine/aarch64-windows/t2embed.dll	file	122368	cdbec8b143b0a88936e16f935ee80a0f4b57306f5a1287cc9a2039488c59c6e6
runtime/dist-arm64ec-spike/lib/wine/aarch64-windows/tapi32.dll	file	526848	4f416c6efe746f281866496682314c3befa71a36e18f9dca15d882e4072f6361
runtime/dist-arm64ec-spike/lib/wine/aarch64-windows/taskkill.exe	file	917504	b124a540bcffabc84d6bf4fee5e68a58b9b195969651463622483c24c851661f
runtime/dist-arm64ec-spike/lib/wine/aarch64-windows/tasklist.exe	file	917504	d6baa84dc2797167c98a3270acac8297ec50c7cfa7b76ff7fc033d301b718e05
runtime/dist-arm64ec-spike/lib/wine/aarch64-windows/taskmgr.exe	file	1703936	cc4cc9d8b4249a59919892faf93d5a2f9d83509fd827b9dc07f4e4dfb5e0f4d3
runtime/dist-arm64ec-spike/lib/wine/aarch64-windows/taskschd.dll	file	1440256	f11f4a2ee8abce0fcc383bd0dbfbcb7e625c790992f11fa9c880abeac22e52a5
runtime/dist-arm64ec-spike/lib/wine/aarch64-windows/tbs.dll	file	91648	7781a4af0b021023cd77e8a14dc449fab3390768b0fc7d1acca85ec2744ec10d
runtime/dist-arm64ec-spike/lib/wine/aarch64-windows/tdh.dll	file	105472	3bccffd25b3eeff024cb8ab4c970ac93833116d37f561872dce8734988178fda
runtime/dist-arm64ec-spike/lib/wine/aarch64-windows/tdi.sys	file	141824	e2b004fcd209be1f05248287ed68ad16015ebace0da33ef7246fca7c1db67e73
runtime/dist-arm64ec-spike/lib/wine/aarch64-windows/termsv.exe	file	917504	27e4807082089b65634427ac25e8031ca3ee8066e1f45759180ed1242a8f8ee1
runtime/dist-arm64ec-spike/lib/wine/aarch64-windows/threadpoolwinrt.dll	file	721920	6158cc128cc0692d41a5ccc609d9a66a8c8b3683e2b6d117585f281cfbae7d9c
runtime/dist-arm64ec-spike/lib/wine/aarch64-windows/timeout.exe	file	851968	c7f3cbded9d2e9b849ef83fce39f837b8f0806e46ac99269cabdae1f4ef82ec2
runtime/dist-arm64ec-spike/lib/wine/aarch64-windows/traffic.dll	file	90624	3f7e59d8a1d691d2a2b67bef0d5343564e92f94971e8bf34290d7c29ac2b8e0b
runtime/dist-arm64ec-spike/lib/wine/aarch64-windows/twaindsm.dll	file	192000	7751bba505fdf0ce45666c0cfb208c4366cd3c9ab22848896e042d8e53885164
runtime/dist-arm64ec-spike/lib/wine/aarch64-windows/twinapi.appcore.dll	file	648192	cd8bf40a1b7e81f1f608542814abd0af459f33ba4171781219b4c695fcc42242
runtime/dist-arm64ec-spike/lib/wine/aarch64-windows/tzres.dll	file	655360	d3e57b6f6aff8543acbc981dccc9cbd404ae26d61aaaad40a95d28f512ecbe56
runtime/dist-arm64ec-spike/lib/wine/aarch64-windows/ucrtbase.dll	file	6967296	43916705bc273b2a772834d6cef62b7ebfb4623e776513aec01760a428ba5831
runtime/dist-arm64ec-spike/lib/wine/aarch64-windows/uianimation.dll	file	832000	9eae9d0b02e47c283a575d34252dfae9987647480b579ba6109b1f920a6f641e
runtime/dist-arm64ec-spike/lib/wine/aarch64-windows/uiautomationcore.dll	file	2905088	2147b77ae1f6d1ca0212b4362cb30ae8a591e2f114b90334030567e25453a1b0
runtime/dist-arm64ec-spike/lib/wine/aarch64-windows/uiribbon.dll	file	715776	d015b266bb737e8f40b036a81161d1ee60e47db64baab39e3e08bf6cc0e201a0
runtime/dist-arm64ec-spike/lib/wine/aarch64-windows/unicows.dll	file	212480	48fab01f88e106f27605d86915786aade0796824a386358b5b289979229a0be9
runtime/dist-arm64ec-spike/lib/wine/aarch64-windows/uninstaller.exe	file	983040	9901834e0fa2aead69272a3f9b2d30f2f890f5610e110ea7ec58439494948658
runtime/dist-arm64ec-spike/lib/wine/aarch64-windows/unlodctr.exe	file	786432	69a301afca9cc491bd402331df6bbfe50eb877ec5aa9021dc64ab45581e3bcc9
runtime/dist-arm64ec-spike/lib/wine/aarch64-windows/updspapi.dll	file	100864	bd9040cc6efed1d403fdb23ae7341647cf12c76f3ca96e3c2c79a9f3cc66fae3
runtime/dist-arm64ec-spike/lib/wine/aarch64-windows/url.dll	file	102912	4af7097358d26968bc8f69cc83f0598f102a4dfa2a37ac5ffe7331aad22fad9f
runtime/dist-arm64ec-spike/lib/wine/aarch64-windows/urlmon.dll	file	4225024	3be6b7883ddbd8144b892f68235dd5b7e665420a921826a1a56f5302372e0b88
runtime/dist-arm64ec-spike/lib/wine/aarch64-windows/usbd.sys	file	183808	135479362ba5679799ec74f01faeef35afccf1a118dc6c32cc3d40a891b510bb
runtime/dist-arm64ec-spike/lib/wine/aarch64-windows/user32.dll	file	8558080	e23dbb22ecf93a9ca48e73a319f282ac3437bd021cff576157700aef1c340756
runtime/dist-arm64ec-spike/lib/wine/aarch64-windows/userenv.dll	file	188928	d149ca2394ccb91641bf2315bb7690b8cfa6d592e926f9dff339aa2beb87c1cc
runtime/dist-arm64ec-spike/lib/wine/aarch64-windows/usp10.dll	file	131072	eb633038b647f2930ddcd659a4e15574af3fb915f47518495e48a63f18b4a5db
runtime/dist-arm64ec-spike/lib/wine/aarch64-windows/utildll.dll	file	41472	1aae697668fc7d36677f6537376b013cf353cca1191232db955f70aade8575ac
runtime/dist-arm64ec-spike/lib/wine/aarch64-windows/uxtheme.dll	file	1136640	890b2a5562cacfe35ab054fb47ce5944a5d23fefc412cf33fc1ffcb9d78d902d
runtime/dist-arm64ec-spike/lib/wine/aarch64-windows/vbscript.dll	file	3080704	ae12491a5991b32d6eca160635c29e0fa5c150964ba3f1a29dee1112f4c4ae41
runtime/dist-arm64ec-spike/lib/wine/aarch64-windows/vccorlib140.dll	file	749056	a766c890b1b96761eefe2259476a36b876fda6772b3c844fd2495cb7323ec83b
runtime/dist-arm64ec-spike/lib/wine/aarch64-windows/vcomp.dll	file	276992	79bdadbdc1146e6bdebae593ec18dfda2645d04d1a92b2996556d8f621fbf0ed
runtime/dist-arm64ec-spike/lib/wine/aarch64-windows/vcomp100.dll	file	276992	a06628f6f7959f11b78ec0ec1b3145222adf3c198ce6d64eda5903454a3c3f34
runtime/dist-arm64ec-spike/lib/wine/aarch64-windows/vcomp110.dll	file	276992	80e39356822f9e9a53cf366db6131c0b9c38b29b09413863b4fd6d1a336191c9
runtime/dist-arm64ec-spike/lib/wine/aarch64-windows/vcomp120.dll	file	276992	f7ba95b1ed96a7c8b65ce34679cf8a1cd68af776feb808e22de7635cc61bf04f
runtime/dist-arm64ec-spike/lib/wine/aarch64-windows/vcomp140.dll	file	276992	db0be92e8b8637c8c24be51ecaeddaf7b71057c42078499d6eb91a2974a3344f
runtime/dist-arm64ec-spike/lib/wine/aarch64-windows/vcomp90.dll	file	45056	e69efd963e1ad6455a8a8f65bf8e7e2bdfedc8d808d28bd03aeeba6c9d490068
runtime/dist-arm64ec-spike/lib/wine/aarch64-windows/vcruntime140.dll	file	97792	d9a35ff63d798ed53757d17359c2ecf34cad1283576664a68985d2e90da74cd5
runtime/dist-arm64ec-spike/lib/wine/aarch64-windows/vcruntime140_1.dll	file	133632	989e4ff887c2fe4c8b1c04444336d950660075756482e56e4d164dd0ade30afc
runtime/dist-arm64ec-spike/lib/wine/aarch64-windows/vdmdbg.dll	file	89088	a55dbab08bd2c3df86bb49ceda56a73fb361c3fe9b8b72ecab415f1ca08a0aac
runtime/dist-arm64ec-spike/lib/wine/aarch64-windows/version.dll	file	125952	d16dae2afb74b208c064bbb7b4cafd5cc60abfddf110b89ab7b82c993105d2b4
runtime/dist-arm64ec-spike/lib/wine/aarch64-windows/vga.dll	file	31232	12aaf1503cb23b6fcd01fb2fd94c4feddd5af58ba610ce7a3c4b48c5b8696a90
runtime/dist-arm64ec-spike/lib/wine/aarch64-windows/vidreszr.dll	file	404480	8bade0d1af60ad2d31b2e96c48e4d75ffd5aa7a0a833234438589dd4a703b084
runtime/dist-arm64ec-spike/lib/wine/aarch64-windows/view.exe	file	851968	a906997146a0ae42c10d07c01c7283dc0a0cb23fac935ea2846425824eccd032
runtime/dist-arm64ec-spike/lib/wine/aarch64-windows/virtdisk.dll	file	103424	cc97ca8e1cecefcd012c410d2b823be2120d67a350f30d9d1e40e3b6186b8abc
runtime/dist-arm64ec-spike/lib/wine/aarch64-windows/vssapi.dll	file	146944	48896f817d4a0965ff36c58147209ee1e7aa458f2a8efe037224327a0c4c43f7
runtime/dist-arm64ec-spike/lib/wine/aarch64-windows/vulkan-1.dll	file	71680	4f2887e0a4e5f71613f3f3e7c05a47b4cc972d3cefbf66b7017f36c5a35e57b2
runtime/dist-arm64ec-spike/lib/wine/aarch64-windows/wbemdisp.dll	file	832000	4f6904a165d8b5c6fc3fef23d21e07bb3d4c9a03a30aa4d16a176fc7bbae14c8
runtime/dist-arm64ec-spike/lib/wine/aarch64-windows/wbemprox.dll	file	2342912	a4b947d3b1a6b18d879ef2e435ef2e764e6c0adeea9522ef901b4b53274f1b24
runtime/dist-arm64ec-spike/lib/wine/aarch64-windows/wdscore.dll	file	62976	6203e3aab95d04fd5fea0b901f035e76e53753e623223f081c30e606aa463be8
runtime/dist-arm64ec-spike/lib/wine/aarch64-windows/webservices.dll	file	2945536	91405d79844f349e86f507c46d65beee7d9e1f4070c3b40137bf877b2a6cb3d5
runtime/dist-arm64ec-spike/lib/wine/aarch64-windows/websocket.dll	file	90624	38767c6995da7e086b6a04f9b6e3bb36bc469b387c59cb14c0a6e069b0e3f656
runtime/dist-arm64ec-spike/lib/wine/aarch64-windows/wer.dll	file	149504	06ff7f08d696e0e1b3a8a371ba3e36dac6108f3976b64209eb739cded9c28925
runtime/dist-arm64ec-spike/lib/wine/aarch64-windows/wevtapi.dll	file	132096	5458fcfe77ec146b07c52d794d5b585909177d9feea90c52731bc8bbcea9dfbf
runtime/dist-arm64ec-spike/lib/wine/aarch64-windows/wevtsvc.dll	file	86016	db0d8ed10d3efd1adb1679ebd21b01566cada2608fc2da139b61b794bfa01539
runtime/dist-arm64ec-spike/lib/wine/aarch64-windows/wevtutil.exe	file	851968	90647844d636e372d641c2b220667bdd2f38557811cb91b6e9a817d0638883e1
runtime/dist-arm64ec-spike/lib/wine/aarch64-windows/where.exe	file	917504	3d07d07e73244d1012651a482b5ef00a942d80fb1d6585860e8510384214f28c
runtime/dist-arm64ec-spike/lib/wine/aarch64-windows/whoami.exe	file	851968	4fca65006246a09e4e971bf1dd7d73515b172889d004e76bf9006d5f259fe886
runtime/dist-arm64ec-spike/lib/wine/aarch64-windows/wiaservc.dll	file	754688	c96cf66bd722884bf32500886af406786420ca614122e8145919f4329c61456e
runtime/dist-arm64ec-spike/lib/wine/aarch64-windows/wimgapi.dll	file	108032	a412eb98cbf2840b13e20aa0a4ab036403cfafd1a847fbec37f0523b0fcdd72c
runtime/dist-arm64ec-spike/lib/wine/aarch64-windows/win32u.dll	file	1143808	38fbd494803f7bbebb8f66d437f714f1eb9a1237e104f686064255896cf6756e
runtime/dist-arm64ec-spike/lib/wine/aarch64-windows/winbio.dll	file	60416	dc0c2ccf07cb36764b7f6396bd935ded39afdf58e9a408dd3616a19f85ad9d17
runtime/dist-arm64ec-spike/lib/wine/aarch64-windows/winbrand.dll	file	94720	925cd0c9713f34c5fc153c8458abbef605e5b4d640acea5f5cd29f3977cb821e
runtime/dist-arm64ec-spike/lib/wine/aarch64-windows/windows.applicationmodel.dll	file	476160	524f51404b7cc04c8ce5f8afc8e2e5d0d403d0b675f0e9c49ef83215afdb57b5
runtime/dist-arm64ec-spike/lib/wine/aarch64-windows/windows.devices.bluetooth.dll	file	604160	25480af209d6d670fb7e3101779ec176e59080bd839b9349dde1b7a51e480dca
runtime/dist-arm64ec-spike/lib/wine/aarch64-windows/windows.devices.enumeration.dll	file	1164288	45c13b53e7496a492581d5f0dd603e8b05d6d87f97744bf450bc3ab169f5b4c6
runtime/dist-arm64ec-spike/lib/wine/aarch64-windows/windows.devices.usb.dll	file	296448	94c11db4f2fe08ab03c0c2cba41909d00efdf83991ac5ada0f53f027873ec61c
runtime/dist-arm64ec-spike/lib/wine/aarch64-windows/windows.gaming.input.dll	file	1884672	2298e91354f27305d78320fae89e04573c1d7c08da733c1a1b94987254166850
runtime/dist-arm64ec-spike/lib/wine/aarch64-windows/windows.gaming.ui.gamebar.dll	file	173568	2b5a7540cebf3b50bbd073a1384534ddbc130da27ecc5cfbd2711814d0686966
runtime/dist-arm64ec-spike/lib/wine/aarch64-windows/windows.globalization.dll	file	424448	9c1ec0e0f892fe2f4d2c4103d58b018fe4996d35b17d547dacdc5897a31d1214
runtime/dist-arm64ec-spike/lib/wine/aarch64-windows/windows.media.devices.dll	file	263680	86e61425d0678317f8e263d1d1d0688636361e32b610f19d2b27429b5330ff0d
runtime/dist-arm64ec-spike/lib/wine/aarch64-windows/windows.media.dll	file	439296	5092c5ec288b4e40a0313db8c5e5dd0f43e15188a1d2a57db5fa6425885d4897
runtime/dist-arm64ec-spike/lib/wine/aarch64-windows/windows.media.mediacontrol.dll	file	412672	0f65a63fb6d805fe9160dd7bcad78fc64d6e57cc4beceae88c9a39fff5f30435
runtime/dist-arm64ec-spike/lib/wine/aarch64-windows/windows.media.playback.backgroundmediaplayer.dll	file	372224	dcf7bf2958611e00005a314b276cb35a5eb512bdc90f5fa74cb6f151b872ac94
runtime/dist-arm64ec-spike/lib/wine/aarch64-windows/windows.media.playback.mediaplayer.dll	file	483840	fc6847619f8ca716a909d46ee0a1255d4f62b68f4a72f384cb99cfbc0a621b07
runtime/dist-arm64ec-spike/lib/wine/aarch64-windows/windows.media.speech.dll	file	1350144	5b3a6e3ac1f99b2045d41c096c8dabb48a8d955887ba2e826ff74e52678fdfa4
runtime/dist-arm64ec-spike/lib/wine/aarch64-windows/windows.networking.connectivity.dll	file	396288	1f8406df81dcd4ae346746e4e59b261679efbe2aa761c3843724adceb5d39c7d
runtime/dist-arm64ec-spike/lib/wine/aarch64-windows/windows.networking.dll	file	112640	42e4936864eba879fd6f67675d07ceec1ac94c36ee109e44f829fc47cd2396f3
runtime/dist-arm64ec-spike/lib/wine/aarch64-windows/windows.networking.hostname.dll	file	293376	47a82bba97c9f9a0a94df6e8019704ef8fc28238183c9c2f09fbc5ea0175d797
runtime/dist-arm64ec-spike/lib/wine/aarch64-windows/windows.perception.stub.dll	file	683008	a3e5f80f8a03ea19c60efafb60c4289763b91f6fc78d214c1b6f0bd3685f9413
runtime/dist-arm64ec-spike/lib/wine/aarch64-windows/windows.security.authentication.onlineid.dll	file	339968	43416c42cc379b76d3793444f6e6fb2de5e367bb5a528eacf7a40b19b1fcb8a9
runtime/dist-arm64ec-spike/lib/wine/aarch64-windows/windows.security.credentials.ui.userconsentverifier.dll	file	348160	17eb0efabd94937438d64dbd69673e1fb2317d5412cb7bdf4f9d4729e6330718
runtime/dist-arm64ec-spike/lib/wine/aarch64-windows/windows.storage.applicationdata.dll	file	311296	44e1d1ea0221e0b7b067240bf890b96f76fb1338c5d7e560dd00c23c9e770ff7
runtime/dist-arm64ec-spike/lib/wine/aarch64-windows/windows.storage.dll	file	458752	d2cfabbc53ffb62f077cad3d55d86b99a10d1ce47650c8ba6085156f72bef990
runtime/dist-arm64ec-spike/lib/wine/aarch64-windows/windows.system.profile.systemid.dll	file	254464	bc389634ce2aa82f40f2fd0a9397149ddfea6025e48c0738b7deb2e293ec885a
runtime/dist-arm64ec-spike/lib/wine/aarch64-windows/windows.system.profile.systemmanufacturers.dll	file	212480	3d490b1884c0e2c27555ef7f81c2415945f394b59507aa2ab8cc2e76e9432966
runtime/dist-arm64ec-spike/lib/wine/aarch64-windows/windows.ui.core.textinput.dll	file	394752	c2871b39d7d5a640e02e778447770ab708a6d4491e7120aa5e871365dcf648cc
runtime/dist-arm64ec-spike/lib/wine/aarch64-windows/windows.ui.dll	file	731136	b341164d220a7132b0e24a4a4291e08b98ed4fe9c09643321a7bdd7a8fd9c4d7
runtime/dist-arm64ec-spike/lib/wine/aarch64-windows/windows.ui.xaml.dll	file	183808	79caea0f0780f0c648e8ff20a0974ca9977813d36ab735a4c1a2dd8d8d2192ab
runtime/dist-arm64ec-spike/lib/wine/aarch64-windows/windows.web.dll	file	323072	535b33f223073f31472ff98a45c8a3456b437c00ec8e19c1e0ca59dd099774d8
runtime/dist-arm64ec-spike/lib/wine/aarch64-windows/windowscodecs.dll	file	13561856	b288a14d48b7b4a256f24530363ee20577e75f6959474cf3624f11588bb0e4f8
runtime/dist-arm64ec-spike/lib/wine/aarch64-windows/windowscodecsext.dll	file	243712	7cd9e60cc2b1757125df48c6936ed0b668c1a0fa34e0ec25f08dca26f56ee914
runtime/dist-arm64ec-spike/lib/wine/aarch64-windows/wineboot.exe	file	1179648	48d8f4d118ad964ea25b05266db5624334c667c64f239f38566cb4e201881991
runtime/dist-arm64ec-spike/lib/wine/aarch64-windows/winebrowser.exe	file	851968	14980d2151d122dcc4303b564f0b8748bc4617b701964e399beef5293d54081f
runtime/dist-arm64ec-spike/lib/wine/aarch64-windows/winebth.sys	file	682496	66ab9396f130c2cc71f539f1f20bee96e9ab49a7bb565c51c5580e283c9c582d
runtime/dist-arm64ec-spike/lib/wine/aarch64-windows/winebus.sys	file	329728	649998dee15c6dcb8d3fd39050856c2e22689c8c30ce286dd8c1b27d2e7211a8
runtime/dist-arm64ec-spike/lib/wine/aarch64-windows/winecfg.exe	file	2162688	5a2d643362d8635220d9c4047fda1cb46d12c83c7f303728a82b7cf43beaa06b
runtime/dist-arm64ec-spike/lib/wine/aarch64-windows/wineconsole.exe	file	983040	c1bb38330a4ef51e23bd7708e4dfb09a419ad7a5aa7e636a9546759fbd9646d1
runtime/dist-arm64ec-spike/lib/wine/aarch64-windows/winecoreaudio.drv	file	33280	7c0e9192ad3faf9be0e80a0528b020ba566fb7cc88d2ce80f5dbc03382aa4b5c
runtime/dist-arm64ec-spike/lib/wine/aarch64-windows/wined3d.dll	file	48315392	faee5e8d8201f1e0e90ae8f01280436e8f444d45b5ce2cc835d8d0e030cff44b
runtime/dist-arm64ec-spike/lib/wine/aarch64-windows/winedbg.exe	file	11337728	19d6e169f741c4561ca48e3b835093ec3025d081d00f23ebe8e94ee324513db1
runtime/dist-arm64ec-spike/lib/wine/aarch64-windows/winedevice.exe	file	851968	31bb44c9692925776bf8f694cae16f36557dbc88f9604c8f94d71a1927b3b74b
runtime/dist-arm64ec-spike/lib/wine/aarch64-windows/winedmo.dll	file	327680	1a3b955ab10842d6e8d2d96f012f1734cc3b753a6f7958ea469719a4eaf6ca75
runtime/dist-arm64ec-spike/lib/wine/aarch64-windows/winefile.exe	file	1310720	03c6a435e488d50c5423715bfdd6148171afc484693755fdb54e012c414e25e1
runtime/dist-arm64ec-spike/lib/wine/aarch64-windows/winegstreamer.dll	file	4659200	0c7a136eab39142d6ba38eeaf12593d4868131014baba50e4b578a39b6101e5d
runtime/dist-arm64ec-spike/lib/wine/aarch64-windows/winehid.sys	file	130560	1bf62aeb03ef95638554478e7d047bb34dc073aec63afff8a0a11b322706ab52
runtime/dist-arm64ec-spike/lib/wine/aarch64-windows/winemac.drv	file	153088	4a02ebc417c6c6b2acc7669a34633f218ea16cb283c69bbabb61d1c637282310
runtime/dist-arm64ec-spike/lib/wine/aarch64-windows/winemapi.dll	file	178176	89b56861f699f88abcd13373cd356aa90c9ddfde53aa79721ce57368e1e77873
runtime/dist-arm64ec-spike/lib/wine/aarch64-windows/winemenubuilder.exe	file	1310720	3516b05b0d9d9e700dfba9c45c3d692ca44b93c29cca89ad3b87899061e5cee1
runtime/dist-arm64ec-spike/lib/wine/aarch64-windows/winemine.exe	file	1114112	02ea52e65cc33013075bdb3a810542542e8e67514e82f1702be4c7754e24a310
runtime/dist-arm64ec-spike/lib/wine/aarch64-windows/winemsibuilder.exe	file	851968	78a3fed2bf568dbe3bccee9361c73730a71285df716dfbf205e4e19338d21cb1
runtime/dist-arm64ec-spike/lib/wine/aarch64-windows/winepath.exe	file	851968	43e1939f59d42aad478468aaeacba8144b7ed09cb0838ea287b58b871be4a155
runtime/dist-arm64ec-spike/lib/wine/aarch64-windows/wineps.drv	file	2484736	140a38dd50a25e21f9b60eae07d051a7fe5330ce38322cd55c9e153fadf4c18e
runtime/dist-arm64ec-spike/lib/wine/aarch64-windows/wineusb.sys	file	209408	418f8571ec95a8093bf1e7afce583b66c12157e33d45b84cc13a83d3d5448075
runtime/dist-arm64ec-spike/lib/wine/aarch64-windows/winevulkan.dll	file	2803200	91084b54e2724ac64e413905d48c247ea69f3536a251af7307edf8ecd4b6349f
runtime/dist-arm64ec-spike/lib/wine/aarch64-windows/winexinput.sys	file	231424	7e000e2754da58a6431cedf381f7aae09f1c06b859c4e40a28d2d0244a0ef6c9
runtime/dist-arm64ec-spike/lib/wine/aarch64-windows/wing32.dll	file	45056	7a1f1d044a5e9e89d8f348400d1d51c1ff27164c1e46549cd92e5c921f2900fa
runtime/dist-arm64ec-spike/lib/wine/aarch64-windows/winhlp32.exe	file	1310720	8464afa79cbf7076276a539841a09568ec2bb1ee3b75a0d7c49ece1b3af170ee
runtime/dist-arm64ec-spike/lib/wine/aarch64-windows/winhttp.dll	file	2004480	f45fb8ca48c022617ed46f7b8819be29f03792e71c3820732e0f07e2dff3edcd
runtime/dist-arm64ec-spike/lib/wine/aarch64-windows/wininet.dll	file	2893312	1da185f57e02d03975311308dd776c7039985df9377d9ece65297d02abb40db7
runtime/dist-arm64ec-spike/lib/wine/aarch64-windows/winmgmt.exe	file	917504	877b68f9526c0754c5a9d26b3fc7296ed1c33db9f0783489b083fdc43c7c8958
runtime/dist-arm64ec-spike/lib/wine/aarch64-windows/winmm.dll	file	2219008	884633ac2c1f6118714fb7d5d208ff4b1ce89bce35a5deedddfb7629bbc74796
runtime/dist-arm64ec-spike/lib/wine/aarch64-windows/winnls32.dll	file	35328	21f1acbdb8c62152f95395cb050ca87ad3f79169a7beccb057adcef40fb30c87
runtime/dist-arm64ec-spike/lib/wine/aarch64-windows/winprint.dll	file	110080	c2571213b7741d91502842dd3e8a308d9ec0ace187a3265ff63fe24da9015ab7
runtime/dist-arm64ec-spike/lib/wine/aarch64-windows/winscard.dll	file	251392	a3aa4a85c4f76b14553e243a1465e7da8c78589ea71333d8e19b37da0abf45f1
runtime/dist-arm64ec-spike/lib/wine/aarch64-windows/winspool.drv	file	1021952	a49cd75ac8f52315fec48787867394dd1fa5c7225cdfa2da5a8377b6200597b1
runtime/dist-arm64ec-spike/lib/wine/aarch64-windows/winsta.dll	file	131584	2534349d14db42e75881433adb9b11325f0546bc0b8c61b509287fc58b1f043c
runtime/dist-arm64ec-spike/lib/wine/aarch64-windows/wintab32.dll	file	289280	ea1895b1a2076838843b68ed4315a6555e43f746f53b17147c0790290d673d5c
runtime/dist-arm64ec-spike/lib/wine/aarch64-windows/wintrust.dll	file	1102848	0da5c95838c44b8bb1930a16fe5ed106c2567b2a4f2210574991f3b1c6efb424
runtime/dist-arm64ec-spike/lib/wine/aarch64-windows/wintypes.dll	file	1000448	45b4e5acd2e4b10d297c80149020fcf0e4bdafdf5765abc0a7c142e964f8d630
runtime/dist-arm64ec-spike/lib/wine/aarch64-windows/winusb.dll	file	88064	ad65457490a45173b161da16f8da3fc9aab25d09e76c5645b3e0ee98a4871dc9
runtime/dist-arm64ec-spike/lib/wine/aarch64-windows/winver.exe	file	851968	30c66649ade743e36db5bd52622e5b4042c705cb56432202d6e1de41a4a34ba7
runtime/dist-arm64ec-spike/lib/wine/aarch64-windows/wlanapi.dll	file	144896	7e2a23c3aee1d6c705f228544c4f4ae968f47733c8442f59da19a382d7ebff5d
runtime/dist-arm64ec-spike/lib/wine/aarch64-windows/wlanui.dll	file	32768	46a0175e6bb844adf6c04e5316ee3831e263d513049585ed4cc98188aeb2bb68
runtime/dist-arm64ec-spike/lib/wine/aarch64-windows/wldap32.dll	file	4621824	0df06e09f4d781d6dc878cc2024fed134c859c4396d6bc68bddb01af2d0389ef
runtime/dist-arm64ec-spike/lib/wine/aarch64-windows/wldp.dll	file	94208	d427a61fe128d88f54e1e4f7809c1e4b1b9b5a438e38c856f00865b58ae4db63
runtime/dist-arm64ec-spike/lib/wine/aarch64-windows/wmadmod.dll	file	930816	361e98f296e286ce6d141d4f27a86f65129bab19121013f10d388f4a44ee42d4
runtime/dist-arm64ec-spike/lib/wine/aarch64-windows/wmasf.dll	file	40960	7ae1315d0c73f1bb6b6acba9768e06a407558a6999fa9dfab834924e8980de8b
runtime/dist-arm64ec-spike/lib/wine/aarch64-windows/wmi.dll	file	131072	b6978a58aa41a89f99c0e35fe5bbe41123573cfbdd45e9fd1712fb475447cf3b
runtime/dist-arm64ec-spike/lib/wine/aarch64-windows/wmic.exe	file	983040	2db4d609ba85afb26b44a04f4f46d92573e8ab218e05eb079ff5ed5415101ad1
runtime/dist-arm64ec-spike/lib/wine/aarch64-windows/wmilib.sys	file	72704	aabf478bb76522df80cca423410bc50bc8434b390a0e5c067fcc00ac98ad8d20
runtime/dist-arm64ec-spike/lib/wine/aarch64-windows/wmiutils.dll	file	365056	3fd9bdbd6a73738a2b63edda89853cd38a325673fd974ddcc585bb43a3619e7d
runtime/dist-arm64ec-spike/lib/wine/aarch64-windows/wmp.dll	file	1320960	9465aae1b7381f4a6a10d26c0a9af39dc169af33a11f8922d85d333016ad45b8
runtime/dist-arm64ec-spike/lib/wine/aarch64-windows/wmphoto.dll	file	3969024	b551fda0209519a27fca763985a6c3c2b0b78030b255895d02f846c713f6f66b
runtime/dist-arm64ec-spike/lib/wine/aarch64-windows/wmplayer.exe	file	917504	26718442a2167604fad39f1b0ec3a128d064d8d2646fafafdf30347d20367f73
runtime/dist-arm64ec-spike/lib/wine/aarch64-windows/wmvcore.dll	file	766976	fca79ddd295c5e67c42a2bcc9f583cdec961e0498bf0e4c5fcb7dff4e0701d05
runtime/dist-arm64ec-spike/lib/wine/aarch64-windows/wmvdecod.dll	file	942592	72dbe36d67c9dc53f51e5818c9a02d83549c6e8ec94b09a7e7011322b5f1f040
runtime/dist-arm64ec-spike/lib/wine/aarch64-windows/wnaspi32.dll	file	113664	c6333b1b18f8c7cc36a927bd572b4cb27cbda136e08100a9abe2189b0ecc9f78
runtime/dist-arm64ec-spike/lib/wine/aarch64-windows/wofutil.dll	file	95744	18e535ca669dca9f1fa7ad7d5aa4ade4f7090d7ae87a74ed333479f7055cd5b9
runtime/dist-arm64ec-spike/lib/wine/aarch64-windows/wordpad.exe	file	1703936	14cd6e371f953ac831be19ce2eb7198e26586c945ec8027464af36bb79fa7427
runtime/dist-arm64ec-spike/lib/wine/aarch64-windows/wow64.dll	file	1966080	13a644b66916f06acc20faedcbdee7423910387f42549a436105c47a18b3f2f5
runtime/dist-arm64ec-spike/lib/wine/aarch64-windows/wow64win.dll	file	1638400	a0685eaa8820be67ec80db3470a52560b03e47ac93001599a165abea373e9ab0
runtime/dist-arm64ec-spike/lib/wine/aarch64-windows/wpc.dll	file	186880	6906c83314aaa160a0e623e0d85e316c5c3e7a71b03fc57a4d0b5728072aee22
runtime/dist-arm64ec-spike/lib/wine/aarch64-windows/wpcap.dll	file	350720	55d47eca5fb92f9455ffbfda30b799327af6f2e833bc91e5f721a6bee1e72437
runtime/dist-arm64ec-spike/lib/wine/aarch64-windows/write.exe	file	851968	9b03a6d2eab136766fa59fd94fcd3d4afdcd393f142ebecb08737beaa96621cd
runtime/dist-arm64ec-spike/lib/wine/aarch64-windows/ws2_32.dll	file	950784	9d7e92e5241a12a8408ad28ddb8f8c2f5a1ac320641135153520f8d40d5c9517
runtime/dist-arm64ec-spike/lib/wine/aarch64-windows/wscript.exe	file	1179648	d56888150e91c08a7f07472bdb84bd454b38b6cd7abe79e84bd5c6f3ad3cc6c6
runtime/dist-arm64ec-spike/lib/wine/aarch64-windows/wsdapi.dll	file	778752	e6045995f2e782738c7f0686849a0c676418bddfbd6040076f870ec58e0a310a
runtime/dist-arm64ec-spike/lib/wine/aarch64-windows/wshom.ocx	file	1162240	44a40ee6e3023b4b28159e5938a1852ee9096b940d4c7f19e14aeee2772fb96b
runtime/dist-arm64ec-spike/lib/wine/aarch64-windows/wsnmp32.dll	file	109056	278900d5f51dca492e32e0a6e51e56ef5b13e695472faa6d42fbfa51495a29a8
runtime/dist-arm64ec-spike/lib/wine/aarch64-windows/wsock32.dll	file	216064	4162e05550b7b359d14cea0d93bca8be91063eab2ed198082954cb7a34127af6
runtime/dist-arm64ec-spike/lib/wine/aarch64-windows/wtsapi32.dll	file	236544	d34a4aadc6a477d567737f6a9944f575c65cef94ad6906130d889d3bf01880f8
runtime/dist-arm64ec-spike/lib/wine/aarch64-windows/wuapi.dll	file	1158656	52cd451bdc92e9c5490315c240adaa318a35e180b16ce79f69a832012e323180
runtime/dist-arm64ec-spike/lib/wine/aarch64-windows/wuaueng.dll	file	54784	d80442c7a9fc4ee0b43a2834a0d3d4109753a003649bc49f2ff2fb9dc4115642
runtime/dist-arm64ec-spike/lib/wine/aarch64-windows/wuauserv.exe	file	917504	88a9a169b7abd3fcf1145e74846b51ffdd22070c21cab14af8e09faee013e120
runtime/dist-arm64ec-spike/lib/wine/aarch64-windows/wusa.exe	file	917504	1fe635809694ef0a94e93f81a5d8f8cb69d07c67f7a7b3c95eb6bb7141d094e9
runtime/dist-arm64ec-spike/lib/wine/aarch64-windows/x3daudio1_0.dll	file	150016	620a7de9ee675293d94bfd7b14a3bdc80d5ab03e5ab93909bf5d18852b28873d
runtime/dist-arm64ec-spike/lib/wine/aarch64-windows/x3daudio1_1.dll	file	150016	c267601dcf58f3d3ad2ace3ae0be29597af9972c5dd1d9d44c3179e017739087
runtime/dist-arm64ec-spike/lib/wine/aarch64-windows/x3daudio1_2.dll	file	150016	227bd13d919a75716e0ed74629a28b5060c40770fd58dfe5c4bbcac2495b1dc4
runtime/dist-arm64ec-spike/lib/wine/aarch64-windows/x3daudio1_3.dll	file	150016	df4d3b0d3fa939e429342b261bb16de3927c0eb9f63a57095ce9fcae37ee961d
runtime/dist-arm64ec-spike/lib/wine/aarch64-windows/x3daudio1_4.dll	file	150016	f514eb269477af7c8b43be918a0509d4395c265edfeaa3b820a40f6eb1ab5092
runtime/dist-arm64ec-spike/lib/wine/aarch64-windows/x3daudio1_5.dll	file	150016	7a36e374e02547557cd87b3d1ad665d68bc2f2c8d4afa45b7b9c877992b8f33a
runtime/dist-arm64ec-spike/lib/wine/aarch64-windows/x3daudio1_6.dll	file	150016	74c0884f0d11ceeba48af994e2733c2d3451381cf6510be8455d2fe801c497fe
runtime/dist-arm64ec-spike/lib/wine/aarch64-windows/x3daudio1_7.dll	file	150016	82a8ac50454c819e318468e8eb46cd014b3e91f7f12f5b7d16d9efe2cfb9d19c
runtime/dist-arm64ec-spike/lib/wine/aarch64-windows/xactengine2_0.dll	file	2594304	f40c55177bfac4c97c43c29f08122244176c950e21b058724cb55dfa1548efc5
runtime/dist-arm64ec-spike/lib/wine/aarch64-windows/xactengine2_4.dll	file	2594304	fd71df8c404c74066a67f946dce13fd1084d66165ae7a76f13310a24f0e519a1
runtime/dist-arm64ec-spike/lib/wine/aarch64-windows/xactengine2_7.dll	file	2651136	5d34ff6755a8a2af2a41a0b9aa77e4bc911e8a59c0eb8b91a6a4d60e8521cf6b
runtime/dist-arm64ec-spike/lib/wine/aarch64-windows/xactengine2_9.dll	file	2651136	0da442ebf922555b37a166e4c386a8f35aba4ab28dfe637b06d582e544262953
runtime/dist-arm64ec-spike/lib/wine/aarch64-windows/xactengine3_0.dll	file	2663424	cb57cce0a6afd0e6bdc71ed3af2875a0731605b8e9b00127887279630434332b
runtime/dist-arm64ec-spike/lib/wine/aarch64-windows/xactengine3_1.dll	file	2663424	a17c8de099fcb79f6d368d1cf3052fa34f1b3ae74e288b1789a2f0ab80c26762
runtime/dist-arm64ec-spike/lib/wine/aarch64-windows/xactengine3_2.dll	file	2663424	42cc034861cb607055e9f2e5d691e2d51e68245f4138ac2689dce9580e91fd29
runtime/dist-arm64ec-spike/lib/wine/aarch64-windows/xactengine3_3.dll	file	2663424	1f8628980a2c9ffde81222b706dba2a1859720c74bb204beb75bda0e5e5e76b7
runtime/dist-arm64ec-spike/lib/wine/aarch64-windows/xactengine3_4.dll	file	2663424	c449085564211841c46c8815398ed9e458a1a18d86cab3b0f193ef602795c9bd
runtime/dist-arm64ec-spike/lib/wine/aarch64-windows/xactengine3_5.dll	file	2666496	8ba8fe4a452583879ae54e00a70b8526a1809877ae113677e95802b08133e453
runtime/dist-arm64ec-spike/lib/wine/aarch64-windows/xactengine3_6.dll	file	2666496	b7aef98ee7f92974ee46de40530d0063c7ac00fd53548e788633756aec87e57a
runtime/dist-arm64ec-spike/lib/wine/aarch64-windows/xactengine3_7.dll	file	2666496	eef0e2b3d655ef12902b17d0e05d1f1d9ddedb2a34c98bf1df722a2f4a28b1fa
runtime/dist-arm64ec-spike/lib/wine/aarch64-windows/xapofx1_1.dll	file	353280	b944278ed6be47b89a96433beaaee47c10078c905008dcf3959406f7ec94e348
runtime/dist-arm64ec-spike/lib/wine/aarch64-windows/xapofx1_2.dll	file	352256	39014915f01d6e6512789cfeea06f47fd41ca4a07184666d74f64f48a6a2b28c
runtime/dist-arm64ec-spike/lib/wine/aarch64-windows/xapofx1_3.dll	file	353280	3b93eabf6d31e515bd9289136bfe6e450580dfacb48b07b5c6eb19900d25bfda
runtime/dist-arm64ec-spike/lib/wine/aarch64-windows/xapofx1_4.dll	file	352256	fa7c3150f23805d8f51b00fb4a9192ae40a509596d43f0fc95db0fb56b2ac72f
runtime/dist-arm64ec-spike/lib/wine/aarch64-windows/xapofx1_5.dll	file	352256	78e6f3a31b6864e0d1f5677725e1b67d451d2cb1002958fbf7286852522aaf23
runtime/dist-arm64ec-spike/lib/wine/aarch64-windows/xaudio2_0.dll	file	2207232	94e9a63f0a47b835c01410129b45833c1651395704c0d8d5427675724fe64d9c
runtime/dist-arm64ec-spike/lib/wine/aarch64-windows/xaudio2_1.dll	file	2207232	61856cac97b169fec4ac7d2efe1b391c2d925ce826953d6987575c64f1dcdaf2
runtime/dist-arm64ec-spike/lib/wine/aarch64-windows/xaudio2_2.dll	file	2207232	533e0ecc3b2688182ea201e64ff5ffe0bf7b2389268b6e76823aaa9b176e55b8
runtime/dist-arm64ec-spike/lib/wine/aarch64-windows/xaudio2_3.dll	file	2207232	8db9f0082543211f923455551469992719d5aadba10c04f7056ef3792a0cfaf0
runtime/dist-arm64ec-spike/lib/wine/aarch64-windows/xaudio2_4.dll	file	2225152	d1aa592c1791de7ab58b1cf7382ca554ef2d357ae79f9ef014ec4b801d7f0a4f
runtime/dist-arm64ec-spike/lib/wine/aarch64-windows/xaudio2_5.dll	file	2225152	f1f12293998344df45ab06e8cdb6d88c4cfc4b3c5d509a74879b72a631361a72
runtime/dist-arm64ec-spike/lib/wine/aarch64-windows/xaudio2_6.dll	file	2225152	d667dd32dd3e42871c0c1435de080a3f53cdc773137b1ff7905d7bd76382b525
runtime/dist-arm64ec-spike/lib/wine/aarch64-windows/xaudio2_7.dll	file	2225152	c2807018ca1ee3539ba713b377d1ec958ac01f973e8f2c6723eca85f9a4b51e7
runtime/dist-arm64ec-spike/lib/wine/aarch64-windows/xaudio2_8.dll	file	2416640	2fc451469a688eea130da175a099630499fd5a8f5bb4e64e16916886682ec40a
runtime/dist-arm64ec-spike/lib/wine/aarch64-windows/xaudio2_9.dll	file	2417664	c362c1cec44e03bc5e371cf0d57eebe12d6425186423ba762ce10df8eb955436
runtime/dist-arm64ec-spike/lib/wine/aarch64-windows/xcopy.exe	file	1048576	f96bae4b50640b16723f10baa3d7f9a415d95f1680ee86b0ede4556bc53ea056
runtime/dist-arm64ec-spike/lib/wine/aarch64-windows/xinput1_1.dll	file	269824	110e864c68a432c14e1bf951f0c6e2f118faf544d1b92beb855dc02337fb8f51
runtime/dist-arm64ec-spike/lib/wine/aarch64-windows/xinput1_2.dll	file	269824	7ef3500e006fc50f215ddfc2afbcad29667c7521fe071fe6a5286d28b017fb36
runtime/dist-arm64ec-spike/lib/wine/aarch64-windows/xinput1_3.dll	file	273920	c1021d385a70b9071bc4ecbc603820ea7f472e7b795d7af531acf9a8d8aa0af1
runtime/dist-arm64ec-spike/lib/wine/aarch64-windows/xinput1_4.dll	file	275968	187155f0cb75ca26e58057b52eead53a9fa6b3658455adc6552788dd47c6baa2
runtime/dist-arm64ec-spike/lib/wine/aarch64-windows/xinput9_1_0.dll	file	97792	076f9fab309accbe14b7175daca7ad6f83aa85884110ea03d2fce656a6bf0f2f
runtime/dist-arm64ec-spike/lib/wine/aarch64-windows/xinputuap.dll	file	275456	7ea4a1b029a78bc371c0011316b0941e1f24c3719613574ca71c288ff3b51526
runtime/dist-arm64ec-spike/lib/wine/aarch64-windows/xmllite.dll	file	1097216	a81a53f6eb27257ba728756b9a5f135a20dd657a67495c8cdbce203ca10f351b
runtime/dist-arm64ec-spike/lib/wine/aarch64-windows/xolehlp.dll	file	747520	dbeebdc25eab34c287f878c64090f0235d873eb7bf63f708b15885fe856b0a0b
runtime/dist-arm64ec-spike/lib/wine/aarch64-windows/xpsprint.dll	file	33280	095d679f871c468d78742d259d2274554b40753d4e1c8cd26627b9ea4e27531f
runtime/dist-arm64ec-spike/lib/wine/aarch64-windows/xpssvcs.dll	file	32768	bb27e4121d6065e24c4d212bfc02563c5c68df14e9f13fe4f44d08d2df239855
runtime/dist-arm64ec-spike/lib/wine/aarch64-windows/xtajit.dll	file	917504	bd08d2f11784e8a7b5e6c9bdc4706d0060675db535b4a56eb0c5e6b40da4bc1b
runtime/dist-arm64ec-spike/lib/wine/aarch64-windows/xtajit64.dll	file	65536	71bc7503f50618ed4aab133ba4f61817d4dd8b0fb07057d7b143aba89363f49a
runtime/dist-arm64ec-spike/lib/wine/i386-windows	directory	-	-
runtime/dist-arm64ec-spike/lib/wine/i386-windows/acledit.dll	file	65536	af17f2584c2632d92816732d15e152789d43397455902997dbb146883f23f1c6
runtime/dist-arm64ec-spike/lib/wine/i386-windows/aclui.dll	file	122880	51cfcc4c749eb32e0061e64021f64a25c1393449ae1b2736fcc6c530f145e847
runtime/dist-arm64ec-spike/lib/wine/i386-windows/activeds.dll	file	475136	ed3fe49c668c52c433453a6656f49fc1b75cc8ebc0987325d359c95c0de5dd7c
runtime/dist-arm64ec-spike/lib/wine/i386-windows/activeds.tlb	file	53248	2017e22a4ae76e8f0c7dd3b3099eabcc5b165793aebbef688a313ff767f05978
runtime/dist-arm64ec-spike/lib/wine/i386-windows/actxprxy.dll	file	851968	af404e206b8de13e8c00fc67b22886569e6b5c0a4a56fda706cd468d283fea6d
runtime/dist-arm64ec-spike/lib/wine/i386-windows/adsldp.dll	file	274432	ef568e6b6f160847081759a23d92c6aa4e4d5307f2f413a057b45b97985a1d5c
runtime/dist-arm64ec-spike/lib/wine/i386-windows/adsldpc.dll	file	106496	6eb239e74c0fee1d2ea7a5470b4ae590f716cf446b90f2a55a72b5857a2b22bb
runtime/dist-arm64ec-spike/lib/wine/i386-windows/advapi32.dll	file	749568	3ba39dd5a895a7df031f464364d50b4287149e9ef9aba304d51887ecf2753009
runtime/dist-arm64ec-spike/lib/wine/i386-windows/advpack.dll	file	245760	309d8fe7af1668dd864b3e8df545651609365b2e29798680ff1a1e3fd65da77a
runtime/dist-arm64ec-spike/lib/wine/i386-windows/amsi.dll	file	86016	ffa754dda0644ff639305079c32554ed1b2c7a70ba2853f311a4708c40a733b2
runtime/dist-arm64ec-spike/lib/wine/i386-windows/amstream.dll	file	839680	44190ecd6b7227bcb2ae08f927d2ca532a85e9c720970ba71cc8a014c82b400b
runtime/dist-arm64ec-spike/lib/wine/i386-windows/apisetschema.dll	file	90112	cbfe03b2a3f4e899329cdc3b8dee728964f017f91e5e4ab294100de33125127e
runtime/dist-arm64ec-spike/lib/wine/i386-windows/apphelp.dll	file	126976	6de4fba2b1e25dd8d1f48ef2dba57bf40e7fa8ea55da381159e66e723ff23ff3
runtime/dist-arm64ec-spike/lib/wine/i386-windows/appwiz.cpl	file	716800	a9925db8b0fb05401d4962f2bf1041ecd8b6185921a423ad6d8dacab3bd863d7
runtime/dist-arm64ec-spike/lib/wine/i386-windows/appxdeploymentclient.dll	file	278528	1a3465313e0cc4cebacdc2768955b2545570acb6dd78bf66c5ed2e02a48e1060
runtime/dist-arm64ec-spike/lib/wine/i386-windows/arp.exe	file	77824	a0276375ff68b0bcc14e752c0e1452a5004305129eaa68324e2a25de44c6c796
runtime/dist-arm64ec-spike/lib/wine/i386-windows/aspnet_regiis.exe	file	77824	9c02b7f9a5ffee097e1d01ef7efb3617ea9996b2f10f504d99ce4928edbf60d8
runtime/dist-arm64ec-spike/lib/wine/i386-windows/atl.dll	file	626688	f359dad5dd6b61c0bee159edbbf4f61432771f3b60d1834e6845d389694cd604
runtime/dist-arm64ec-spike/lib/wine/i386-windows/atl100.dll	file	585728	a534124035a2810f03eda4f5b465bb430f8cf83ddf46573275454450a82827ba
runtime/dist-arm64ec-spike/lib/wine/i386-windows/atl110.dll	file	585728	9890c20846b21e86875d9bf91d76e675524a2dfe1f7b78fb7da8ed3852f2cfe2
runtime/dist-arm64ec-spike/lib/wine/i386-windows/atl80.dll	file	598016	32d7de7b336f8d4542e92aa75f8a9c869f67bb94a8856ea13a21f88f44927f38
runtime/dist-arm64ec-spike/lib/wine/i386-windows/atl90.dll	file	589824	34ee6de215fbf08a4c2f29e030808b2c319ec63c4c94ba10f267fe7244ac6c51
runtime/dist-arm64ec-spike/lib/wine/i386-windows/atlthunk.dll	file	65536	68be987292fdc3c117004874348fe328091323f718a64ad8aa7b63a950b952d3
runtime/dist-arm64ec-spike/lib/wine/i386-windows/atmlib.dll	file	86016	d65ce0313a905a44d939fff76e372e6582e94530349728569e24a33eac2d2d14
runtime/dist-arm64ec-spike/lib/wine/i386-windows/attrib.exe	file	139264	35671479211e65c107e5d1b1b7e0689a986669416a20630e346b0701aef5e588
runtime/dist-arm64ec-spike/lib/wine/i386-windows/authz.dll	file	90112	bd1a2c5eb6dc7ebc439e566b4526578ddbcfaae0155d9c9777f091db96a3c691
runtime/dist-arm64ec-spike/lib/wine/i386-windows/avicap32.dll	file	90112	d76cf3248e74415eace4f595322db8a0c723cf03a8edb9ede9549ef756eda71d
runtime/dist-arm64ec-spike/lib/wine/i386-windows/avifil32.dll	file	815104	a3bd3ac5b06bf8c53327d570852fd3b39db983cf300ab38043713ac338154119
runtime/dist-arm64ec-spike/lib/wine/i386-windows/avifile.dll16	file	86016	b5feaeda153f3d80079623e9dd2cd6b4e30beab0b89cf5efd2f9d431fdb5a5b0
runtime/dist-arm64ec-spike/lib/wine/i386-windows/avrt.dll	file	77824	dc00491857906866225123f0f50c47550a11aa1039589e1f53a1cdee408b9ff0
runtime/dist-arm64ec-spike/lib/wine/i386-windows/bcp47langs.dll	file	86016	2dbd194ce79f9492f731d7375a3f6f09b337c9d595d950b5e50e8908ee10bedb
runtime/dist-arm64ec-spike/lib/wine/i386-windows/bcrypt.dll	file	344064	ddb8c3b3b3f3ce2f04501d1627cb860caa678570ef3f466777ac51685a19c412
runtime/dist-arm64ec-spike/lib/wine/i386-windows/bcryptprimitives.dll	file	53248	0f5c072610201b8cb10347fb062ad59f71aa215ccfa22dbd2e7c972a199d665c
runtime/dist-arm64ec-spike/lib/wine/i386-windows/bluetoothapis.dll	file	200704	c9d695278a6a6ae7335fe12b29c8dad4926a53562d381d408554b9458fb013ff
runtime/dist-arm64ec-spike/lib/wine/i386-windows/browseui.dll	file	475136	34df7b1ef54917915b2ca2bd875e7725f30050e1812eb12affd35884066ba8ef
runtime/dist-arm64ec-spike/lib/wine/i386-windows/bthprops.cpl	file	69632	e57c8cb813eb1a403795acb549b83d220c9bc7626fc95388ad6e5ecc5c315082
runtime/dist-arm64ec-spike/lib/wine/i386-windows/cabarc.exe	file	114688	f06fabfe3a5aeb9250cc8451cbf38fc5860168ab73d122be28f420cca6277eed
runtime/dist-arm64ec-spike/lib/wine/i386-windows/cabinet.dll	file	372736	bbd5eaee31583f51fff3ec3dbd93abae292197b3df3571a66381b5f6a3d7f722
runtime/dist-arm64ec-spike/lib/wine/i386-windows/cacls.exe	file	77824	8278e111ad481a39c5cb32c618b222e3764d3f3724a0316852bee719ff211268
runtime/dist-arm64ec-spike/lib/wine/i386-windows/cards.dll	file	327680	1c92a6cb52ca3c75fa0c19430ff328ef8b3ef0e6fe60d2edbabffbea7202aaec
runtime/dist-arm64ec-spike/lib/wine/i386-windows/cdosys.dll	file	73728	be508d16c895ff458c79da591bb95347573b5b19b5365b00b28f818ea2cfce96
runtime/dist-arm64ec-spike/lib/wine/i386-windows/certutil.exe	file	81920	aa22713d20d00e11f13a1e3efe3ee45628f9d8eea90486de5632f9d4e5b1e86b
runtime/dist-arm64ec-spike/lib/wine/i386-windows/cfgmgr32.dll	file	221184	28c3f3d6bb2255c2ff796be0027c174d09c5f5f83f4c763a893a1218b71d8391
runtime/dist-arm64ec-spike/lib/wine/i386-windows/chcp.com	file	94208	ecb3932a535859fbe1d05295db5aeb0ab4aae61de3337af7ded2c11354572d39
runtime/dist-arm64ec-spike/lib/wine/i386-windows/clock.exe	file	102400	a149284fda270b31ee0d3a72563bf61d7b8a099ebeb7f807b8cf1a8a5938547e
runtime/dist-arm64ec-spike/lib/wine/i386-windows/clusapi.dll	file	102400	2776154aa5aa515dc43b5d9ec8791f60f54c2cb136d279a3197f6d13b1cfaccc
runtime/dist-arm64ec-spike/lib/wine/i386-windows/cmd.exe	file	1392640	f4f1e9c7a62229951f95e811c925c8bfc5befa1fff742f52d8a29005c90cc69d
runtime/dist-arm64ec-spike/lib/wine/i386-windows/cng.sys	file	77824	374c9424c8cb4f03b82ed52c30c52a19048860f7dad01346021ce90d176e6501
runtime/dist-arm64ec-spike/lib/wine/i386-windows/colorcnv.dll	file	532480	b0ae86d6f5624203337a58059ed7e423383dc1ed27b762a2c8498f5dce062fa4
runtime/dist-arm64ec-spike/lib/wine/i386-windows/combase.dll	file	1236992	1ba37ce3d46a64d06df248d5c3a10fb5e0a960fae6514150caa379fe0f667143
runtime/dist-arm64ec-spike/lib/wine/i386-windows/comcat.dll	file	65536	642603abf842409a8bfaf7818f4bd1e5e5ee9940f237659c2966585c2dec10e8
runtime/dist-arm64ec-spike/lib/wine/i386-windows/comctl32.dll	file	2953216	95730d251a7db4a365f2460bd1215e14e59b2866e785f26ebe7b93c1c48426e1
runtime/dist-arm64ec-spike/lib/wine/i386-windows/comctl32_v6.dll	file	3629056	3620b7d9c166f463db2a4e028ea41c84fec2258f8c40b2a9637894783ae6c65d
runtime/dist-arm64ec-spike/lib/wine/i386-windows/comdlg32.dll	file	1900544	d901e1165c4cfecc576aa26e57b25468bcd6b779214b87c44db996451e0aa645
runtime/dist-arm64ec-spike/lib/wine/i386-windows/coml2.dll	file	413696	42590d0fffec2a112c863765b20cf61fb2410c8a56d175fd35c4e58fa329e28c
runtime/dist-arm64ec-spike/lib/wine/i386-windows/comm.drv16	file	53248	4978ff8486020acf04ad3a1c41485c77c4876eedb6befaa9f717e87eccf8895d
runtime/dist-arm64ec-spike/lib/wine/i386-windows/commdlg.dll16	file	155648	4cecdae37197a42f995fd4da06e0ae266e2a3d5ef056d7ff023e80841c9f15e5
runtime/dist-arm64ec-spike/lib/wine/i386-windows/compobj.dll16	file	446464	b5515498aebc483b2e99bfc7b23f405c09d9b4387aee5f633802b34ce627cdd9
runtime/dist-arm64ec-spike/lib/wine/i386-windows/compstui.dll	file	110592	226639ca3b641078ef65981714e20314f4beecd51c5a95444f8691a3e57debbb
runtime/dist-arm64ec-spike/lib/wine/i386-windows/comsvcs.dll	file	462848	be8b59c62052554833e871a814742fc9207a22045e3c148f6b83821492ded4f7
runtime/dist-arm64ec-spike/lib/wine/i386-windows/concrt140.dll	file	430080	09cba2617a74e41ed1ce11deb0d27b5b047f291cc1c86dc68867a1e4be6ae977
runtime/dist-arm64ec-spike/lib/wine/i386-windows/connect.dll	file	69632	4ccb786fc31ea51223e460cb8747d72fe881d3a4697bce2813a0891674c80d79
runtime/dist-arm64ec-spike/lib/wine/i386-windows/control.exe	file	73728	5c7f9c13271f94d07c8aa4db98e8f0a4e199346985311675546fa4a9aa98f786
runtime/dist-arm64ec-spike/lib/wine/i386-windows/coremessaging.dll	file	233472	d7959905fbcd137093984e82f403122d399959b407bbb27ed01439df5b953eb8
runtime/dist-arm64ec-spike/lib/wine/i386-windows/credui.dll	file	237568	502c79c7868023e35419ff3f08ef7f29bbfb6a207f0e67d16fa356e772312041
runtime/dist-arm64ec-spike/lib/wine/i386-windows/crtdll.dll	file	2220032	9e6857223e726e9b41d3d9911e5e56045b8b147aeb2e0916511d429c0d04f36f
runtime/dist-arm64ec-spike/lib/wine/i386-windows/crypt32.dll	file	2535424	2d797e646b9417a3b3809139c244685321906e0b35226873a6753ad1c6c9435b
runtime/dist-arm64ec-spike/lib/wine/i386-windows/cryptbase.dll	file	110592	a914bbeaf01a0cc5ca97bc7d6f84ab2dcbecabf79dcd9637f1b36fcceef69aaa
runtime/dist-arm64ec-spike/lib/wine/i386-windows/cryptdlg.dll	file	151552	0d6ab69ca610acc5cc874f859653eddb1bbdbe28eaaab3a6981ec4792c808164
runtime/dist-arm64ec-spike/lib/wine/i386-windows/cryptdll.dll	file	53248	c652d453b9b0ad21c6b667b8b059b51a26121902e94aa30fca6db840cb78a08a
runtime/dist-arm64ec-spike/lib/wine/i386-windows/cryptext.dll	file	98304	3a723f20851a5cbc5c94e16078ccf863c69cef26423ab18c5ba50e6324a85f2e
runtime/dist-arm64ec-spike/lib/wine/i386-windows/cryptnet.dll	file	225280	0a9bc62e2f6be0b75a3a2b928d7b66bb33a9a082430b6140fc8beb662d1ced9c
runtime/dist-arm64ec-spike/lib/wine/i386-windows/cryptowinrt.dll	file	258048	99936e5dfd3693b88d904cb558eba2bd80ccfb097581a1794f24fff1fb133258
runtime/dist-arm64ec-spike/lib/wine/i386-windows/cryptsp.dll	file	94208	c5d5a6f8fbe127dfab5aa0d7ea6d2e2b8948bc79c589a62924c79d752816db25
runtime/dist-arm64ec-spike/lib/wine/i386-windows/cryptui.dll	file	1605632	ed83bb021266acc1d1be34d56abd51f8060c328085620c1aa839820d3801e2b8
runtime/dist-arm64ec-spike/lib/wine/i386-windows/cryptxml.dll	file	81920	ac492a9a0309e66d02c00e4c8350284ed24273f86000dc4ced69f5e5ba6351c3
runtime/dist-arm64ec-spike/lib/wine/i386-windows/cscript.exe	file	487424	4d421f561cae456c4c9a4e82a91164e75612b6392664c243433faf1c663fd2b6
runtime/dist-arm64ec-spike/lib/wine/i386-windows/ctapi32.dll	file	69632	cab42d3fbb78402ff3a71cd50c080c660623e5e0733ad1e5805e75a9fa5b7129
runtime/dist-arm64ec-spike/lib/wine/i386-windows/ctl3d.dll16	file	57344	17a4918cea93628757e5339da757c2b0d51260e65c652762f71ae5273a15854b
runtime/dist-arm64ec-spike/lib/wine/i386-windows/ctl3d32.dll	file	57344	e83868d98c31ac5d38155c3cd5637d437f6e9f1f568a838ba4119ce4f780bb1c
runtime/dist-arm64ec-spike/lib/wine/i386-windows/ctl3dv2.dll16	file	57344	a8d7fbb1d0087c65126e60da3a9645e87ba9a2e0be628dd2eba62dc13104ce02
runtime/dist-arm64ec-spike/lib/wine/i386-windows/d2d1.dll	file	4173824	774d274ca21f06600ea2d593dc003650f59e03b8e69bbd4b511fc5a94448d612
runtime/dist-arm64ec-spike/lib/wine/i386-windows/d3d10.dll	file	983040	9c825dc2cf6ca035c5d626cb30e1981ea6292101968565c6338e5d3c5fbfa8ad
runtime/dist-arm64ec-spike/lib/wine/i386-windows/d3d10_1.dll	file	172032	dec77156599f3e3a06c95e66b57ef46c95d2d104a5365cb7ca49df987249efbd
runtime/dist-arm64ec-spike/lib/wine/i386-windows/d3d10core.dll	file	143360	65453f652db79dd45de55485e964ec511f2880c0d35746a67776b170e0b0f414
runtime/dist-arm64ec-spike/lib/wine/i386-windows/d3d11.dll	file	2920448	4ca7d776615e1d10d6703adfffdcf8a8e232b8589b4b8513eca62eb405d1c04d
runtime/dist-arm64ec-spike/lib/wine/i386-windows/d3d12.dll	file	528384	c6298ec34a893e4c331e51a4f5de6d6011a735d67b74bea3e77392790a2c7031
runtime/dist-arm64ec-spike/lib/wine/i386-windows/d3d12core.dll	file	53248	da65bcad4a3e7e894be97804ce6d3cf02c7bdd1122ba87c1547fb45eb186c36b
runtime/dist-arm64ec-spike/lib/wine/i386-windows/d3d8.dll	file	811008	88fd80b1150967fbeaf05480186b438de040a1540a4eb132ef4519e0d3c677b1
runtime/dist-arm64ec-spike/lib/wine/i386-windows/d3d8thk.dll	file	65536	048ff2e1b2d1588704a56a406566151c255f0c401d0ece9eb2cab7b9ef5fea6c
runtime/dist-arm64ec-spike/lib/wine/i386-windows/d3d9.dll	file	1343488	533980c5cbd97aa83c272654be842ebfb2df9ad68ec3c613f75c86b2bb1bf81e
runtime/dist-arm64ec-spike/lib/wine/i386-windows/d3dcompiler_33.dll	file	602112	a0d09af73dc01ce484e1e4aa4fa4a2d025755df0938102ef6552bfd295e93f1f
runtime/dist-arm64ec-spike/lib/wine/i386-windows/d3dcompiler_34.dll	file	602112	1927855463c100727e88f8ea1929e39aaa98fd1e5815e450d1343cf9faf3176d
runtime/dist-arm64ec-spike/lib/wine/i386-windows/d3dcompiler_35.dll	file	602112	0b52527066a06f49c264d7d21da87d705d767efa227082e296805f7ec76aedca
runtime/dist-arm64ec-spike/lib/wine/i386-windows/d3dcompiler_36.dll	file	602112	c975ee97e28ec5d474b95a70953f4ca3a8753f97d00e567b1d68112221a1df0b
runtime/dist-arm64ec-spike/lib/wine/i386-windows/d3dcompiler_37.dll	file	602112	c2b12e3584c799ee4d434a4f87b0fab961c493ed40d261ddb99fc83577a578b7
runtime/dist-arm64ec-spike/lib/wine/i386-windows/d3dcompiler_38.dll	file	602112	7d1d641d3fb4a1ad87b7c207ef86f64cc7dfbbe553d18c97bc05c5b2124d7309
runtime/dist-arm64ec-spike/lib/wine/i386-windows/d3dcompiler_39.dll	file	602112	faec3428282a5f031796fd7d8706987ac2c4eccb708299d275714d7de0be1121
runtime/dist-arm64ec-spike/lib/wine/i386-windows/d3dcompiler_40.dll	file	602112	85bd61eff36f44683a34d7f5aba0efb6025d6c6543c94a0cc49266243bf98032
runtime/dist-arm64ec-spike/lib/wine/i386-windows/d3dcompiler_41.dll	file	602112	dddf1551a45354d9103bb8b7de97ebf6264c23b1dd78f28fc32c959b75e23389
runtime/dist-arm64ec-spike/lib/wine/i386-windows/d3dcompiler_42.dll	file	602112	c97d52f39b586a2978c077be03447db420475d30801e51e6efa4c5779a6162f5
runtime/dist-arm64ec-spike/lib/wine/i386-windows/d3dcompiler_43.dll	file	634880	284917dcb65744d50a9d906ee82ad69f8068ec9c30aa7445e1a35ef09fa09756
runtime/dist-arm64ec-spike/lib/wine/i386-windows/d3dcompiler_46.dll	file	606208	3cb8e1240a2e4c88412ba2ccdd2f8d9ba0f2caab6c1fed497ec49218018d0609
runtime/dist-arm64ec-spike/lib/wine/i386-windows/d3dcompiler_47.dll	file	630784	598dc90c9ac3dce1392658ed5c4ff406bc63aa1bc31507dbc328f605eb7d1e8e
runtime/dist-arm64ec-spike/lib/wine/i386-windows/d3dim.dll	file	57344	28b0d29def6a7c03ae78911c40537f2402e82392c5d026be179d4eb63da655f5
runtime/dist-arm64ec-spike/lib/wine/i386-windows/d3dim700.dll	file	57344	d6916b25a7b7102a07fd41453fb17747d82b54521f77fb261d6577cae8580d1b
runtime/dist-arm64ec-spike/lib/wine/i386-windows/d3drm.dll	file	1441792	624ac25723d021e973b7e16fe863ebf7cf755f8f723b9299ca17bcda9d007492
runtime/dist-arm64ec-spike/lib/wine/i386-windows/d3dx10_33.dll	file	69632	3a2a8acbf16e6494833e627db6f8bf8ac36dc9b9908bc9be9886c60c68a5a246
runtime/dist-arm64ec-spike/lib/wine/i386-windows/d3dx10_34.dll	file	69632	c97898b44edf5e4b589214888cb7485a94cdc29a25dd6f1bd6a0e61f28115a24
runtime/dist-arm64ec-spike/lib/wine/i386-windows/d3dx10_35.dll	file	69632	3fab28710d5844187f8555730f3a26ed05f77029c5a3b78cad57c0c38d3837fd
runtime/dist-arm64ec-spike/lib/wine/i386-windows/d3dx10_36.dll	file	69632	ddb01cc7fe8733f2ea580cdc6f26de7483321cd14d9962b973811badd5ef7e4b
runtime/dist-arm64ec-spike/lib/wine/i386-windows/d3dx10_37.dll	file	69632	3ede1cbc1bd2d4daeb3b0def3119751280a819d7b9f3351d8e12c8cdca96ec2a
runtime/dist-arm64ec-spike/lib/wine/i386-windows/d3dx10_38.dll	file	69632	e74fe05e312b05404cc8221aef29d5a2208312601f71a82cc2583ec884b66b93
runtime/dist-arm64ec-spike/lib/wine/i386-windows/d3dx10_39.dll	file	69632	15881cdf67138bdc171bbdbc35fc427a422b30de742a1cf9a207d61a06c7faaf
runtime/dist-arm64ec-spike/lib/wine/i386-windows/d3dx10_40.dll	file	69632	438a796b7cf9bf8639d5581bca94dbe919693fad043732fcfafd6979f788cd70
runtime/dist-arm64ec-spike/lib/wine/i386-windows/d3dx10_41.dll	file	69632	64fdc32aa3ed56009e06ebe07f512cfc134dfd6ad9fbb5054bdf07a228645a20
runtime/dist-arm64ec-spike/lib/wine/i386-windows/d3dx10_42.dll	file	69632	d829fd9ff51441b99ab29e9583602032712467fed1702710f72c50c3e6f51bd4
runtime/dist-arm64ec-spike/lib/wine/i386-windows/d3dx10_43.dll	file	1228800	edd5d1a777a3a97cbc4c928fb5e7df370933b03a0b4fed6376161602419dfbaf
runtime/dist-arm64ec-spike/lib/wine/i386-windows/d3dx11_42.dll	file	86016	2699d7dd8cab8d91214ed919491c44881bf46d731db5aa89efbbcfca321fd938
runtime/dist-arm64ec-spike/lib/wine/i386-windows/d3dx11_43.dll	file	503808	7fd86c623c06daeba509b6d1b241e936645ca9678804c4d45bcdef9ac0d77624
runtime/dist-arm64ec-spike/lib/wine/i386-windows/d3dx9_24.dll	file	2523136	9c03d6aee5b7ebac6473a8029e8474deb114a669d3c3b9bc2976581ed39ecd1b
runtime/dist-arm64ec-spike/lib/wine/i386-windows/d3dx9_25.dll	file	2523136	36c40ec0cb39d1e7242d98bca5cf6e90fc872dcbd652367b6c4e87c81f19baac
runtime/dist-arm64ec-spike/lib/wine/i386-windows/d3dx9_26.dll	file	2531328	5adf39f85b3887100a195c9ff57eedea4db27416ad412c9959375c8016177743
runtime/dist-arm64ec-spike/lib/wine/i386-windows/d3dx9_27.dll	file	2535424	9640810cc563b1bf34b1dcf20859394ea36bee25d4dd98462bf1fa8063b3e9a9
runtime/dist-arm64ec-spike/lib/wine/i386-windows/d3dx9_28.dll	file	2535424	a892d57d8513d041587c5dfde2d072dc98c6f227908f3b79fbd1954658a24253
runtime/dist-arm64ec-spike/lib/wine/i386-windows/d3dx9_29.dll	file	2535424	f06f7a3fe99f0aa1d39c84d52de2100f200124bf6c77798ebfded8110120a1d6
runtime/dist-arm64ec-spike/lib/wine/i386-windows/d3dx9_30.dll	file	2535424	8411df7d916d07209d4444429689d3f1938d2603fa34161852f77ae83d1bfc56
runtime/dist-arm64ec-spike/lib/wine/i386-windows/d3dx9_31.dll	file	2535424	e4d57e6f4a056431694a757889e7ec1cb0dc830b15ff2c0d69b469f373014985
runtime/dist-arm64ec-spike/lib/wine/i386-windows/d3dx9_32.dll	file	2535424	fa657b2539d6d7895fdf5caa84743b31f60b6ca44586ca34ff43e2b9059b04a5
runtime/dist-arm64ec-spike/lib/wine/i386-windows/d3dx9_33.dll	file	2535424	0511d70bc78e88a8cd9399f097212a59dcfb0b1624073cefe0265e65e43d5fc7
runtime/dist-arm64ec-spike/lib/wine/i386-windows/d3dx9_34.dll	file	2535424	8486d8d5fab1c9304b640671884a3cd109878fe74ad43a66287a8bc251d03e21
runtime/dist-arm64ec-spike/lib/wine/i386-windows/d3dx9_35.dll	file	2535424	bb62d75e5844d01b3a1423e76512aa19786508822681790fe49f45658d909fb0
runtime/dist-arm64ec-spike/lib/wine/i386-windows/d3dx9_36.dll	file	2535424	e58c8f2c3b8a5f6c91934512d336875e39a25a7b004c0978f167f91fe35610c7
runtime/dist-arm64ec-spike/lib/wine/i386-windows/d3dx9_37.dll	file	2535424	17823064156a13175ee8a534ceddcc5a914e8c445f95435de6b8249c31d5165d
runtime/dist-arm64ec-spike/lib/wine/i386-windows/d3dx9_38.dll	file	2535424	da3ff5343a2195eae310f6c15c8dd2cb00e385453ce9789de43e969179623fdd
runtime/dist-arm64ec-spike/lib/wine/i386-windows/d3dx9_39.dll	file	2535424	5139acad168cdac96ce71abb227965f8aa1eaad1445dd774b6cf615bc6255875
runtime/dist-arm64ec-spike/lib/wine/i386-windows/d3dx9_40.dll	file	2535424	d371e7581a7ceec6722ca96105088c002a146b1714834a15a1661899e2086fd4
runtime/dist-arm64ec-spike/lib/wine/i386-windows/d3dx9_41.dll	file	2535424	0486d985b233750fcb380ec82292323bc7df465ee82b71bda42900f43e6205b7
runtime/dist-arm64ec-spike/lib/wine/i386-windows/d3dx9_42.dll	file	2531328	b1fcfed88f22e96c0f54915f3b16a6c34de95e4274c223c2a800a9dffc80119e
runtime/dist-arm64ec-spike/lib/wine/i386-windows/d3dx9_43.dll	file	2531328	6d792d37f19d4276af86f0d27630127c115dfd06b6e8c4b8b820831f1d70e5c4
runtime/dist-arm64ec-spike/lib/wine/i386-windows/d3dxof.dll	file	569344	adb88488852fb47f3354f4891578f21ff889dc475f869dbcb260687258b6776e
runtime/dist-arm64ec-spike/lib/wine/i386-windows/dataexchange.dll	file	221184	95203bde9624acc00fabdab217871782a943b6ed9629ca522fd0b0e6cb8e114c
runtime/dist-arm64ec-spike/lib/wine/i386-windows/davclnt.dll	file	73728	249c957ff9a562546cb1fef1486a976b9d2d4d2772ea574a9b920d5de899111b
runtime/dist-arm64ec-spike/lib/wine/i386-windows/dbgeng.dll	file	466944	fb3763b9ea6452a9da724139f454d7ebfcf257a31680438e3d161379e02cb3c1
runtime/dist-arm64ec-spike/lib/wine/i386-windows/dbghelp.dll	file	2519040	a68cf50b17f47a48b345140dde935b72a77a47c5b8f7c909c4b002c6af1f4756
runtime/dist-arm64ec-spike/lib/wine/i386-windows/dciman32.dll	file	69632	d6302d43da1f28202fdafb51b421296c88bbddba07d2096e742d30c19b89bc7c
runtime/dist-arm64ec-spike/lib/wine/i386-windows/dcomp.dll	file	90112	8120e86a1a84db24daebfe4dac14a2e464003bcf3d49d641651b6f8196bee293
runtime/dist-arm64ec-spike/lib/wine/i386-windows/ddeml.dll16	file	90112	65bb50d72d16884ded8abc2cea7e1427c248c2f557a4958f624fdc999c3d67b3
runtime/dist-arm64ec-spike/lib/wine/i386-windows/ddraw.dll	file	2146304	29bab44a82a58f7b117525a4cf3a696384803a7f5004e9f337e583e7412c81f1
runtime/dist-arm64ec-spike/lib/wine/i386-windows/ddrawex.dll	file	626688	cd5b0a2e2f58fbff540742bf5091497af2e168c3bc1cee900f428791a4d31180
runtime/dist-arm64ec-spike/lib/wine/i386-windows/desk.cpl	file	180224	c11a71fdff2815af0a44c63a1287e5cc85321bd2f2191c24ff3719e98c612695
runtime/dist-arm64ec-spike/lib/wine/i386-windows/devenum.dll	file	602112	501567c5df0ba57eb03bd309183e673231397ea27148d8d023b82d572814d710
runtime/dist-arm64ec-spike/lib/wine/i386-windows/dhcpcsvc.dll	file	98304	38f16ecb3ae178091db09ebf7b29e5e46de40f2d67cf26336872bfc401b7ddab
runtime/dist-arm64ec-spike/lib/wine/i386-windows/dhcpcsvc6.dll	file	57344	cdb34d1dd32d600b96033d80f2a9baa18d92e6eb9e1c1dde084f90f560d1fce9
runtime/dist-arm64ec-spike/lib/wine/i386-windows/dhtmled.ocx	file	647168	ff5dcd2fe93ba2d079d8c01cdfff23614372ad9500693b7769c70be7cb4173ce
runtime/dist-arm64ec-spike/lib/wine/i386-windows/diasymreader.dll	file	442368	9e29ba6a103c260247006101feaea6d7c912ea453e9c36c086a463d78895b7b5
runtime/dist-arm64ec-spike/lib/wine/i386-windows/difxapi.dll	file	77824	561e7bf933057328e7fd6b15bb0581f5ab45b5c5f66b64db3df9dfd1a7b152d2
runtime/dist-arm64ec-spike/lib/wine/i386-windows/dinput.dll	file	1011712	904b1659645b271f170747d1aca8dec1751a497d2fa89edfad4ffdb0241327c3
runtime/dist-arm64ec-spike/lib/wine/i386-windows/dinput8.dll	file	1011712	3b86eb3d57216f987f4499c07e2cb3d25c3c75b90e43a870f7bc18de50b1b1af
runtime/dist-arm64ec-spike/lib/wine/i386-windows/directmanipulation.dll	file	446464	f2830cf451598cf086115b910cba0a17eb6bf65f4d7aa790a65ea9dd7fc0bcb6
runtime/dist-arm64ec-spike/lib/wine/i386-windows/dism.exe	file	81920	dc2a84b5a18bc88e343a1a6bed84bf65cc72f3a60c05de9da6c77c30ee59115d
runtime/dist-arm64ec-spike/lib/wine/i386-windows/dispdib.dll16	file	65536	7cdfdd0cea2f7f6453ab27718f3067fddecbef1a0301c935962c7124242b66b5
runtime/dist-arm64ec-spike/lib/wine/i386-windows/dispex.dll	file	434176	4cac28f4c8503f04a88f5ad348d5a4e214bf06114dfc520ec62d67a30a023694
runtime/dist-arm64ec-spike/lib/wine/i386-windows/display.drv16	file	77824	8128a3bcf9633d687cead49b5af03c05c2d9e1ac157bc3743eae7126e0f4207f
runtime/dist-arm64ec-spike/lib/wine/i386-windows/dllhost.exe	file	393216	6b0662772574d42bd37a50cbae306781aa2fcaa52f809297b939630c6962d560
runtime/dist-arm64ec-spike/lib/wine/i386-windows/dmband.dll	file	290816	2a46ce98e4201cf634d05dffaddd908cae16f794405008f139084e928e48a5ea
runtime/dist-arm64ec-spike/lib/wine/i386-windows/dmcompos.dll	file	581632	4f54f80723768de51add96ed09e619d06855c9e5f543ba8904dffa613604d6ae
runtime/dist-arm64ec-spike/lib/wine/i386-windows/dmime.dll	file	1343488	1afc2f390c10ffbba43d70baadc16c68abeca96f89d4d5f40629267a418abb3d
runtime/dist-arm64ec-spike/lib/wine/i386-windows/dmloader.dll	file	610304	d2aea3768e8ce7ddb2b71ace92062c9179a25598dfe234958feec66ad9639fad
runtime/dist-arm64ec-spike/lib/wine/i386-windows/dmscript.dll	file	561152	cca822fbed469a03c4645583962e7a2358468a2ca17adbb339338a594944c9db
runtime/dist-arm64ec-spike/lib/wine/i386-windows/dmstyle.dll	file	790528	542ad33ac8b421f0270f88217003d2c51cb562f40722db141c13b91b743b3304
runtime/dist-arm64ec-spike/lib/wine/i386-windows/dmsynth.dll	file	1822720	8acf755cf5832ed1f3ad911bbdc2409fcf6aabf23c99cad18bfc5174f629043a
runtime/dist-arm64ec-spike/lib/wine/i386-windows/dmusic.dll	file	819200	704e1508382e09f0ee23bd6f3dd4b75c1fbf4d052a90dd19a66f1672a6118ae3
runtime/dist-arm64ec-spike/lib/wine/i386-windows/dmusic32.dll	file	69632	fce960a7251577bb51ec0daef271810a917add1d6fa06023178712a89d0feb59
runtime/dist-arm64ec-spike/lib/wine/i386-windows/dnsapi.dll	file	229376	d5ba7a5d6eb7f202c0877d2d845dfdc012b0008290ac3774b2d5519b333790ff
runtime/dist-arm64ec-spike/lib/wine/i386-windows/dplay.dll	file	49152	8c8c966797399bb52a251193345b25354437d0e4bfcfc63657317ff96a5b5cf2
runtime/dist-arm64ec-spike/lib/wine/i386-windows/dplaysvr.exe	file	81920	8ee2a0c5e16e31670ec4862858efd536a7425b690a543165c1dff5c580b4ac70
runtime/dist-arm64ec-spike/lib/wine/i386-windows/dplayx.dll	file	995328	9f71982e36b1be9619b607743ed8c6f13fb2e613dab8ee5d604755d8b471e15a
runtime/dist-arm64ec-spike/lib/wine/i386-windows/dpnaddr.dll	file	49152	384578d0ae728e2d6139680e991e2c12e33d170ae7334e1f294d8da442c97b41
runtime/dist-arm64ec-spike/lib/wine/i386-windows/dpnet.dll	file	573440	c7b14fcee9bc821fb1a09239e62d37645aadcddc4f84866b87f5f7ac2bcde2c4
runtime/dist-arm64ec-spike/lib/wine/i386-windows/dpnhpast.dll	file	73728	7b21f5c1426fd3b090f2106ef5008c5252aa2245f95736d7af89f59cb669997f
runtime/dist-arm64ec-spike/lib/wine/i386-windows/dpnhupnp.dll	file	81920	88d6f383be432c044c804be24c45bc87e4c30365d3c7c71d2ff8fbefef521adb
runtime/dist-arm64ec-spike/lib/wine/i386-windows/dpnlobby.dll	file	49152	f5e647264e13d8fd6ce07d15c7ef5a308e3d42d83b218dd7fe4d42e7b0149794
runtime/dist-arm64ec-spike/lib/wine/i386-windows/dpnsvr.exe	file	81920	4f3e04c9abd125757d7a722c8468dc1e31c79cb6ac958258c6e6fc61f0e57f95
runtime/dist-arm64ec-spike/lib/wine/i386-windows/dpvoice.dll	file	430080	49660433d714adc08468545b56f3ff74f6ba32b014cd758db3593660851cc02c
runtime/dist-arm64ec-spike/lib/wine/i386-windows/dpvsetup.exe	file	81920	94f2591e3020a154335bd21463c6040ecd693417a1a70b158a1529c9a3efa649
runtime/dist-arm64ec-spike/lib/wine/i386-windows/dpwsockx.dll	file	167936	279b0319cad117810c6bd32534e7b66e46fd1905ec6d4bcf94f10bdd4e69fcc4
runtime/dist-arm64ec-spike/lib/wine/i386-windows/drmclien.dll	file	65536	11709a64f47f7078122663c2381a7c981e3606bd65da6e0cf2024c21026a8fc0
runtime/dist-arm64ec-spike/lib/wine/i386-windows/dsdmo.dll	file	524288	538019ca3e476fd43b9790ff06a71b3188601c9fe819c24396b1a8d70789d02f
runtime/dist-arm64ec-spike/lib/wine/i386-windows/dsound.dll	file	1179648	10e7da686b4c5716d4774cc199b623c967a2c79e0bff05815aade13c6b5bab0f
runtime/dist-arm64ec-spike/lib/wine/i386-windows/dsquery.dll	file	397312	7c53e5b5883ce3d412a119ed8fbbe35273a60f663084b71e7aa6843d4a938447
runtime/dist-arm64ec-spike/lib/wine/i386-windows/dssenh.dll	file	126976	ac5a774f729f08b262cc4e50f2002eb4731048a049d5664b95c035360e9d724a
runtime/dist-arm64ec-spike/lib/wine/i386-windows/dsuiext.dll	file	389120	18c8d3ecb4e0e3a1d095cb1962b174c0baf47fa757e99cd2091d53ca8e678084
runtime/dist-arm64ec-spike/lib/wine/i386-windows/dswave.dll	file	499712	6c77b2606eebd62a42ce2e2b1bcdf92c39047f32b51dc01345825feed0b7c360
runtime/dist-arm64ec-spike/lib/wine/i386-windows/dwmapi.dll	file	122880	90bbefd7250dc9ef8d6d8b8c8b7356720d23a13b4db24285a6e043964d966742
runtime/dist-arm64ec-spike/lib/wine/i386-windows/dwrite.dll	file	2052096	cb5b19c7537b8f0a2f4af2f97578844cbd783319952163e0d63980b112e0f8d6
runtime/dist-arm64ec-spike/lib/wine/i386-windows/dx8vb.dll	file	417792	bfdc0a17fcad2364de088073ddf7b9a019c13b68afd6e363891e540c4c4af110
runtime/dist-arm64ec-spike/lib/wine/i386-windows/dxcore.dll	file	114688	43dfa30ef557746b9e962abb7912bec338d886905904e6a560150a858c9857b1
runtime/dist-arm64ec-spike/lib/wine/i386-windows/dxdiag.exe	file	237568	e891df63acd6674038efa0bbe273f43735ddeb4e28d97365cf8559b4190a3bd2
runtime/dist-arm64ec-spike/lib/wine/i386-windows/dxdiagn.dll	file	421888	2d42d0d2481e3103d72254e721be7b922c7536583db4fefa26c18e93c566161d
runtime/dist-arm64ec-spike/lib/wine/i386-windows/dxgi.dll	file	1163264	d450a29318da0fe0dce9f3a63f1eb3e636e47db750231cfa31bec6ad97e9712b
runtime/dist-arm64ec-spike/lib/wine/i386-windows/dxtrans.dll	file	81920	e2233355dd13a99933342e6d61f2bc7d3d380107d9ac156e7e72deebb6643ce3
runtime/dist-arm64ec-spike/lib/wine/i386-windows/dxva2.dll	file	483328	e2075c8b2eee7c04e11e8acc3c53fd7ea1ab58697749eedd1118282a646f9752
runtime/dist-arm64ec-spike/lib/wine/i386-windows/eject.exe	file	77824	1a01a9b3758cb76d2e08354ce449cdda363c1fab5280c0a289aaab564f39c9f7
runtime/dist-arm64ec-spike/lib/wine/i386-windows/esent.dll	file	155648	0e844ceceddf45bbde2d3d17b86bcbdf8cb0ad4059a863b045fb240b6c1ff9cd
runtime/dist-arm64ec-spike/lib/wine/i386-windows/evr.dll	file	1523712	cab0d94b9f25e0528008c6104313a5784c90849a202c24cb967319c8ae214cc2
runtime/dist-arm64ec-spike/lib/wine/i386-windows/expand.exe	file	69632	ba7659433b3e5fe69d0e983e35450c2c6552b8770c01d4d6069018482c5dd3bf
runtime/dist-arm64ec-spike/lib/wine/i386-windows/explorer.exe	file	548864	baabba02debabbaabb3044e738c3d7cf86419f1c64f490d9ac5b6e47c647da28
runtime/dist-arm64ec-spike/lib/wine/i386-windows/explorerframe.dll	file	491520	2f7f27f04ccc3b8894e88f20d514b9a1593d73e20e650c1049bbc5c53abe899c
runtime/dist-arm64ec-spike/lib/wine/i386-windows/extrac32.exe	file	98304	9a0d1d6bb64656860fbea411e8fa7e7c72de167e95dadaa9d15ab2d499ebd0c2
runtime/dist-arm64ec-spike/lib/wine/i386-windows/faultrep.dll	file	77824	c2045a44ffa91c53bb72081b41a37498594e2af9468ac77f47018cf50d9a968b
runtime/dist-arm64ec-spike/lib/wine/i386-windows/fc.exe	file	94208	551e7e34bb0247110f6a0c08843c8275a6284cb4de8a4874add0fb670a1f443e
runtime/dist-arm64ec-spike/lib/wine/i386-windows/feclient.dll	file	61440	134397f28f23b085ee6a62dde5aec43109161d3c04be179fa608ee1edecbe736
runtime/dist-arm64ec-spike/lib/wine/i386-windows/find.exe	file	90112	6dcd2539c9d26a1413cb08da86c5da0af4b81208ce284e6c8b526ab230caa817
runtime/dist-arm64ec-spike/lib/wine/i386-windows/findstr.exe	file	98304	da87874eb54dbfd179396ee5f3f895478876fa870880dc96e86708465d512922
runtime/dist-arm64ec-spike/lib/wine/i386-windows/fltlib.dll	file	77824	2a32b96a126b9737a510f1304ae7c097482866afc8e69597e5d6484b356aa504
runtime/dist-arm64ec-spike/lib/wine/i386-windows/fltmgr.sys	file	155648	54960b478716c5e960dcc7d2e790ae26b474d1b712111d907f07260599e8438f
runtime/dist-arm64ec-spike/lib/wine/i386-windows/fntcache.dll	file	69632	71d662149d9a7e523f88c23e7c64274d4dca5feb7cb5a14248af1852aa08d0e0
runtime/dist-arm64ec-spike/lib/wine/i386-windows/fontsub.dll	file	65536	8f4b12b4effd235e17a02359ba3bffbe4af675e3139af8a9179517157487e21e
runtime/dist-arm64ec-spike/lib/wine/i386-windows/fsutil.exe	file	90112	b62cd68c487745f07108165b7f32855fcb76d26bab7344d10a89d7cc64352635
runtime/dist-arm64ec-spike/lib/wine/i386-windows/fusion.dll	file	217088	8be22a81a0e14ca2041b454a7c45a0cc06de9c222ca6b4ecaad3cea30f9d774d
runtime/dist-arm64ec-spike/lib/wine/i386-windows/fwpuclnt.dll	file	114688	40b1b9eab387254d6fc284bd4278ab84c9a9a68261c178d4be6d1109887d5b33
runtime/dist-arm64ec-spike/lib/wine/i386-windows/gameinput.dll	file	98304	4ba7c9120426cde0936b9d4b956886c1522ec6ba733be5b4076fcce6a7127ecd
runtime/dist-arm64ec-spike/lib/wine/i386-windows/gameux.dll	file	561152	6789f57f89dcf11039ba93f1dfc8457192ae6dd29ef2c7c3f7e87558c30d0d69
runtime/dist-arm64ec-spike/lib/wine/i386-windows/gamingtcui.dll	file	73728	db85ddfabe4514ce0cace19eb665e7059c79f8e8335973d19991101f9edf7fd4
runtime/dist-arm64ec-spike/lib/wine/i386-windows/gdi.exe16	file	368640	a3a76625edea484870f8b7e05d6339dddb7d6a6384583107ccdd4c3024ed1697
runtime/dist-arm64ec-spike/lib/wine/i386-windows/gdi32.dll	file	1658880	9869f718aa90e18efd6e07722cc8c5837b92e4fbe8492bfebd75c21b621402bb
runtime/dist-arm64ec-spike/lib/wine/i386-windows/gdiplus.dll	file	1945600	a697d71ce6af8c073fb4f19a3cdb368121125faaa87fe0c93e7731b0625d1137
runtime/dist-arm64ec-spike/lib/wine/i386-windows/geolocation.dll	file	135168	674dcb991fa07b29662cd12d7cf5376b7587ee005aa1b7f384f7fce0ec3fb2bc
runtime/dist-arm64ec-spike/lib/wine/i386-windows/glu32.dll	file	548864	7937b1e32532904641e01824f85806a4693f4d7f327faf4e9a0758a3e304a20b
runtime/dist-arm64ec-spike/lib/wine/i386-windows/gpkcsp.dll	file	65536	bf37d37949c58c6049d627bce27731698c328ddfd05d809225b4c97647cf6a29
runtime/dist-arm64ec-spike/lib/wine/i386-windows/graphicscapture.dll	file	196608	7266c340229af3dddd3e15990a959dcca2ce11d0ff5f8ae5c34d729ceae601c1
runtime/dist-arm64ec-spike/lib/wine/i386-windows/hal.dll	file	106496	9c8bc4d09afd40fd7106fbe739eae68a3b4f76d61864e57a30fa26c83feeb006
runtime/dist-arm64ec-spike/lib/wine/i386-windows/hh.exe	file	139264	4e88a1656c943b54674ed004599b552aeed1f226f919d4455bbecf04b565d1fa
runtime/dist-arm64ec-spike/lib/wine/i386-windows/hhctrl.ocx	file	966656	769ee4e4b9857f86e330f1ef5be4d9d620b9d9fa93ee39da0edfb4ab44cd0828
runtime/dist-arm64ec-spike/lib/wine/i386-windows/hid.dll	file	155648	21e2677cc9fc6e2b7729b60e701f4c00675e86a718f32a8255f881e8f512864b
runtime/dist-arm64ec-spike/lib/wine/i386-windows/hidclass.sys	file	196608	3588b59c89cfb6c5b5fe18f3af86cba5294789feaf28141cbbcc449d23ba2b4a
runtime/dist-arm64ec-spike/lib/wine/i386-windows/hidparse.sys	file	172032	e9da635d4b88c3598bc0171cc8601f47085ccd24d9d1fc165d76a94966476ab2
runtime/dist-arm64ec-spike/lib/wine/i386-windows/hlink.dll	file	544768	342042f97de0e3e38a9d6c5923e0e2a91fe525c3fefabbe4e837a1774e37344d
runtime/dist-arm64ec-spike/lib/wine/i386-windows/hnetcfg.dll	file	557056	97c639f876ec9d7c3ff1459f27e8d79864b00aac4383be2d30993cd8a768b503
runtime/dist-arm64ec-spike/lib/wine/i386-windows/hostname.exe	file	86016	7f97bdb538817f1ee3b2b63e425431acdef2a69473223294e94155a6d5918505
runtime/dist-arm64ec-spike/lib/wine/i386-windows/hrtfapo.dll	file	69632	7f9995c13b6068150a6909f22c3d1dda8b0085a8347d9810f4d6bc2716f87332
runtime/dist-arm64ec-spike/lib/wine/i386-windows/http.sys	file	151552	475db5d1a25673ea6e4a5f52a4de955eecec5898c070c844c61cc017a96a9021
runtime/dist-arm64ec-spike/lib/wine/i386-windows/httpapi.dll	file	131072	fba67bf4dea9fdb4e3db4782c7befbfe08132af75d1b992c7c4782e2892796ef
runtime/dist-arm64ec-spike/lib/wine/i386-windows/hvsimanagementapi.dll	file	122880	644b99168a50025a04945da5c49a2c35429ff8be6e66c86b960bb158aa623ad4
runtime/dist-arm64ec-spike/lib/wine/i386-windows/ia2comproxy.dll	file	118784	c4c2e187c3452db0a6e631a385230923e75df2b4f11c2f1ff28d8ae559359bdb
runtime/dist-arm64ec-spike/lib/wine/i386-windows/icacls.exe	file	77824	d8827454c027fc50bfda2a6039d3d1ace079f3b38de457ea201c6b9a4e05ed03
runtime/dist-arm64ec-spike/lib/wine/i386-windows/iccvid.dll	file	118784	82804b3321c82232bb163be8ee7dd46fbf73e1cbdff8e9bc34cde065cfeb0888
runtime/dist-arm64ec-spike/lib/wine/i386-windows/icinfo.exe	file	69632	ac3fbf3011fdbf8bfac99443499201e7ff98d36714901e2339b25c8fa0e237b0
runtime/dist-arm64ec-spike/lib/wine/i386-windows/icmp.dll	file	8192	245f71274b328d6c1f844a45e68448500b6e88b7f34d9c49382600309996fa40
runtime/dist-arm64ec-spike/lib/wine/i386-windows/icmui.dll	file	65536	7984abe749610a720fe2feeae96bddbd772f8ff2c57176c1517f8d21364c313c
runtime/dist-arm64ec-spike/lib/wine/i386-windows/ieframe.dll	file	2592768	0616a9fcc5c59450e4bab50c16691c8629f61a6df3834c7b58ba8f33b2138b26
runtime/dist-arm64ec-spike/lib/wine/i386-windows/ieproxy.dll	file	393216	db05af8c17d11af7ea64f3d5598298d6d6b6cd7e27c7e3675d6d7a365194ee11
runtime/dist-arm64ec-spike/lib/wine/i386-windows/iertutil.dll	file	122880	f5cb79b0d446d937b7b15f23687d2e7b745aee522846e31f1ef220af7994c1d7
runtime/dist-arm64ec-spike/lib/wine/i386-windows/iexplore.exe	file	167936	19529555ada8ba03efbe8256dc270b521aae720e59dbd943fb534f47d1ba471b
runtime/dist-arm64ec-spike/lib/wine/i386-windows/ifsmgr.vxd	file	65536	f9c73d4e031666d3778b08444252e32a35f009c9dc4e556c3bf3e5f1c4a8c10d
runtime/dist-arm64ec-spike/lib/wine/i386-windows/imaadp32.acm	file	98304	926def675ad39e04afaad7e74341dcb5d67dda42d719f51cfc7740c5a724bd29
runtime/dist-arm64ec-spike/lib/wine/i386-windows/imagehlp.dll	file	200704	c46d8c05dbbe6d56fd12236bb227b0d4ef40730599503bdb62458a3e44f2b83a
runtime/dist-arm64ec-spike/lib/wine/i386-windows/imm.dll16	file	61440	f7ca6446083da842c36d039f7cb529de91ff70ac4d6931ec544cbb4b7393ca7d
runtime/dist-arm64ec-spike/lib/wine/i386-windows/imm32.dll	file	368640	5956c11f8d4d6651d79499e447669b5b5c780b6dc9ee00ab1fabb1fbec4b4928
runtime/dist-arm64ec-spike/lib/wine/i386-windows/inetcomm.dll	file	999424	23073aa450c040ce5890765799b7287c795e053abf2ed6ac2757140e48f3251c
runtime/dist-arm64ec-spike/lib/wine/i386-windows/inetcpl.cpl	file	462848	02bfef617575554f40f6c866b83015959908b293f383dc225010fbfe26b7e112
runtime/dist-arm64ec-spike/lib/wine/i386-windows/inetmib1.dll	file	118784	34e5767d8f0c05c3dce63afbd5f735cfa7cb4e571df68346116ea5f9177d30ee
runtime/dist-arm64ec-spike/lib/wine/i386-windows/infosoft.dll	file	385024	bc08f5626102340673ab60d0921dfe5c412fd3652d652830e98195c5ee062b96
runtime/dist-arm64ec-spike/lib/wine/i386-windows/initpki.dll	file	61440	46d10267e9f8ffa79e7f33778a464a0e4d1b2d312001bdd26a0e20d5c3402a04
runtime/dist-arm64ec-spike/lib/wine/i386-windows/inkobj.dll	file	73728	df9e9bb787313413807f385afe2e37c81ba979267af41800f3b0f6d2dfee3721
runtime/dist-arm64ec-spike/lib/wine/i386-windows/inseng.dll	file	397312	885d565cbff84986252cf964977612717fbd0bc0b53a273fa77d1d064862576b
runtime/dist-arm64ec-spike/lib/wine/i386-windows/ipconfig.exe	file	114688	a9b4651b4df02b3a97de80476c417dd53f8856c664f901d8bc3b954177063e5c
runtime/dist-arm64ec-spike/lib/wine/i386-windows/iphlpapi.dll	file	622592	0fa164521823e354636aa4ac5bc4e530c72f99f3d751f38246bb67be22e3dc8c
runtime/dist-arm64ec-spike/lib/wine/i386-windows/iprop.dll	file	45056	58f91ca959e76fc06eb9d9e71287f046512bdbed3a0ee393340aec7f6b74ce6f
runtime/dist-arm64ec-spike/lib/wine/i386-windows/ir50_32.dll	file	167936	858f8ab0a69f84859adf1edc6e9bd01c4e979bebdd18c10debf65e9c63b3a14d
runtime/dist-arm64ec-spike/lib/wine/i386-windows/irprops.cpl	file	65536	6cfda9960d8043154c889315ff1246e89e45cd3715587f73868eb064b2babd26
runtime/dist-arm64ec-spike/lib/wine/i386-windows/itircl.dll	file	61440	a0990431506096010ee8f39a64c4ad64bc29620cdf3ef257f104fbb0d0d726de
runtime/dist-arm64ec-spike/lib/wine/i386-windows/itss.dll	file	585728	3543417b542469dc66dad8f84216aff4768b617b8b7b7ef8d9ea0ae6831f69ec
runtime/dist-arm64ec-spike/lib/wine/i386-windows/joy.cpl	file	454656	0e7ba8d172bf9d7c179128e9ebef5d5e51a2c0c9e0adb466fe7ef4adbe13adf7
runtime/dist-arm64ec-spike/lib/wine/i386-windows/jscript.dll	file	2715648	93cbfb3ba5225d992ef0d8dd04061c40bae18f4d6642c9db606a29325af5ec87
runtime/dist-arm64ec-spike/lib/wine/i386-windows/jsproxy.dll	file	401408	750218be00a8b26a6abfad384fde2543a580db8b212696cd06d667af90aa0d12
runtime/dist-arm64ec-spike/lib/wine/i386-windows/kerberos.dll	file	135168	79f9384a68546cd89f35373576f70a658edb03ca6235e13a1d99727406f1c1bb
runtime/dist-arm64ec-spike/lib/wine/i386-windows/kernel32.dll	file	1437696	b867a298ee2e4822836d0b5eb2434704b87188073b631e57f1369764434e98c1
runtime/dist-arm64ec-spike/lib/wine/i386-windows/kernelbase.dll	file	4788224	757318edc49cd721873caf8da765622757151392ba8a8bfde8c689c941c73a02
runtime/dist-arm64ec-spike/lib/wine/i386-windows/keyboard.drv16	file	69632	18802e0ec67c748e110c8b4ef4fd1ea20827e6f1487e62b7d0a1022450b02222
runtime/dist-arm64ec-spike/lib/wine/i386-windows/klist.exe	file	114688	95a0321a220a6f0881b2c452ffa7ae1834029a7294ec424a948b6d503cb3e347
runtime/dist-arm64ec-spike/lib/wine/i386-windows/krnl386.exe16	file	1445888	d2c537cae14983de169dab98daa24dd1c67bef646d38bab91d3cd37696380ca3
runtime/dist-arm64ec-spike/lib/wine/i386-windows/ksecdd.sys	file	122880	299d25da2b902ca569e8f730839d58d6c859bee357f84feebc77b03196ae1551
runtime/dist-arm64ec-spike/lib/wine/i386-windows/ksproxy.ax	file	65536	5b6996a585f16382036b65728748daf1a7007a8821138ba5999af17bd2f113e2
runtime/dist-arm64ec-spike/lib/wine/i386-windows/ksuser.dll	file	57344	763fed824c0a77485005f37b747e9596e7168c417a530a2c4c08cc21f228cfbd
runtime/dist-arm64ec-spike/lib/wine/i386-windows/ktmw32.dll	file	69632	757185d47376d6ca198984f919ea8bc387fc16157e9507ecccb0132ca18db866
runtime/dist-arm64ec-spike/lib/wine/i386-windows/l3codeca.acm	file	917504	38c9a00a947dba72f95d0d5ea9bb28fe0cff2594709a77881a2e4f6f259ddda5
runtime/dist-arm64ec-spike/lib/wine/i386-windows/l3codecx.ax	file	442368	3d329a538d7e002b83cd1bb2857da6adfa8e1ca88717caa8b60f35e59191ebc2
runtime/dist-arm64ec-spike/lib/wine/i386-windows/libaclui.a	file	1760	463e5c53ce4f5f9379fe26037f1b0ca6941faa7a1bda0e9954b7b123e1e4d146
runtime/dist-arm64ec-spike/lib/wine/i386-windows/libactiveds.a	file	4634	9e30389fdca3cb2008a21c5643f34718c08695bd7fb72e2a1cf77c642f8da0b2
runtime/dist-arm64ec-spike/lib/wine/i386-windows/libadsiid.a	file	6018	ff25c22bb81addf78e26e9b2bd9b340a384fe375e037bfce3f49f0559de4d2ed
runtime/dist-arm64ec-spike/lib/wine/i386-windows/libadvapi32.a	file	131480	c3460a289eec300006af9be25059cf8cd28e7643be25ccb213200fb50c9f6425
runtime/dist-arm64ec-spike/lib/wine/i386-windows/libadvpack.a	file	19530	535ee289ef29976a0da5ee3726c6ab3af9e7ea912f963e43ad30c94c80b4b426
runtime/dist-arm64ec-spike/lib/wine/i386-windows/libatl.a	file	12114	9406d4f3222a124e54ee69679fa119449107a789425cd0b630676bc3716e74f9
runtime/dist-arm64ec-spike/lib/wine/i386-windows/libatl100.a	file	12210	e05b29aa628404b53fd607e69f6070ceea4e10a4c47cee67cb00171c36e62c30
runtime/dist-arm64ec-spike/lib/wine/i386-windows/libatl110.a	file	12210	0cb001c7a9f28a4f09e8c2b135fd6415c819c07cee7012b1c73b059a36c3da7d
runtime/dist-arm64ec-spike/lib/wine/i386-windows/libatl80.a	file	12130	0417044cd2900c347d5dfdfa3205433bd181d1c07af3b2f52715c8b9cc482691
runtime/dist-arm64ec-spike/lib/wine/i386-windows/libatlthunk.a	file	2108	e2b137c64cc3d101d70784f0e5e948e0302133b60ad0454af8bb14515960ea92
runtime/dist-arm64ec-spike/lib/wine/i386-windows/libavicap32.a	file	2224	3558d16c19ba3e6fd29dbabd480a275f19081c1c79f8ce61a3212999670cc42d
runtime/dist-arm64ec-spike/lib/wine/i386-windows/libavifil32.a	file	17718	493a893edca0f6e521810b93be1989b640c8c58649b565732d511c97167daa07
runtime/dist-arm64ec-spike/lib/wine/i386-windows/libavrt.a	file	3110	b7ff3022432ade46a943c3bc67e1a13c382b4e20017ea0c2e3c6b7342cceb29b
runtime/dist-arm64ec-spike/lib/wine/i386-windows/libbcp47langs.a	file	1692	b689524c75584726967d1c1093db3381dac2ce072e7b1e8def17f7cbabadc2c9
runtime/dist-arm64ec-spike/lib/wine/i386-windows/libbcrypt.a	file	10622	c839ddcecea37d3cc61b9c189f29ee8496444b4e5b4061586cb8d1aac1463b0d
runtime/dist-arm64ec-spike/lib/wine/i386-windows/libbluetoothapis.a	file	7756	0d8b28d2d5a45ad8d1827f8e54d1f553def62aebd85f2adc15eb2b3622bdf544
runtime/dist-arm64ec-spike/lib/wine/i386-windows/libcabinet.a	file	3210	67dc23a0135c77baba256fe692c5b8988cde0bb9950bfb4b65a2bb9ec3a0670d
runtime/dist-arm64ec-spike/lib/wine/i386-windows/libcards.a	file	2058	46a1925d755cef3bd98d579c6522c009fdb4f3bdf734c1b42c0b9f2f0d04694b
runtime/dist-arm64ec-spike/lib/wine/i386-windows/libcfgmgr32.a	file	19458	00db598c9b0ab12af42f74912a399ecae701980b5ca11d6e00fcef915c353d07
runtime/dist-arm64ec-spike/lib/wine/i386-windows/libclusapi.a	file	2678	9124eab1396fd47bc32fdc1cc80c0f829ab9d722df868f76e6a58c67f6a91f92
runtime/dist-arm64ec-spike/lib/wine/i386-windows/libcombase.a	file	46556	575e3b76fd43d5ba536aca14aae302065720f4ba6c49eeeb3d3ca4a704d1686d
runtime/dist-arm64ec-spike/lib/wine/i386-windows/libcomctl32.a	file	34624	209d7c2e526325f0c01300382b376dc51b7dd7643a8985dc949c56b9317f37a7
runtime/dist-arm64ec-spike/lib/wine/i386-windows/libcomdlg32.a	file	5470	ba627ee1c9c8aa46651d07e20cfa6de5b9a7d2d6d10ea28295684e7f6ce3946e
runtime/dist-arm64ec-spike/lib/wine/i386-windows/libcoml2.a	file	3838	80169fa672ac1cb5787d108ee8ba5214ff3d88983e9498a3ab975e9c52d2107b
runtime/dist-arm64ec-spike/lib/wine/i386-windows/libcompiler-rt.a	file	64942	65e5ce83535e57ae7c5afd521af336019fd5859b3815f6d0c2ed5bd25eca661d
runtime/dist-arm64ec-spike/lib/wine/i386-windows/libcompstui.a	file	2124	b9ae90ebbac92492807f6463ce6c3cf2bccbb298b10187babbba3d599aed6595
runtime/dist-arm64ec-spike/lib/wine/i386-windows/libcomsvcs.a	file	1160	e20410f65e55f9be0917585011e0c2c7bb86eee372d529dc7b5feba5bc641ecd
runtime/dist-arm64ec-spike/lib/wine/i386-windows/libcoremessaging.a	file	1592	75f6a27d09bb7f124634119a70a3eee436a63a06d2e9a1483142bd6fec24d9f1
runtime/dist-arm64ec-spike/lib/wine/i386-windows/libcredui.a	file	4284	0d2a573edef7a617e19d7d2d41f29760bf90f5f3c9c75ec8fbea8ecd361ed73a
runtime/dist-arm64ec-spike/lib/wine/i386-windows/libcrypt32.a	file	55774	67b892089276fa78dd518ec82ac0ec643fec48aadc343f1a17fd89984514df23
runtime/dist-arm64ec-spike/lib/wine/i386-windows/libcryptdll.a	file	1718	69140b7fcbb329d9e14969ea25e42c7f7ffe9ec88e762eb0df24247e9a9f65d0
runtime/dist-arm64ec-spike/lib/wine/i386-windows/libcryptnet.a	file	2206	069c68f70a51fc003a8f9c41f4ccec8377332fc6eb902e7fab974953f361ee6b
runtime/dist-arm64ec-spike/lib/wine/i386-windows/libcryptsp.a	file	15896	7d331719e859be646039d0e901e6669ec65e37fda71f8e95bb352f5eee35f12b
runtime/dist-arm64ec-spike/lib/wine/i386-windows/libcryptui.a	file	4530	403f27443cb96b8ea43e18c2a50332ce83681103c1cb651ba08576a7b533f869
runtime/dist-arm64ec-spike/lib/wine/i386-windows/libcryptxml.a	file	2596	411c1198d66578f60e4dabc1a652e4c1f8f6186cc74692f8e78093ba571dd5d2
runtime/dist-arm64ec-spike/lib/wine/i386-windows/libd2d1.a	file	3890	0b0a85c68f0738a68ff6b41f6142ee45fd8b077aeb8693ec557b8fbd38d6ffa2
runtime/dist-arm64ec-spike/lib/wine/i386-windows/libd3d10.a	file	7956	7fb881168a59cd7e98470df1cf9fea4e00807ebf35e7bd26be087ed5415394fd
runtime/dist-arm64ec-spike/lib/wine/i386-windows/libd3d10_1.a	file	8034	33f381a46852216688e1a1780a69a90b6182f5b9265ee4ffb596dca4f5de5603
runtime/dist-arm64ec-spike/lib/wine/i386-windows/libd3d10core.a	file	1686	7d698f4542d733a78db8219c2f2ba74f6ae9d140e583987f357562346f452071
runtime/dist-arm64ec-spike/lib/wine/i386-windows/libd3d11.a	file	4234	c032ecbd4cf5856741ab209ff487a46cdf38727f53708a28a374e0b844461a4c
runtime/dist-arm64ec-spike/lib/wine/i386-windows/libd3d12.a	file	3212	ed5596f4cb5dec0a8e5db73dcff912dea470bb017c8946e491128214c0b48116
runtime/dist-arm64ec-spike/lib/wine/i386-windows/libd3d8.a	file	2228	6af6fa4d6f8afe20b276fe05ccd62d7d598cdfaa9bd3781398263b22d7ec53e4
runtime/dist-arm64ec-spike/lib/wine/i386-windows/libd3d9.a	file	3892	58a2ba296cc598a569882516ce90ea05dd741e835d3e8b52dc9602da55205250
runtime/dist-arm64ec-spike/lib/wine/i386-windows/libd3dcompiler.a	file	5548	df5ee86ca34d8070d210c31a411fa56b236357f06e2d84f47b273047763445f2
runtime/dist-arm64ec-spike/lib/wine/i386-windows/libd3dcompiler_39.a	file	3396	cb13320e99041f7d168082294bc2a9dd1868cfbcf1be3668f7b5a602d8380ae6
runtime/dist-arm64ec-spike/lib/wine/i386-windows/libd3dcompiler_42.a	file	3458	b3dffc17772ff8e7ac88daa366dc26e80680e168504cd255f3bba24cc11deb28
runtime/dist-arm64ec-spike/lib/wine/i386-windows/libd3dcompiler_43.a	file	3892	dd6eab7210eee03433b18c396810498f1d313e4a23fe5dcc73270d3dc41ae1fa
runtime/dist-arm64ec-spike/lib/wine/i386-windows/libd3dcompiler_46.a	file	4816	399db636b8112fc773a0e3d8098dcc3f9e7c769b8d83dc31ad32213fc623b5cc
runtime/dist-arm64ec-spike/lib/wine/i386-windows/libd3drm.a	file	6116	69204480be358c9d14ee2fc81e539d1796fc20f873eb257fb81825234496d68c
runtime/dist-arm64ec-spike/lib/wine/i386-windows/libd3dx10.a	file	39936	13a4bb911cf74f898ba84f4477e10f79547869ce2317b7d9b187215f64a469ad
runtime/dist-arm64ec-spike/lib/wine/i386-windows/libd3dx10_33.a	file	48182	f2a70d008e688caa91bf03b75e4efb01649df5b3538cd0490c2fef41a23a795a
runtime/dist-arm64ec-spike/lib/wine/i386-windows/libd3dx10_34.a	file	48182	bd8fffd44d1792d43f1b50d2ac0045c1ab3489415aa7b30d8cdbe3b318d05958
runtime/dist-arm64ec-spike/lib/wine/i386-windows/libd3dx10_35.a	file	48970	a501459813062252bfde74f376bb2e12c7baf371a4cd3b88371c69fbd58a003a
runtime/dist-arm64ec-spike/lib/wine/i386-windows/libd3dx10_36.a	file	48970	fe77e9e8aeda3e38843f9a809836cbcba7b7dd6e05618cfc2b22e4e56028dcae
runtime/dist-arm64ec-spike/lib/wine/i386-windows/libd3dx10_37.a	file	48728	a87e7fc2aa115f9e78e28fdff9da8ad10ed0cb5f5f07050ec229bddc75e315fb
runtime/dist-arm64ec-spike/lib/wine/i386-windows/libd3dx10_38.a	file	48728	34d9c31786b48611b1779f121a139eca016a07b8489c2690403f087694f6f275
runtime/dist-arm64ec-spike/lib/wine/i386-windows/libd3dx10_39.a	file	47962	4e5746a2b31300d8853603b57f8c97b68cebd04bcc6a05c14e36ee268661672b
runtime/dist-arm64ec-spike/lib/wine/i386-windows/libd3dx10_40.a	file	47962	eb9c4006b793ee60f19eef87bb14c449a5bf707b42dd36071a20d6597d312f93
runtime/dist-arm64ec-spike/lib/wine/i386-windows/libd3dx10_41.a	file	47962	b543c9bd1d30d04e691845480c0c04b9dec7d27989aa1193dfd236b2a6dc5f18
runtime/dist-arm64ec-spike/lib/wine/i386-windows/libd3dx10_42.a	file	47962	ab8ebbf01ed260d2f972126ec13e8f497ddf202817fbb5fb518e540623e06cbb
runtime/dist-arm64ec-spike/lib/wine/i386-windows/libd3dx11.a	file	8284	683eb72b05762510ef7066114cd7b54c9d0c319af311e9ce55b9e95eecc340e4
runtime/dist-arm64ec-spike/lib/wine/i386-windows/libd3dx11_42.a	file	8284	07d19ba0650a25aaa87816f1d89bdcaf07cf98217b4630fffac550e560c94b4c
runtime/dist-arm64ec-spike/lib/wine/i386-windows/libd3dx9.a	file	70600	ac167994a81556b9a9a854a3832600e5ef9dd8401c85413475d2aab5849896d4
runtime/dist-arm64ec-spike/lib/wine/i386-windows/libd3dx9_35.a	file	70038	8f4e245d53e1f9a16ef3adaf3381d064a14694a22f3cb9c1943d8aa9667d6610
runtime/dist-arm64ec-spike/lib/wine/i386-windows/libd3dx9_42.a	file	70058	317ae9d9df00687dd1b7ecba943c7988697f80f1738bc854850a020019c1fb73
runtime/dist-arm64ec-spike/lib/wine/i386-windows/libd3dx9_43.a	file	70058	5925e7221dad2bb1ce057d29f728c412f34fac1ce4e697dedc25f1671b16d754
runtime/dist-arm64ec-spike/lib/wine/i386-windows/libd3dxof.a	file	1376	8791ef54ca91e682bd6916ceaf3f1d82b0358cdba2b1e0f568f81ccedeca4760
runtime/dist-arm64ec-spike/lib/wine/i386-windows/libdbgeng.a	file	2020	bf15c84e708b2384f6dd88185ba1fa7325c9cc64052d114579f43a52156eb557
runtime/dist-arm64ec-spike/lib/wine/i386-windows/libdbghelp.a	file	34390	34be2fe4e42b0ba406c7d76ff4baf5e6b694dae5a5ed5b19b56465385df0655e
runtime/dist-arm64ec-spike/lib/wine/i386-windows/libdciman32.a	file	1828	995dff171f75fb370dcf0e93af19214cebc375086ec906cb07e36e2d6fd6b732
runtime/dist-arm64ec-spike/lib/wine/i386-windows/libddraw.a	file	3068	dfdc6f85eeb80e78df73d6c0698096c3d6cd3d5bc02ba318b92e7b2e64af5315
runtime/dist-arm64ec-spike/lib/wine/i386-windows/libdhcpcsvc.a	file	1848	b8c98f5cada932c402fd8c52164447bcf81c64424c24b731dc4a4523a98eed15
runtime/dist-arm64ec-spike/lib/wine/i386-windows/libdinput.a	file	16962	6d489eba877523472d4acdd1ba2ce360e8d2d8d0199832c6b054f84853c4e199
runtime/dist-arm64ec-spike/lib/wine/i386-windows/libdinput8.a	file	16498	8c78ff785202d1ce8f1ca4a76a5d7fa3918e69a1366742b3963e5e6a7bdd1756
runtime/dist-arm64ec-spike/lib/wine/i386-windows/libdmoguids.a	file	5492	ab471becd2a9826a3be3a1498d2cd3b8a78053bbd14f594b067784201d511054
runtime/dist-arm64ec-spike/lib/wine/i386-windows/libdnsapi.a	file	10174	6d9b1c644e87c7b261d1f3fe4e4be32537a21fc7774d318ec66f73722052c779
runtime/dist-arm64ec-spike/lib/wine/i386-windows/libdplayx.a	file	2772	73867b927279077d52ca1d65d5f8e4f0d3f72de2ec4496ff774c6354fea8909b
runtime/dist-arm64ec-spike/lib/wine/i386-windows/libdpnet.a	file	1372	e61e8c26de597d9fed78d71a8d6793cc1fdd0dd18dc182379f8538169babd505
runtime/dist-arm64ec-spike/lib/wine/i386-windows/libdsound.a	file	3672	c914138262b5a724593a3e06160986cb14757d9d59e51e0cda28afa2119cf8cf
runtime/dist-arm64ec-spike/lib/wine/i386-windows/libdwmapi.a	file	7266	e1887b461fb1a8da64cae93ba3131a896d09d90b01bd7c0e685b56bb35a913d0
runtime/dist-arm64ec-spike/lib/wine/i386-windows/libdwrite.a	file	1392	fd35c8720051ca235bf81505a4049a50638fb10a420b7c876fb276a4fbb8f13b
runtime/dist-arm64ec-spike/lib/wine/i386-windows/libdxerr8.a	file	205792	2da60c2b886be29a008cdfd97244b435ff1d1889b5dcd97f79d639d94f732a56
runtime/dist-arm64ec-spike/lib/wine/i386-windows/libdxerr9.a	file	240578	db82c022568f68aa8d9aa85d472547ddb8c30cc31baa058ed699d93048580029
runtime/dist-arm64ec-spike/lib/wine/i386-windows/libdxgi.a	file	2570	7b4c5e3239610c49edae99db880f5cfcc29d3dab5fdd53efb1c762bb2e7eb8a8
runtime/dist-arm64ec-spike/lib/wine/i386-windows/libdxguid.a	file	145546	df96c6227039a76c8430812edfaaa6b2b269dd448cabd79f051036064b272057
runtime/dist-arm64ec-spike/lib/wine/i386-windows/libdxva2.a	file	11330	445ebd1934eb174474b0ac732ae77e022b94a08270d64cf35304e99dc12f359d
runtime/dist-arm64ec-spike/lib/wine/i386-windows/libevr.a	file	5020	94722a0bfac910105c7cd37f8a08a1075b8082f25d9f1a1e17d2b98ea711575e
runtime/dist-arm64ec-spike/lib/wine/i386-windows/libfaultrep.a	file	1896	eae0f445af65e3477885e944a48a86001b894eb4321e0f4db93f6c83193da67d
runtime/dist-arm64ec-spike/lib/wine/i386-windows/libfltmgr.a	file	3620	7819d8ab452fb1af66475b88e26b1194c777e8938fe75104bc8688333738dc45
runtime/dist-arm64ec-spike/lib/wine/i386-windows/libgdi32.a	file	103076	d917bc98277d875f5ed9396ad56fec4bc3b17f5979da6e3f973582a80fb3df94
runtime/dist-arm64ec-spike/lib/wine/i386-windows/libgdiplus.a	file	156566	7b81cbe0a82a8242096e068da37ace9df072e9b20f7455b2fe8534d725cfc40b
runtime/dist-arm64ec-spike/lib/wine/i386-windows/libglu32.a	file	12530	bc50f0ba73e5cb28eb4fe419a459753d8eae3c0a2c67966baacbd4ae985f2598
runtime/dist-arm64ec-spike/lib/wine/i386-windows/libhal.a	file	5714	e97f827865b7fe826b9c5787d78d73dbe9804fca237fbf9f64b1a720a1861719
runtime/dist-arm64ec-spike/lib/wine/i386-windows/libhid.a	file	10324	b172deb800748556e2f64a1cab7a4552d5a2085a61085ae08b9820011cd09d6c
runtime/dist-arm64ec-spike/lib/wine/i386-windows/libhidclass.a	file	1414	ba7ffabb713d96e352f550a09f265bdd539a35d38a405445a176e82dd229dbe9
runtime/dist-arm64ec-spike/lib/wine/i386-windows/libhidparse.a	file	6700	95ea68ffd56644a8251ac38552a2442710f50fda42a02486c324bb939b826b6d
runtime/dist-arm64ec-spike/lib/wine/i386-windows/libhlink.a	file	5070	dab1e17258f9d5b706913e418c6499f24ead1b60713ec081d801f95a579f819a
runtime/dist-arm64ec-spike/lib/wine/i386-windows/libhtmlhelp.a	file	1716	5c4ee3bcbb703f9f6147b8eb5742d8f508165c5e92e5e12432b8150009013570
runtime/dist-arm64ec-spike/lib/wine/i386-windows/libhttpapi.a	file	6970	32579190b0d76cd2f451922e58f3813fe52d2aec3a70a659512cc625782a255f
runtime/dist-arm64ec-spike/lib/wine/i386-windows/libicmui.a	file	1378	3beeaf4ad47c5963d59c6f56cb580f58e8471ec36d0c3e091ae54b6be8395b94
runtime/dist-arm64ec-spike/lib/wine/i386-windows/libieframe.a	file	2272	6d3fa71f6f36d03e407d8d7a3aa49e1516bcb6a1ba72aa8a46b81a914bc41fcb
runtime/dist-arm64ec-spike/lib/wine/i386-windows/libimagehlp.a	file	24198	e00aa55d5bc578e831a23752c66613e5892b0129195e1ff835f658e86e3fffca
runtime/dist-arm64ec-spike/lib/wine/i386-windows/libimm32.a	file	22614	4bc17b8861f3618b88058fdf767a9d61731fc271e1f7df67e77d76d32be1f49d
runtime/dist-arm64ec-spike/lib/wine/i386-windows/libinetcomm.a	file	4866	0e1fe7cadd7c002b5d21d3e04952e63b425eeb5adebc53c576c8dc9ea5b8755e
runtime/dist-arm64ec-spike/lib/wine/i386-windows/libiphlpapi.a	file	29202	fe8740433d731d5d0a1b28c24c7be2de2ce1eda5dea89e0e4427e1636e91e017
runtime/dist-arm64ec-spike/lib/wine/i386-windows/libjsproxy.a	file	2002	1521fe28a5443e1e0b1244e63a546a22ad1b699b415d08c88361c7973a3eb9ab
runtime/dist-arm64ec-spike/lib/wine/i386-windows/libkernel.a	file	39196	f5ca6a8e721d24a8bd48fe248e4e6c1b13af0af675bd5da0e2c5c82bfefd1d0d
runtime/dist-arm64ec-spike/lib/wine/i386-windows/libkernel32.a	file	287082	260a7f7f7793e43436339926fad59ff2dde631299af0fb51c408ec5cef58d7d3
runtime/dist-arm64ec-spike/lib/wine/i386-windows/libkernelbase.a	file	321472	92a9ab1d9de95e4e386706541265fdfe6c7c4bc0abbf5874a8bc60f818562189
runtime/dist-arm64ec-spike/lib/wine/i386-windows/libloadperf.a	file	2736	4dfeaced425c8d249abcdae66c6a21c68aa5c2fb23eafff12a99b923ff310978
runtime/dist-arm64ec-spike/lib/wine/i386-windows/liblz32.a	file	3348	c0c43a7cc5d90ed9b72fe14fad768af818c33b3090b503cef6d7dbab6fe5bbb2
runtime/dist-arm64ec-spike/lib/wine/i386-windows/libmapi32.a	file	21506	8db760564d9081cf3e72cb13f4ee5ae7c3b876966b054aef1f7f2c1162c2d02e
runtime/dist-arm64ec-spike/lib/wine/i386-windows/libmf.a	file	8708	e6aac4afddabf7f02a20942b0583dfb5411970e01bc30008d841ab8b8f2914f0
runtime/dist-arm64ec-spike/lib/wine/i386-windows/libmfplat.a	file	30894	f2029f16af7648bc525e9baa7d633e5ab5853a5f89d1bbe29cb42a8708b6ab57
runtime/dist-arm64ec-spike/lib/wine/i386-windows/libmfplay.a	file	1396	3bdf683ff1f2ee29b427fb92124d000afdf3cea1602c3a24a086f1448e1f63fd
runtime/dist-arm64ec-spike/lib/wine/i386-windows/libmfreadwrite.a	file	2698	83af2f8501a9333fd4bc3466284e830936b796f739233c39982ddcf0ac90ea72
runtime/dist-arm64ec-spike/lib/wine/i386-windows/libmfsrcsnk.a	file	1420	5c342bd4980671a655bd490807035e21f4e3b2c1faa74537b743ab9690fe166e
runtime/dist-arm64ec-spike/lib/wine/i386-windows/libmfuuid.a	file	128318	9cd59a86ac87db48464ece6f6c331d5b70a3356e004f786f30a14f28e0816488
runtime/dist-arm64ec-spike/lib/wine/i386-windows/libmlang.a	file	3324	fe15d064e34d47d6826a79ec7840bfdd851d0d63c22b295c2dad2951fc8382d8
runtime/dist-arm64ec-spike/lib/wine/i386-windows/libmpr.a	file	18900	f246d52faa8c2df8072490aeac617d7026efa7ab73ec24792dac54e50284df48
runtime/dist-arm64ec-spike/lib/wine/i386-windows/libmprapi.a	file	1912	c32529022ddf32f42d39d52e4971fd98d6ec32f25b41bb038b055b63850b4812
runtime/dist-arm64ec-spike/lib/wine/i386-windows/libmsacm32.a	file	10552	072234dd6e50c5a77a7b953cbda5b0bbcdf0a031d79fe38656a78881eef0a384
runtime/dist-arm64ec-spike/lib/wine/i386-windows/libmsasn1.a	file	2718	005f0afaaf15f83c6fb827ca2044ace847bdfeb335e36a21965e5cb1c837b439
runtime/dist-arm64ec-spike/lib/wine/i386-windows/libmscms.a	file	16854	0c4a2aa2ba2ea761f34666484c01a6f640cf0f317ebddd450cc247ada8c8bd1b
runtime/dist-arm64ec-spike/lib/wine/i386-windows/libmsdmo.a	file	3438	f7474d1d25b54d862b6d2b784c2a5585127bf57f1a69cbd55d30851541cd9753
runtime/dist-arm64ec-spike/lib/wine/i386-windows/libmshtml.a	file	2268	857a2ea67fbdd54170790c1409289b0b4d041f1dd82887116ed876349f48ed13
runtime/dist-arm64ec-spike/lib/wine/i386-windows/libmsi.a	file	64204	80204da63db268dbe410d645264f462d45a2fde8586e40f55af9dd356c838b84
runtime/dist-arm64ec-spike/lib/wine/i386-windows/libmsimg32.a	file	1984	fc0f2620c388100856f46790f82ce0e384d94b0ddfdb53b38782a1c8b9ac211d
runtime/dist-arm64ec-spike/lib/wine/i386-windows/libmspatcha.a	file	5422	2df9ddfbeba1c49645c241f28c10df5d303247f18a250ab361942d8dcdcefc5a
runtime/dist-arm64ec-spike/lib/wine/i386-windows/libmsvcp140.a	file	617310	184826ddc77b94a6a57490100c7c2ec6d3cbaad040e66e9cc83a4922b13179b5
runtime/dist-arm64ec-spike/lib/wine/i386-windows/libmsvcr100.a	file	371456	aba73d0fa006d3ae1709bd4095580d6352ad7061ebf68979a0eecee4ee35349e
runtime/dist-arm64ec-spike/lib/wine/i386-windows/libmsvcr110.a	file	389768	55915cdfc4f0193114a7c7ef2acf5ff609adbee5c7b2bb2017d0ebe34bc04b17
runtime/dist-arm64ec-spike/lib/wine/i386-windows/libmsvcr120.a	file	417802	6cc28336233ec9bf7c6f203fa4f9d72488186725b469f3db2f710e0ebe3f636c
runtime/dist-arm64ec-spike/lib/wine/i386-windows/libmsvcr70.a	file	225970	bf367df0b327bbb3d7459836a6e8f74cf0a6974d59e6543babac30b5f49392bb
runtime/dist-arm64ec-spike/lib/wine/i386-windows/libmsvcr71.a	file	225380	76b9733a9f4d75183bfc393fb6e4f77210553aa75615c8f6619ed6dd5e3d4fd2
runtime/dist-arm64ec-spike/lib/wine/i386-windows/libmsvcr80.a	file	325126	7edc2f258777d5a38da6b810085b981af536d1f05325465fb12a19e28ca5c539
runtime/dist-arm64ec-spike/lib/wine/i386-windows/libmsvcr90.a	file	322664	7ffe8f894725aa960055751574c3c26616aa6e4f68a4104b63a1043bcff47c99
runtime/dist-arm64ec-spike/lib/wine/i386-windows/libmsvcrt.a	file	309178	d3795226c8bf0004da88b1c229e466b00fe81692695afc1a4b769891b689edb1
runtime/dist-arm64ec-spike/lib/wine/i386-windows/libmsvcrtd.a	file	143498	ac756a3be21546ad2e2066b2c4650865eb32622f5f3cd4a597507d19fbac1758
runtime/dist-arm64ec-spike/lib/wine/i386-windows/libmsvfw32.a	file	10764	41a8d2d8e8ed7dbbcde4f556998206fd40669976aebf12b93ba99a996902dd74
runtime/dist-arm64ec-spike/lib/wine/i386-windows/libmswsock.a	file	2420	4b788922fdc8d9df0a7ef50c10f602248cc942309dc127702ec7df55775243ec
runtime/dist-arm64ec-spike/lib/wine/i386-windows/libncrypt.a	file	14954	4f1440916179af1a82238c9040160521bed3b4659c5628ae045a6ccf647a6c9d
runtime/dist-arm64ec-spike/lib/wine/i386-windows/libnddeapi.a	file	7328	75ca62bc8ce0b8cf5f2d07f8ef9fca00e82576c729687a4c9dd34f7968d66f4f
runtime/dist-arm64ec-spike/lib/wine/i386-windows/libnetapi32.a	file	19820	315fd8369cab6bb10c653ddcc848fa6fd5a6bede07025bd1d65f67fb9921d210
runtime/dist-arm64ec-spike/lib/wine/i386-windows/libnetio.a	file	2034	a4360423bc3081ef6bcbbd9f2d7bcb78db0211d9ee184ce764676e0870bb26e7
runtime/dist-arm64ec-spike/lib/wine/i386-windows/libnetutils.a	file	2356	0151e7792cd08c7c9669ab835802d555f5d3a9aaaad73e3516b7f3ef97281406
runtime/dist-arm64ec-spike/lib/wine/i386-windows/libnewdev.a	file	2702	fa336653c8edfe47b38655f1ef2bea335d0afcbd809407ea776f8379a2e5616d
runtime/dist-arm64ec-spike/lib/wine/i386-windows/libninput.a	file	3270	1bb8b94d6b8ea80eeb2378580d745f2d3487930dd5c6010a6419251a3b831e35
runtime/dist-arm64ec-spike/lib/wine/i386-windows/libnormaliz.a	file	2274	d8f55864c3db252ab7c77a074e71baffbc396ffaccec8859a10863e3cfe13ea7
runtime/dist-arm64ec-spike/lib/wine/i386-windows/libnsi.a	file	3946	270c6360acc8d448046173d9a1401bdb42a15582db17838cf03289107648dd7b
runtime/dist-arm64ec-spike/lib/wine/i386-windows/libntdll.a	file	258510	7f3a43a6c16ec87cc33550f942b5f268de1a2e088918d94613513ec98cf3057f
runtime/dist-arm64ec-spike/lib/wine/i386-windows/libntdsapi.a	file	3314	fb50be194a4c30018c53401e954b1743b40e38accbd74951c96e5d19adda6013
runtime/dist-arm64ec-spike/lib/wine/i386-windows/libntoskrnl.a	file	192750	28e785a23fcef181ea33335fc6b02858b75dac6d0cb6a231c5e98f19c4e1093e
runtime/dist-arm64ec-spike/lib/wine/i386-windows/libodbc32.a	file	26428	36a13ea0f79a76a8c859e6acb86af43514acfef2b0cab2c5da910c070c94afd9
runtime/dist-arm64ec-spike/lib/wine/i386-windows/libodbccp32.a	file	13654	80397bda4b616be16c6685cf30da3376024aa5189e8fbd51c8b703cb324d4d8d
runtime/dist-arm64ec-spike/lib/wine/i386-windows/libole32.a	file	62978	e6f07fd93d8db168852acd7045e32b103c6f5cc1581707bd6f39d2ccf6fc1070
runtime/dist-arm64ec-spike/lib/wine/i386-windows/liboleacc.a	file	5054	5aae0f0f69edc85d32008bd6f40744f5f3d1708f960d59457e05961c066fee1d
runtime/dist-arm64ec-spike/lib/wine/i386-windows/liboleaut32.a	file	82878	bb14ba28ef945233fe623cb0d0b5a2101530a305ba0330f4667885e583979618
runtime/dist-arm64ec-spike/lib/wine/i386-windows/libolecli32.a	file	4582	198257fb4aa117ecf36b8efb151c4f56dadb53090fb3548551d65c25f40735de
runtime/dist-arm64ec-spike/lib/wine/i386-windows/liboledlg.a	file	6308	4fd915a93f6d0f24457838c108bcda11a79d4ca0eb3462b28b4bf1afa38573d7
runtime/dist-arm64ec-spike/lib/wine/i386-windows/libolepro32.a	file	2898	d02482b824b44ddf2a4b372933b4529753db29879b69254897ced2c26d93b47b
runtime/dist-arm64ec-spike/lib/wine/i386-windows/libolesvr32.a	file	3218	60c3a081d73f8e3a06daefcbe1e5180766d4a96afd494c5ed4b6bf97ee7fcfc0
runtime/dist-arm64ec-spike/lib/wine/i386-windows/libopengl32.a	file	74954	7b38f7ecb80034904904f9bdfe5fc9cb86e23a0f6322d1518308dd23094add34
runtime/dist-arm64ec-spike/lib/wine/i386-windows/libpdh.a	file	12602	5eca6519a45d38890b2e793071a326c69f424f0d465bb7b15979fc9d8e658551
runtime/dist-arm64ec-spike/lib/wine/i386-windows/libpowrprof.a	file	9576	efc75f084c6fd3a622b60c47cd4232608be1c5924558fb6ff5f1affeb73ee903
runtime/dist-arm64ec-spike/lib/wine/i386-windows/libprntvpt.a	file	4818	faf2c9f4788e9c819ebef119b1b225dd0d6524f6e2e7de516f52e79deb655ce5
runtime/dist-arm64ec-spike/lib/wine/i386-windows/libpropsys.a	file	12408	974cd8b4f9e37062143630dc395d24e848245705e4adafe47b3d5f29f36a1db1
runtime/dist-arm64ec-spike/lib/wine/i386-windows/libpsapi.a	file	7550	bfd35c6499b332f9410abe57488d17ab356b64e8ef01605e04ca8bc5d5689df4
runtime/dist-arm64ec-spike/lib/wine/i386-windows/libquartz.a	file	2000	6e602104f5c773d6d7a68477c72c3418cdd47b9d97053dbc2f155b1c932e4188
runtime/dist-arm64ec-spike/lib/wine/i386-windows/libqwave.a	file	1800	3b031275ac31d3bd31aa500d3be9ce05db36e3216d5bd543e11b0c8127a2c125
runtime/dist-arm64ec-spike/lib/wine/i386-windows/librasapi32.a	file	15806	74a85f1a3c4fb00824c91abbcf15f4ce76db079f4182dad189381cda83ed4cc3
runtime/dist-arm64ec-spike/lib/wine/i386-windows/librasdlg.a	file	1356	1b6cbdb5daed73705581dfbcec6a49990efb94c4a35fb613ed1dcbffd7c8ab52
runtime/dist-arm64ec-spike/lib/wine/i386-windows/libresutils.a	file	1168	b0d4c44b36d0d944ffa4de0ae30988a6834de1bcea211082df76653923b1aae4
runtime/dist-arm64ec-spike/lib/wine/i386-windows/libriched20.a	file	3014	54d3c360dba312cb06e44c9e10d6e667b26ee6f9a6a960ed8aa2ba8f5ce7d302
runtime/dist-arm64ec-spike/lib/wine/i386-windows/librometadata.a	file	1432	b5c232d9f6ee218b45d3d45a74a8ea98c418402a9d86d82f69c1a12b0f3a76b1
runtime/dist-arm64ec-spike/lib/wine/i386-windows/librpcrt4.a	file	80160	9f4f4166f100d4fe4a967557302e8ff3c2111612dd199490be252d568cbeca58
runtime/dist-arm64ec-spike/lib/wine/i386-windows/librsaenh.a	file	6324	d0fe67b3612a605f2181f3e435f6e142d24555a46448658f7ccac599b7330823
runtime/dist-arm64ec-spike/lib/wine/i386-windows/librtutils.a	file	1600	8a2cb223969a4b70258af17f390986892b1debd625ab89b4a9fff65612ff69f7
runtime/dist-arm64ec-spike/lib/wine/i386-windows/librtworkq.a	file	9830	1f2423d6049bbab0931fde7fdf9354775db6ee8b2cd7e93a3f6aa7cfad455efe
runtime/dist-arm64ec-spike/lib/wine/i386-windows/libscrrun.a	file	1376	356e18ff4d640ed63852324d3a3ae127d58b8dedefd09fb2f8ed64585aee8a3f
runtime/dist-arm64ec-spike/lib/wine/i386-windows/libsechost.a	file	22540	ab8bfaf9d832b890946c0582179bb397309ecb665977526dacf4efc76a1fd300
runtime/dist-arm64ec-spike/lib/wine/i386-windows/libsecur32.a	file	16276	917c95b9daff517af8c282fa949882e766a0662f8260bb7c7981bd45dcc8c706
runtime/dist-arm64ec-spike/lib/wine/i386-windows/libsensapi.a	file	1882	bc7011e50e937071163718e1a5843584500904ad96f05702df6aa7c39545c8e2
runtime/dist-arm64ec-spike/lib/wine/i386-windows/libsetupapi.a	file	96134	386b246202a1b89e7922d2b41c1012411ae0a409bd51fe55053b7e5d4483b581
runtime/dist-arm64ec-spike/lib/wine/i386-windows/libsfc.a	file	2712	40d60e066f000f5e7799e097037d2632805f374ac657a008b58a27a936f509c0
runtime/dist-arm64ec-spike/lib/wine/i386-windows/libsfc_os.a	file	2766	05ac93807aded9a546527790500e8ff4bcccec68639d0b2d9554b82a51778b0d
runtime/dist-arm64ec-spike/lib/wine/i386-windows/libshcore.a	file	17428	ef0d5ae13255ba13e702566dfd6dc11f20afc5e6a2349d2ed1c6a4f1deec563b
runtime/dist-arm64ec-spike/lib/wine/i386-windows/libshdocvw.a	file	5934	9ecb9633604503b5812ed8517787da788bf3a9d04bd991c22cea05f8ff55596e
runtime/dist-arm64ec-spike/lib/wine/i386-windows/libshell32.a	file	87920	7457b03b654467a6c559761121ef93b31d062e64fe1bfe477768c08fd1d424e3
runtime/dist-arm64ec-spike/lib/wine/i386-windows/libshfolder.a	file	1620	f6e8723ad50027150b0398b4e75b02d53b532da10dae58a0c8919f4272e0d9b9
runtime/dist-arm64ec-spike/lib/wine/i386-windows/libshlwapi.a	file	166066	f3fec0ebbc0250193122a85c1ba484c67ea962542ce92b5bb973697a54a98dd3
runtime/dist-arm64ec-spike/lib/wine/i386-windows/libslc.a	file	2294	2278fc133e60595b2f3f31825bd6d10360ae49fd6ac700cf64ea5e9b2f10c391
runtime/dist-arm64ec-spike/lib/wine/i386-windows/libsnmpapi.a	file	6560	3d22d81334f269208d5f3f35a3e9092107740b17f00cbff85a6ea74a6427d195
runtime/dist-arm64ec-spike/lib/wine/i386-windows/libspoolss.a	file	5700	80329c637eb32f71d25ca8d18afeae322f8c05c5b8d66b13dc005e30db129e5b
runtime/dist-arm64ec-spike/lib/wine/i386-windows/libsti.a	file	1818	20ff8893f96f4e46444bfe26a629f4c9aa1d8a08f5a5bb43667230054ae83ca9
runtime/dist-arm64ec-spike/lib/wine/i386-windows/libstrmbase.a	file	491894	56e2ae5a33f78ead93e6474e38a22fa839b08e7cfeaa6fcc1a8eebf5769f033c
runtime/dist-arm64ec-spike/lib/wine/i386-windows/libstrmiids.a	file	116540	3c642ec63cd041ab4d3ac84c3c16e665d6c65d9c07db4012bfa13ca90d69ca85
runtime/dist-arm64ec-spike/lib/wine/i386-windows/libsxs.a	file	2196	1d5709888eb615e2396122618eadf26671c08a6b7ea8578e068eda2646c86b36
runtime/dist-arm64ec-spike/lib/wine/i386-windows/libt2embed.a	file	3896	f7ac29b6db1b1222cf1f5a77290600731ece41685fd45cdc8c35315dc2754a0d
runtime/dist-arm64ec-spike/lib/wine/i386-windows/libtapi32.a	file	41644	985c26a02d46c4729bcdfde8aa57036c87b3588fa924713c11b5df06dd40d93c
runtime/dist-arm64ec-spike/lib/wine/i386-windows/libtdh.a	file	1844	3711a4cf6f2ad0d70e88747a90e6c843c84544b6338a2f107dd5bc519ab2d021
runtime/dist-arm64ec-spike/lib/wine/i386-windows/libtwaindsm.a	file	1360	12c19e3d2e53e4ad1a119693c4681fcfa2556a4abc9a150dc177e92d75a008e0
runtime/dist-arm64ec-spike/lib/wine/i386-windows/libucrtbase.a	file	504200	c0689a6626cab153e36be0b12a57cdc08207f4b2dc5905ca5e7596036aa56eea
runtime/dist-arm64ec-spike/lib/wine/i386-windows/libuiautomationcore.a	file	9552	8d2f7df54b0b6d84128aaeb163c0103a63418413a7a8db2df0368dd429ed7d7e
runtime/dist-arm64ec-spike/lib/wine/i386-windows/libunicows.a	file	114494	9d6755539c359657137483f16776133b618ce15e007fe78342999b2e123111ef
runtime/dist-arm64ec-spike/lib/wine/i386-windows/liburl.a	file	2880	b4c60bd985b3561a44790e067176fd87c2dcd213c06c41d1a1e53ad60b108e79
runtime/dist-arm64ec-spike/lib/wine/i386-windows/liburlmon.a	file	17122	2c6f071c8965758147e0c2e34318ca6c13cb2a60830ecdd2eed81bc358fa946d
runtime/dist-arm64ec-spike/lib/wine/i386-windows/libusbd.a	file	4340	b495c488fb595bf8d8072002b55a040e54bc1197a8d9c94f54d9d17f4af380d5
runtime/dist-arm64ec-spike/lib/wine/i386-windows/libuser32.a	file	173742	76e7dc0d27495bf81c59874c78cbf905644f171adbe0a127751740545343e89c
runtime/dist-arm64ec-spike/lib/wine/i386-windows/libuserenv.a	file	6892	373ae356fd8f1e7802c29d95d68116c30c3db16b6df33a04cdc18b092ffacd57
runtime/dist-arm64ec-spike/lib/wine/i386-windows/libusp10.a	file	11396	c4090132afa8f78a456e0479d7099397a2622193752cd8f5db2426fba21bef20
runtime/dist-arm64ec-spike/lib/wine/i386-windows/libuuid.a	file	647106	0232c2dd60424cf45b2b36fbf49c9f45f4c96f2ff9b121494946132034bf9db7
runtime/dist-arm64ec-spike/lib/wine/i386-windows/libuxtheme.a	file	22050	90f40b4d23b08cc4d28fba03bce4fbc095fc8e0134781d49402e64a6c96c3e8f
runtime/dist-arm64ec-spike/lib/wine/i386-windows/libvcruntime140.a	file	16020	7b858f6ff00ba8ce8dc60a79deaa2a732fd199b0de1ac83501af40566c3353e0
runtime/dist-arm64ec-spike/lib/wine/i386-windows/libvdmdbg.a	file	1590	b7d5827e26be87e9dedc37b6ce4f982918692534fceff333d1f3e9ab546868e3
runtime/dist-arm64ec-spike/lib/wine/i386-windows/libversion.a	file	4928	04a67c1d26423740adec6e535f0aac05ee3eb64d350b7c94b32dc1ffe7f7e088
runtime/dist-arm64ec-spike/lib/wine/i386-windows/libvulkan-1.a	file	66692	fa6d8ab0e44667cba7b4d7ac52158ee1e6429c6ed9ced680aa9769815a5e9927
runtime/dist-arm64ec-spike/lib/wine/i386-windows/libwbemuuid.a	file	9420	0e1c1bad5f7412b5e53ebcf7057ac918ac33d2b4c4c65c19c86d8988bee1dd61
runtime/dist-arm64ec-spike/lib/wine/i386-windows/libwebservices.a	file	33914	5538cdc971d39a6c9e8573f583563802a5c19db48df93b3eba132ce4dd81d3ef
runtime/dist-arm64ec-spike/lib/wine/i386-windows/libwer.a	file	3266	c2030de9a38b6e1d9c01bbbbc07b6206c69894f9bfefa9f20b27bd32b264aa39
runtime/dist-arm64ec-spike/lib/wine/i386-windows/libwevtapi.a	file	4524	6492d7473c857ec78f57fb691e94606215af410022d35121d91b8829f7905ed4
runtime/dist-arm64ec-spike/lib/wine/i386-windows/libwin32u.a	file	121558	e067fc0dc539898450cf20ad2951c11fe913a66070a8f79d95892371e9e29b85
runtime/dist-arm64ec-spike/lib/wine/i386-windows/libwindowscodecs.a	file	101992	5f5e90e1a86944911c93031d54d435bf17ea4b8d631925251550331b15a62e73
runtime/dist-arm64ec-spike/lib/wine/i386-windows/libwindowscodecsext.a	file	1938	67b9606d70b5e1303b3311393379726da9d49c0d2d5b6832cef7fd6e59cae974
runtime/dist-arm64ec-spike/lib/wine/i386-windows/libwinecrt0.a	file	101068	14e36e476c9cca14fff0cbd5682140e0080ccbe1fdfb185c1b9d05e0b26a1f37
runtime/dist-arm64ec-spike/lib/wine/i386-windows/libwined3d.a	file	107936	a30af15b010fca804813787ae4ad0b7e9d4839c4704a72078a8e912e5cf3c32d
runtime/dist-arm64ec-spike/lib/wine/i386-windows/libwinedmo.a	file	3140	9b30f649b7554030dee0eeb221bc545b7ec35d18de9addb59ce43effc3246eb4
runtime/dist-arm64ec-spike/lib/wine/i386-windows/libwinegstreamer.a	file	1924	a6d83677271b196ca106268a84b7868b7868d6a646b1526cf7b06450d0439172
runtime/dist-arm64ec-spike/lib/wine/i386-windows/libwinevulkan.a	file	67212	1ff1c8ef6c5438d5108a44a38e112639d2e2ab756d42915cfbd1cbea9d246664
runtime/dist-arm64ec-spike/lib/wine/i386-windows/libwing32.a	file	3470	8899e2cae3ee087a8fe6e0e9eddfc288dd290e5f37a9ececef749359f82b308c
runtime/dist-arm64ec-spike/lib/wine/i386-windows/libwinhttp.a	file	12696	11f1fac2e7b0469c7c124d46f95164647c73a93c0845e27311c5e373bb0b34af
runtime/dist-arm64ec-spike/lib/wine/i386-windows/libwininet.a	file	52628	dbc574f47d5b6f08e95d8b8899ebf80ef85a9c36cd07e5d386ea11b4b82ac451
runtime/dist-arm64ec-spike/lib/wine/i386-windows/libwinmm.a	file	40968	fe299666a35126ae15436de9819384bee6b722eec0561f75b599cdb430f1e47b
runtime/dist-arm64ec-spike/lib/wine/i386-windows/libwinnls32.a	file	1650	ee6ebe7a13457e69514b7361928630522d3b9fc6349bb0bb36dfcdcd04749d0f
runtime/dist-arm64ec-spike/lib/wine/i386-windows/libwinscard.a	file	8132	61501f4156f243506efe347db1fcf9d11e0672ac4b6e8b32ae574a3f05fbfec2
runtime/dist-arm64ec-spike/lib/wine/i386-windows/libwinspool.a	file	32032	e6930a76088733f894a7767b861192681d6696ce500394f803cc00830134438d
runtime/dist-arm64ec-spike/lib/wine/i386-windows/libwintab32.a	file	10286	74ff7ea3bc1a35d55b94458d2fd63355b0a3cc830ea06d6f697ed3fb41e2d47b
runtime/dist-arm64ec-spike/lib/wine/i386-windows/libwintrust.a	file	24118	19ed4753bd15704daf86b29e09d4ebf2637c0a5305f0fffaf7749025e03a4d7b
runtime/dist-arm64ec-spike/lib/wine/i386-windows/libwintypes.a	file	1942	7e0722dca532af6bcb2dc0e2a4b27d394e9d8dc85377beb856136e78bb5c04bc
runtime/dist-arm64ec-spike/lib/wine/i386-windows/libwlanapi.a	file	4134	51f6ec021f819438214682ce4fe56c8c4d4fe65b47d4442f7e789669275674db
runtime/dist-arm64ec-spike/lib/wine/i386-windows/libwldap32.a	file	52620	63384b4a28202371760e98fa32deb133881b1b5591f7227d309c362cc039b0de
runtime/dist-arm64ec-spike/lib/wine/i386-windows/libwmcodecdspuuid.a	file	7686	a2d6e5056f2f67a64edcd5ff3d044067cf32dd4186c5459a9178ba710ef0514c
runtime/dist-arm64ec-spike/lib/wine/i386-windows/libwmvcore.a	file	4224	05345139e9a32dbf8860c3964b89ea93e2d4e9dd5125866920ab3bb46944d51b
runtime/dist-arm64ec-spike/lib/wine/i386-windows/libwnaspi32.a	file	2502	f935048d614d825f27e87a33f3b4feb4c8d2607771d5d0f8e1168134ea604027
runtime/dist-arm64ec-spike/lib/wine/i386-windows/libwow32.a	file	4886	d1bb16790ee793c681398fcf9699b3baa4d71596c4991a5e359ace9df58e75f2
runtime/dist-arm64ec-spike/lib/wine/i386-windows/libws2_32.a	file	35814	776acf7a2ff1d17ce80fbb1b9b474150f9483f36a18835c9cfb333627b7d1dfe
runtime/dist-arm64ec-spike/lib/wine/i386-windows/libwsdapi.a	file	4638	7a60a125e87ef6196782b33b78ae01f2a29c8dbd0b4934df482a7ab53c974feb
runtime/dist-arm64ec-spike/lib/wine/i386-windows/libwsnmp32.a	file	2222	74d8efc7169509cd3f54a36471fc522e00bb7adef1c45fc33644c4428f8a5c23
runtime/dist-arm64ec-spike/lib/wine/i386-windows/libwsock32.a	file	14546	432e8367a04df69894bb94a7a07dc11f9da49641b85bdde9da50c5442eb8a51d
runtime/dist-arm64ec-spike/lib/wine/i386-windows/libwtsapi32.a	file	13712	eb6e89415aa1d1e5df5d729dc26dc88adbf729f5e9357e9386da128c16a5e0b6
runtime/dist-arm64ec-spike/lib/wine/i386-windows/libxaudio2_8.a	file	2768	59156f1b2ef5a2616fed631b476222a50f20df7286467471b4f8f6f047326222
runtime/dist-arm64ec-spike/lib/wine/i386-windows/libxinput.a	file	3098	5f7e064369ecf27f748bd8d5adb940c17a3d921504c7896da6889959f487ce21
runtime/dist-arm64ec-spike/lib/wine/i386-windows/libxmllite.a	file	2952	42d4d1ad78e41d655773caf4f2f6c92263e2d76fc03b1c2e798e72403ab0bcb2
runtime/dist-arm64ec-spike/lib/wine/i386-windows/light.msstyles	file	7585792	e75e8d94636a4e99e7415bbc128b368eb9862b8b8638effc046cb9e0eecb3b42
runtime/dist-arm64ec-spike/lib/wine/i386-windows/loadperf.dll	file	77824	3ded879bd14be6ab7a4026a10b81be2661b59c1afa209738ec18700218931b88
runtime/dist-arm64ec-spike/lib/wine/i386-windows/localspl.dll	file	385024	3b26180edac6cb5af7533465f05617a4f1af83f94467cb686c54db7c10fcabb6
runtime/dist-arm64ec-spike/lib/wine/i386-windows/localui.dll	file	139264	6feaf624619b028600615970d9666b0f5d518af5b9526d8c9a260899df02d6bc
runtime/dist-arm64ec-spike/lib/wine/i386-windows/lodctr.exe	file	65536	e31530e7a74c4310f67cd28e9cf2b4b3f0b7ced4b51280a2303c44264d2db1b7
runtime/dist-arm64ec-spike/lib/wine/i386-windows/lz32.dll	file	12288	c1f5ec1d01250b477a7935492a0457be83b5acb3987c24394551257e528851af
runtime/dist-arm64ec-spike/lib/wine/i386-windows/lzexpand.dll16	file	69632	45eb3fcf1297b137e0e19b5505fdc3911dec7f38b1df5fa4ac841ca74c7badc5
runtime/dist-arm64ec-spike/lib/wine/i386-windows/magnification.dll	file	69632	9476061a250729b68b4e3131fa5ad59656bc8f1fbe9be62705b696a1e1afb58a
runtime/dist-arm64ec-spike/lib/wine/i386-windows/makecab.exe	file	77824	754214d0c4aada3c28aa59b60f4d267687e0269701d89830626e6e4a30d26fe8
runtime/dist-arm64ec-spike/lib/wine/i386-windows/mapi32.dll	file	634880	5a14699f4a8c29f576a9650c33213f81638396a303e42b5ff40738c1bfe6ff5c
runtime/dist-arm64ec-spike/lib/wine/i386-windows/mapistub.dll	file	81920	b9e219bddea296364f9de20bf773cae8c91ad2e7e514e680b1e07e04821f3a06
runtime/dist-arm64ec-spike/lib/wine/i386-windows/mciavi32.dll	file	208896	27dc531685b29203173d2b5a332fc0148f34c91b4018e02a017e5a666b5a6d3e
runtime/dist-arm64ec-spike/lib/wine/i386-windows/mcicda.dll	file	143360	5af236b6188102274f4ee6b9ce0bbeda8db194e655a83395ef595b4ad2966eca
runtime/dist-arm64ec-spike/lib/wine/i386-windows/mciqtz32.dll	file	221184	d2e24dd1a6410b61402399cf2b6823f39f7c8840c3b6a0581b13271127ac534f
runtime/dist-arm64ec-spike/lib/wine/i386-windows/mciseq.dll	file	131072	e3a4eebf71436ba17ba8fc72f07c16671004af417a6fcb8647822cbdc845dff8
runtime/dist-arm64ec-spike/lib/wine/i386-windows/mciwave.dll	file	126976	34da9eef09c1f04ec0658299bb70550ea3250cb4aac1c1c80a74fad21134be66
runtime/dist-arm64ec-spike/lib/wine/i386-windows/mf.dll	file	1970176	307a6427b996fd4e7527fbfd6e96f722d5dc9402b00835e904066e477d67ec1e
runtime/dist-arm64ec-spike/lib/wine/i386-windows/mf3216.dll	file	53248	ffef7ccca7ad26ddaa209b5f89b30e1dfddcdc510bbdc28a8beae980b213ad22
runtime/dist-arm64ec-spike/lib/wine/i386-windows/mfasfsrcsnk.dll	file	618496	6b8abbb46191076ff12ab373b28001cc4a126961790b67ef18ba47451ddef3bf
runtime/dist-arm64ec-spike/lib/wine/i386-windows/mferror.dll	file	229376	7571527aa7eb652736638ecbd13bf68f969a19608e5c407e821cc9576470a18d
runtime/dist-arm64ec-spike/lib/wine/i386-windows/mfh264enc.dll	file	458752	aa7badc9482d8816e1f97619c638c187733cdf55e3f69a1a502dcfca6db9abc1
runtime/dist-arm64ec-spike/lib/wine/i386-windows/mfmediaengine.dll	file	847872	903aa83336ef64906be20e39d659435f2f905937c49c6314837bb8d739d5d85f
runtime/dist-arm64ec-spike/lib/wine/i386-windows/mfmp4srcsnk.dll	file	663552	8ac551594defddffa133e9723023c78e9f143b72a31247fd03128f8bb1405be7
runtime/dist-arm64ec-spike/lib/wine/i386-windows/mfplat.dll	file	1499136	4dc56c3ee27017479737bca84c1f9feae5487959af6acc61edf0ebc79bfe8d44
runtime/dist-arm64ec-spike/lib/wine/i386-windows/mfplay.dll	file	585728	c2e00e08f2df79befa6ce69a2cac9b6b191cdb2908935c119a818677d6030244
runtime/dist-arm64ec-spike/lib/wine/i386-windows/mfreadwrite.dll	file	749568	ee676b2954e72e2dbcb205910b3ddbf600a7c51a2fd6d1dd0309d5a58089c7f4
runtime/dist-arm64ec-spike/lib/wine/i386-windows/mfsrcsnk.dll	file	749568	7d87729fab27bea0085cc497ffcd90927779bc7b81c3f269ce1fe29354a4ab64
runtime/dist-arm64ec-spike/lib/wine/i386-windows/mgmtapi.dll	file	65536	a9e248ac1f2cf00dd9aaeb1d1a68b71838fcc1b9d6325d3209d1e0955c3063e1
runtime/dist-arm64ec-spike/lib/wine/i386-windows/midimap.dll	file	90112	a7a6332d7df0fb7d49e7a3ea98df5a091fde4a231413b34f8d3c1ef2312cd4a0
runtime/dist-arm64ec-spike/lib/wine/i386-windows/mlang.dll	file	548864	3adcd05327416cd0b97e2a5b4cfdb6dca089725dfe85112d2a4b8ba785193d79
runtime/dist-arm64ec-spike/lib/wine/i386-windows/mmcndmgr.dll	file	376832	9be7a3ccd3e6b7aa883550c722bc02fef91f0f37be414a200299f5ecdeecf018
runtime/dist-arm64ec-spike/lib/wine/i386-windows/mmdevapi.dll	file	765952	34108002954bc225ff59d7f5db479faf5a23a8bc127a5c7d6d8c8b2bb6f22d08
runtime/dist-arm64ec-spike/lib/wine/i386-windows/mmdevldr.vxd	file	65536	962f9f8518cb40212bfc872426f88ba2b6b87ea0d14b1d2ebc609d06f47e5b91
runtime/dist-arm64ec-spike/lib/wine/i386-windows/mmsystem.dll16	file	344064	5199ed2fd5cb803c893e3dde0406e2f5a5ccdfde3dd8a755253369a1afad3154
runtime/dist-arm64ec-spike/lib/wine/i386-windows/mofcomp.exe	file	77824	f7b7f72ae9e2de0dea6984b6b27f529040defa7487bc553d40d7167727f6d08c
runtime/dist-arm64ec-spike/lib/wine/i386-windows/monodebg.vxd	file	65536	e8bf0446820e166d2d46b419600dfb82619a61e4551c9c5e88eb7377f6ed395d
runtime/dist-arm64ec-spike/lib/wine/i386-windows/mouhid.sys	file	114688	4c6fa279d5c9a99d397f528e5d1dd88897f77fbc09a51e3219fa4f95204014d7
runtime/dist-arm64ec-spike/lib/wine/i386-windows/mountmgr.sys	file	233472	23af5ccda7ca5ddc85ef3abecb61350faaed45eeec615f9808dfa5a06c345ce7
runtime/dist-arm64ec-spike/lib/wine/i386-windows/mouse.drv16	file	57344	f4ffc9e83fbbe67c0b2061e34a29329df7d92d86c244a133ccf05a22ff1548a8
runtime/dist-arm64ec-spike/lib/wine/i386-windows/mp3dmod.dll	file	1368064	91600515897ba21b360ab2a4e2d39ed5328691c485ca27481a83cd605ffcfa64
runtime/dist-arm64ec-spike/lib/wine/i386-windows/mpr.dll	file	249856	5015961f5ae166e3c05943048505f1397c0b6b89cb22540882b3ccf7fa15be89
runtime/dist-arm64ec-spike/lib/wine/i386-windows/mprapi.dll	file	110592	36c1b81c156501ee1b5cc04c3f17a50db367b6e30e9feb72f681450a96d26924
runtime/dist-arm64ec-spike/lib/wine/i386-windows/msacm.dll16	file	90112	1aa7324cca559dffd487820ed9470c11f5c5f1f01743388e5296ec24903ba93a
runtime/dist-arm64ec-spike/lib/wine/i386-windows/msacm32.dll	file	323584	95c4e704a97dc0a6a899da88c6f5c2a9eabab8dd7f36f36c8609fc86012499b4
runtime/dist-arm64ec-spike/lib/wine/i386-windows/msacm32.drv	file	118784	597c94d3263aace134f3fd02b1fa7cefe0244ac5a1ea23dfe2702517fd8df922
runtime/dist-arm64ec-spike/lib/wine/i386-windows/msado15.dll	file	761856	d4421db14225ba30ddb2e78cfb6c7d8725f9d38730fba9a9b3bbc31728a0396a
runtime/dist-arm64ec-spike/lib/wine/i386-windows/msadp32.acm	file	94208	b230fcbb772875e77fa6d23df918190db8280f75bc616b1220dff3cbc23ac71d
runtime/dist-arm64ec-spike/lib/wine/i386-windows/msasn1.dll	file	163840	c5c23bc16534a58cd22c392afdd89c7e496936661361b79f3662bf1ac0e0dc3c
runtime/dist-arm64ec-spike/lib/wine/i386-windows/msauddecmft.dll	file	458752	8ecfd827d380226a445bf1b7ea4ac1e10209a541596e2ecbd9db65123145a8d1
runtime/dist-arm64ec-spike/lib/wine/i386-windows/mscat32.dll	file	53248	ecd7c2d49ba1dd5ded986ff5019169933fbe881563e486ac2a35ce0de8ab945f
runtime/dist-arm64ec-spike/lib/wine/i386-windows/mscms.dll	file	1298432	024283b5cc21a9fbab64ccc888f77a763356c3f4307f70d4942c2ceb748bad8c
runtime/dist-arm64ec-spike/lib/wine/i386-windows/mscoree.dll	file	843776	a79592605c2b4873c6377adac97f8d31c5a8fae9fc1569429e699e4b0514f703
runtime/dist-arm64ec-spike/lib/wine/i386-windows/mscorwks.dll	file	81920	bdc47bfd49a1328c3ee40dfae084059191af626dbda8d5ca4751bf5a2da7d597
runtime/dist-arm64ec-spike/lib/wine/i386-windows/msctf.dll	file	958464	e1e5af171f080f433ce617b70e34a68c92ec29251b00ae2c7e585c8fdf98054b
runtime/dist-arm64ec-spike/lib/wine/i386-windows/msctfmonitor.dll	file	73728	6441acad427b85baf4b9623cc9fb68c8fe4356a9f35a91fe75de8341d923b784
runtime/dist-arm64ec-spike/lib/wine/i386-windows/msctfp.dll	file	151552	79c61699f7ab178be0d1990456da79d3af75865270dc02445a7b9e94fcba620c
runtime/dist-arm64ec-spike/lib/wine/i386-windows/msdaps.dll	file	684032	580a695d158e270b68ec2b401503ee32987962887ae746ab4260fae8a50c32c4
runtime/dist-arm64ec-spike/lib/wine/i386-windows/msdasql.dll	file	552960	d503283cff900a482473effb68cc1c5826ee738c1a9d15c9e28d852878b84949
runtime/dist-arm64ec-spike/lib/wine/i386-windows/msdelta.dll	file	53248	60a26d7a561bc85e318bf0e2193b50fa785ccf1ee934031b2a4b2708b8e01f0a
runtime/dist-arm64ec-spike/lib/wine/i386-windows/msdmo.dll	file	401408	6fffd1dffc2865bb9dd69bb12039316dc95aea872afbabc6e685193a1480f86f
runtime/dist-arm64ec-spike/lib/wine/i386-windows/msdrm.dll	file	102400	d71a4624597bf9fca9519abe2536a15bf6838ecb9755385359bcb1d988aea773
runtime/dist-arm64ec-spike/lib/wine/i386-windows/msftedit.dll	file	348160	7143a11148b794a286619de03dc01f4b2745fe2893dbc2e871883090a5df1632
runtime/dist-arm64ec-spike/lib/wine/i386-windows/msg711.acm	file	94208	50dfa776657d572869f1913083090cc7bd7ad7c592c24c77f5f2e3d582ccadc6
runtime/dist-arm64ec-spike/lib/wine/i386-windows/msgsm32.acm	file	200704	a97ce14295dfb018975dca2c71c301a2d01edf7c020be499d39343c3656264dd
runtime/dist-arm64ec-spike/lib/wine/i386-windows/mshta.exe	file	77824	8ab00bc8a5e99dd7f6a2ddc9d1789417dd6dd6d0eb2fe28aedf5ad7a9c2965bb
runtime/dist-arm64ec-spike/lib/wine/i386-windows/mshtml.dll	file	20566016	4733df84fb373e98222b86ddc8362bba7f66c0d3b85ee6891989875bc56939af
runtime/dist-arm64ec-spike/lib/wine/i386-windows/mshtml.tlb	file	1241088	a313c292a411daf4db261cfd721c0b4b2eaee5667f55896054274f28c5da375d
runtime/dist-arm64ec-spike/lib/wine/i386-windows/msi.dll	file	3600384	1ff25797d4d13f450be12ec3d80f2a2429111a4ba6de112fad1517e887176784
runtime/dist-arm64ec-spike/lib/wine/i386-windows/msidb.exe	file	110592	e9323891d2e6987c98ebc4e579c8334a114bb1030b1a004c861e1f1a06722e72
runtime/dist-arm64ec-spike/lib/wine/i386-windows/msident.dll	file	122880	5b41bec8305e4e33288a10f219b8f8ec62452882e95c79aa272f2ab7ecac136c
runtime/dist-arm64ec-spike/lib/wine/i386-windows/msiexec.exe	file	196608	a8d9044bfebd9ee5a78fb6b703b607572ca75c1fcdf4fb7eac04106da7da52dd
runtime/dist-arm64ec-spike/lib/wine/i386-windows/msimg32.dll	file	65536	b060398f59f98799869f07022b186b4cf729682444a10e419393ae0fc86aff65
runtime/dist-arm64ec-spike/lib/wine/i386-windows/msimsg.dll	file	8192	5f20326d06b37baaea2b0f54d72009e2d923bd3b70918f97d516492d456382af
runtime/dist-arm64ec-spike/lib/wine/i386-windows/msimtf.dll	file	430080	24ea97f2b48abaea672e66d78af272e5a7a4f2bd878a0b736ef36809a0a3e1fe
runtime/dist-arm64ec-spike/lib/wine/i386-windows/msinfo32.exe	file	81920	e3530beee785930dc740de4939dc87ab9eb6f9230de5386ad42894a4e5776504
runtime/dist-arm64ec-spike/lib/wine/i386-windows/msisip.dll	file	86016	26ac213fc634a2b9621f231e1aff34c4febde72230c06c97d4a2e7abab26d741
runtime/dist-arm64ec-spike/lib/wine/i386-windows/msisys.ocx	file	69632	4b1e61ac9af041ee1d50973d14e336fb1b7c2fe89c3bf7a374697cfaed040a8a
runtime/dist-arm64ec-spike/lib/wine/i386-windows/msls31.dll	file	73728	35af941dbfe06dc8135a26560e16f99be81e90ceee5619eae8e1b5ff91c0c582
runtime/dist-arm64ec-spike/lib/wine/i386-windows/msmpeg2vdec.dll	file	471040	db9a815ea955d145e75a8f941b8b079c9a9a94abc83d8da9c34a23bb12f3a10c
runtime/dist-arm64ec-spike/lib/wine/i386-windows/msnet32.dll	file	86016	153e23e862e514cfb7e8e83468671751a061294fbfe65c37e20fe4645ce577a8
runtime/dist-arm64ec-spike/lib/wine/i386-windows/mspatcha.dll	file	172032	8da4313a86a43ad00145db02a8f6c62a2f95c7b1160bf9cdbe7dd59df8fea657
runtime/dist-arm64ec-spike/lib/wine/i386-windows/msports.dll	file	53248	2e22acdd7eae2908eaafbf43a11eb0b073fa8b24c42fcc2bd5c09de348883eee
runtime/dist-arm64ec-spike/lib/wine/i386-windows/msrle32.dll	file	139264	4de52a9d182dd821e24e733d6cfa1528b8dac5d7256e24392fbee41136adf3fe
runtime/dist-arm64ec-spike/lib/wine/i386-windows/msscript.ocx	file	372736	f7576f039ad76173b033d58c8a5903a58e845df9c664bba009d19646bf4a4428
runtime/dist-arm64ec-spike/lib/wine/i386-windows/mssign32.dll	file	90112	cd30e61820c5faadbae05e9b10918ade0bb13f65cf93e7909371c643184adcb7
runtime/dist-arm64ec-spike/lib/wine/i386-windows/mssip32.dll	file	61440	03f50d8575f4c8543408f340df62a99539aebc3b1068752b6ff638bf900c27df
runtime/dist-arm64ec-spike/lib/wine/i386-windows/mstask.dll	file	339968	24d66685a24f9d16e89228abaffdb03dde8a1c3740c1f3b25d6835197d20bfe2
runtime/dist-arm64ec-spike/lib/wine/i386-windows/msttsengine.dll	file	135168	817c90679a9086722b7469cf304ea424555448b3d18433b597a625a5e3e89aef
runtime/dist-arm64ec-spike/lib/wine/i386-windows/msv1_0.dll	file	180224	2d94ef28b7362d5f8905633aaffa15c61334da471795b07c8c97d41678eedf73
runtime/dist-arm64ec-spike/lib/wine/i386-windows/msvcirt.dll	file	430080	3e5322c5d861c9f7fba54d21f672e5b8660803e725848f3e7335357642133efc
runtime/dist-arm64ec-spike/lib/wine/i386-windows/msvcm80.dll	file	118784	6f7fe9d78bb4e5fbd9fef9b1e85ced955e64af6095c63c8759a38a564102acb7
runtime/dist-arm64ec-spike/lib/wine/i386-windows/msvcm90.dll	file	98304	4517757936f7388e8afb5aab0c3bba6221b4e3d48c4be2ff305ddd5b80e987d8
runtime/dist-arm64ec-spike/lib/wine/i386-windows/msvcp100.dll	file	2392064	d103ad4f4372f6c6a4ca25cfc57d02d175f5197fcbb402f6c1a9a215296d67c1
runtime/dist-arm64ec-spike/lib/wine/i386-windows/msvcp110.dll	file	2465792	30655e38137e26a0a0691e9dd0d983ff403f842ccdab7e3168b551581e25c2b0
runtime/dist-arm64ec-spike/lib/wine/i386-windows/msvcp120.dll	file	2457600	936ca364381fc9e508e767de9d5f64937b805fd232d13c93960030b54e3cea24
runtime/dist-arm64ec-spike/lib/wine/i386-windows/msvcp120_app.dll	file	335872	f9070d7699361407710ce267a84d9902362b7c127cb0a3f1b6739a610530784e
runtime/dist-arm64ec-spike/lib/wine/i386-windows/msvcp140.dll	file	2506752	1855e7b62753a3d63da078702eba42f6e552df2ff766b7dced5e76a639cb4655
runtime/dist-arm64ec-spike/lib/wine/i386-windows/msvcp140_1.dll	file	81920	5a609f252e02bc7a64acf72b3b7df05c9ef6f013c2a12d561be183ec958c31c0
runtime/dist-arm64ec-spike/lib/wine/i386-windows/msvcp140_2.dll	file	69632	34ebf30071e0a42a7d174a898229d0a75f867ee58623f7b73e43b5c3134c8495
runtime/dist-arm64ec-spike/lib/wine/i386-windows/msvcp140_atomic_wait.dll	file	86016	da92a25cbc31797f1797e03875d26dbc9124d2e5ca93f1b69b72664273987a80
runtime/dist-arm64ec-spike/lib/wine/i386-windows/msvcp140_codecvt_ids.dll	file	45056	45816bc53aadb81b39baf8815e5bc8193094bdfd846fddda7bd30bb5f2e0a5e9
runtime/dist-arm64ec-spike/lib/wine/i386-windows/msvcp60.dll	file	2248704	88bc94d62ff768b80c0906c479bd92774c7063aceee54d0e5cf1c1b4e8f7dba5
runtime/dist-arm64ec-spike/lib/wine/i386-windows/msvcp70.dll	file	2641920	f2b3946a97edc8414042e3cfaeda39ddf0814e249d6f1e74fcbb794a9776ac2d
runtime/dist-arm64ec-spike/lib/wine/i386-windows/msvcp71.dll	file	2617344	b0fd193193b8c83a9dc028dbab6860a1bfd3005f8178187126783cc884313e83
runtime/dist-arm64ec-spike/lib/wine/i386-windows/msvcp80.dll	file	2682880	6a3208e542835426eb5ffa5ec563e83ca79ab7ce753477a5daafa57ef9795264
runtime/dist-arm64ec-spike/lib/wine/i386-windows/msvcp90.dll	file	2674688	fe6b66178e1d36b9fc05471fa3f5783d131f8a49ce6f6b94d2e33d01bcc3c4c0
runtime/dist-arm64ec-spike/lib/wine/i386-windows/msvcp_win.dll	file	327680	66c9fcf5c93fd52477a4b0901f78d8c908118ddc99ab6af3711b319078e81766
runtime/dist-arm64ec-spike/lib/wine/i386-windows/msvcr100.dll	file	2658304	67f8a5b91338396abd6b54dbc7e44a21a128a797f3b633419ac29e2d2c1c51b9
runtime/dist-arm64ec-spike/lib/wine/i386-windows/msvcr110.dll	file	2695168	c7d43d367c17c27b0f559d59494d9abd4602221538c3607209a70523f4e47e66
runtime/dist-arm64ec-spike/lib/wine/i386-windows/msvcr120.dll	file	2928640	2e0da6bcb74e93dbcf08065f1f5de34b1d87bb95293811a634aa5d0e551f5a39
runtime/dist-arm64ec-spike/lib/wine/i386-windows/msvcr120_app.dll	file	200704	0d2c0bfba9038d7edcc423c20e0372187d14f463ce500c490f5335030a45a69d
runtime/dist-arm64ec-spike/lib/wine/i386-windows/msvcr70.dll	file	2248704	15b6dc6664abcd71b93bd74c5a12015b0255e72ed67111e192f03dff17d83bf9
runtime/dist-arm64ec-spike/lib/wine/i386-windows/msvcr71.dll	file	2248704	d0cec15f3ce8f100325bb8695a888333005614d14fc09e46a532cc69ea57ffaf
runtime/dist-arm64ec-spike/lib/wine/i386-windows/msvcr80.dll	file	2387968	d68479f890642a9a92f4fd1821746f6b24a0f3653e5efa785ff0dfbc4bd28ac8
runtime/dist-arm64ec-spike/lib/wine/i386-windows/msvcr90.dll	file	2383872	6ba8e00caf43de93b9e0aeaa787c12a01bcdc0271d20eba34e01c6433e3e79e8
runtime/dist-arm64ec-spike/lib/wine/i386-windows/msvcrt.dll	file	2318336	351d4bbed5616612757ab3195e3229daad07778fd5febd3fad4ad1ca14f1c796
runtime/dist-arm64ec-spike/lib/wine/i386-windows/msvcrt20.dll	file	114688	4401caa7f42d3665a16c54e201d13b460bb5198c9209d3be22659010307df05a
runtime/dist-arm64ec-spike/lib/wine/i386-windows/msvcrt40.dll	file	114688	fae04573c11305c8341260b2485e0393073dca5e8756913e4c3570cedff63aa8
runtime/dist-arm64ec-spike/lib/wine/i386-windows/msvcrtd.dll	file	2256896	ff219668d915636111ed871c4cb9eb025c8ff6303724e6f7c8ced65840bf554b
runtime/dist-arm64ec-spike/lib/wine/i386-windows/msvdsp.dll	file	245760	4ea6325c1e452f91945991659676e39964e7c397b9a1197a62cad1cc5402eba2
runtime/dist-arm64ec-spike/lib/wine/i386-windows/msvfw32.dll	file	286720	4c071e17f0efb7068c7f7193e699f08b8c140d2f0e4749f032282a1c5fd2b383
runtime/dist-arm64ec-spike/lib/wine/i386-windows/msvidc32.dll	file	98304	392f3ec7af2a8334fa8a2f1236c5845a4702f290dac70ec87759aa414849e086
runtime/dist-arm64ec-spike/lib/wine/i386-windows/msvideo.dll16	file	135168	fbe27dcfd690315b1ed1f0f0cbe3b2bf867444b28bdde7f01e0b86d665bb210a
runtime/dist-arm64ec-spike/lib/wine/i386-windows/msvproc.dll	file	458752	743c1736bbf686df58052d5ab9ca2ec3a10678da541416ffaeaf6ba25744eb68
runtime/dist-arm64ec-spike/lib/wine/i386-windows/mswsock.dll	file	77824	edbe4913c4b943a7b652631bcafd247a6c68d25671c590b1e314bfd7b7080102
runtime/dist-arm64ec-spike/lib/wine/i386-windows/msxml.dll	file	102400	6709604485c0f15fa6531349b1311a1704188f1a2a1453db70f48aa903316061
runtime/dist-arm64ec-spike/lib/wine/i386-windows/msxml2.dll	file	98304	502f412e76045f6a0b37beeb71b1caf58f7bef2b5bcbd3f8d984065155e5d77e
runtime/dist-arm64ec-spike/lib/wine/i386-windows/msxml3.dll	file	8626176	e7479775527e54e0512471a1d5400f50eb78faad89e71cf053b786fa38ae5bf3
runtime/dist-arm64ec-spike/lib/wine/i386-windows/msxml4.dll	file	163840	bfc400453a4d3056d47d2a7ae97b0937b3d4f0f97f9d033729c667fb45f65432
runtime/dist-arm64ec-spike/lib/wine/i386-windows/msxml6.dll	file	159744	986d2ce23244c53fbd65604a6a7ce7923ed8e196b0c3038f8f0c0debf44e85b1
runtime/dist-arm64ec-spike/lib/wine/i386-windows/mtxdm.dll	file	352256	3e1313efc64a8a6c09defa82ea254918a9d166df98982f21452171ca1f3827ef
runtime/dist-arm64ec-spike/lib/wine/i386-windows/ncrypt.dll	file	131072	cd00f98fe371ec0b8ac971b9ca11effe22745ae81b70decd1f335d31cb19cf26
runtime/dist-arm64ec-spike/lib/wine/i386-windows/nddeapi.dll	file	90112	be369707ff1095f8d9147597fffcb7548f788faae7f6b5ae5ac8c433d7f1be9d
runtime/dist-arm64ec-spike/lib/wine/i386-windows/ndis.sys	file	200704	a682cf34987a7088d9364dbb381492e46094f3ff2657e0ee0cbd0c5365cc19d4
runtime/dist-arm64ec-spike/lib/wine/i386-windows/net.exe	file	180224	a0eeeaf290e518d470c52a8897c39b0c2cadfdbb3c642355a91e0d986ba234b2
runtime/dist-arm64ec-spike/lib/wine/i386-windows/netapi32.dll	file	405504	91191e2dd581717aca4bfc26d64913901c8cf1b1e2a323be33a31b5628f992f7
runtime/dist-arm64ec-spike/lib/wine/i386-windows/netcfgx.dll	file	397312	ad90ea8db4d6cd69d673dc70d3b6367e567f9cbbe8e9e54b4fea335e64ed5f10
runtime/dist-arm64ec-spike/lib/wine/i386-windows/netio.sys	file	274432	23193e4ffab5291a8a5e990ceb3bb1ae4d9cd79bffb959379031c58efce33e47
runtime/dist-arm64ec-spike/lib/wine/i386-windows/netprofm.dll	file	204800	b573cd3a519a67644543b42d896b57cffead54dd9cad402ae7d18172c643ba9e
runtime/dist-arm64ec-spike/lib/wine/i386-windows/netsh.exe	file	77824	13dab0200b565055639a7be8f49a03266b0a3f1889f548bd7b6ce6533c2009b3
runtime/dist-arm64ec-spike/lib/wine/i386-windows/netstat.exe	file	139264	4698fd256fdd9aa912cb369189f7d72395a0f312977fb884503c3c856853f426
runtime/dist-arm64ec-spike/lib/wine/i386-windows/netutils.dll	file	90112	f2d0cec7ba185bbfaa56b53baf99b4de58da1c6b43374c91c5424a03311c3226
runtime/dist-arm64ec-spike/lib/wine/i386-windows/newdev.dll	file	86016	8a1ff5100cf63a6e2a4268782c7c4fb6db7e7ac69d962c6aa6c95b239f0a2dec
runtime/dist-arm64ec-spike/lib/wine/i386-windows/ngen.exe	file	81920	d907533845ff3845cad893549747459ef4388ec65beb694707da20491c33dca9
runtime/dist-arm64ec-spike/lib/wine/i386-windows/ninput.dll	file	77824	1d51c777bb6d40c177b127e97248f1bf387b96c2eb86a16346f4548d61e6f0fd
runtime/dist-arm64ec-spike/lib/wine/i386-windows/normaliz.dll	file	8192	405667fb46544920b4256b6c5797a6fd7f380a6b790bf06f825e40f649637a72
runtime/dist-arm64ec-spike/lib/wine/i386-windows/notepad.exe	file	376832	0f9bcaaecee49e95dce20f109a9351c166b33e952c0c25b41198b2040d020287
runtime/dist-arm64ec-spike/lib/wine/i386-windows/npmshtml.dll	file	61440	cd89ef8fc4116cd10550915ffb3d1e4b6d4a4ab7eda6cf38b33c3d2e734fc5a5
runtime/dist-arm64ec-spike/lib/wine/i386-windows/npptools.dll	file	61440	9a736709097d20e6fa2d1a7d480aba9b22652a09876d962251858926f873ff82
runtime/dist-arm64ec-spike/lib/wine/i386-windows/nsi.dll	file	106496	9f3c416eee84e87b3370579a39b28c052a6b50207b915ca8f11be1c942037398
runtime/dist-arm64ec-spike/lib/wine/i386-windows/nsiproxy.sys	file	106496	5f80f400865ceb859c15c7d808a08f4e32229c8d36029d49ebc81f223c9c548c
runtime/dist-arm64ec-spike/lib/wine/i386-windows/ntdll.dll	file	2891776	df45c7ee0556430cee231643bf17f66136be681afab281617daf79c495024391
runtime/dist-arm64ec-spike/lib/wine/i386-windows/ntdsapi.dll	file	126976	28de9e070de7e4c012f45d689a3adf005d9f45148ad28f4f6602e19ebd1c5a22
runtime/dist-arm64ec-spike/lib/wine/i386-windows/ntoskrnl.exe	file	1130496	c32bd77cfa952b7e5c0f225f3a15f4bcf24ae0ed7ba672e25f0c8f4fa7a1eda2
runtime/dist-arm64ec-spike/lib/wine/i386-windows/ntprint.dll	file	81920	0057e13312d513ce5f19a930ee72f9fc0522142302a2d7f5350043f063903ffc
runtime/dist-arm64ec-spike/lib/wine/i386-windows/objsel.dll	file	385024	e0a633ef86aa43402180c12738ad278672ded8f13d41c7a535e3c377df5da123
runtime/dist-arm64ec-spike/lib/wine/i386-windows/odbc32.dll	file	528384	b0f3d94b5d369be1348535037b5118d47f03d15cc050fbc1e83b8e9276e6087b
runtime/dist-arm64ec-spike/lib/wine/i386-windows/odbcbcp.dll	file	57344	373295ab34cde35034a36bec83e15a60d393cf5c6b55f2daa7f8903843a7dc9b
runtime/dist-arm64ec-spike/lib/wine/i386-windows/odbccp32.dll	file	155648	af201efdddb2b84f1a99d29fe4edd11ea34df299ef440ee09385cedd246b3b8e
runtime/dist-arm64ec-spike/lib/wine/i386-windows/odbccu32.dll	file	57344	18f2ea1d375f84a87e5450e15787d84c5b64d6e514f41567b807fb66883fc7ac
runtime/dist-arm64ec-spike/lib/wine/i386-windows/ole2.dll16	file	454656	956dbcea9dc25c28dd7cee8674ad2a737432aa3f09e2ffc95012deb346c76378
runtime/dist-arm64ec-spike/lib/wine/i386-windows/ole2conv.dll16	file	53248	1b4bc32cf39932e87ce5fbca73e46da864221d2c506a645f2c3296760fe7bc29
runtime/dist-arm64ec-spike/lib/wine/i386-windows/ole2disp.dll16	file	139264	b09a801790a7dd7b95666821e74382ea252c39d01a37c5c3a954dcbe4475aaed
runtime/dist-arm64ec-spike/lib/wine/i386-windows/ole2nls.dll16	file	69632	85c9440916d9d91d6b1cc89260d1ea12f06f998720d534c0b992e462c2169c55
runtime/dist-arm64ec-spike/lib/wine/i386-windows/ole2prox.dll16	file	53248	e3cc52956cfd3cec4ecfaa31b51c2553c82286204cbc74ee351848044aedef5f
runtime/dist-arm64ec-spike/lib/wine/i386-windows/ole2thk.dll16	file	53248	c0b01a426f0ad2afd4571146361d55341e0903bd9c1de9068594215318d6c1e9
runtime/dist-arm64ec-spike/lib/wine/i386-windows/ole32.dll	file	2670592	695e0dc6cebe2321258d1744f2fcbc4c3136778acd4210d4120070a4ab6b6e3b
runtime/dist-arm64ec-spike/lib/wine/i386-windows/oleacc.dll	file	446464	6e42771cab0e37617a22690a1074066b6ffcfb01e3e07f30f7730d77d1b35056
runtime/dist-arm64ec-spike/lib/wine/i386-windows/oleaut32.dll	file	2306048	3891ffb07371e9c604f95755ea5b84137488757e988df74873759b6bda6ad791
runtime/dist-arm64ec-spike/lib/wine/i386-windows/olecli.dll16	file	110592	ed09590f4de052e3fc41cf8bbec490adc52ec2ca76be89f001300803dd28f603
runtime/dist-arm64ec-spike/lib/wine/i386-windows/olecli32.dll	file	86016	6ec29c2e1ae13b60cf38848861700fc11a7e2dabaf682c6d350b57298aaa602d
runtime/dist-arm64ec-spike/lib/wine/i386-windows/oledb32.dll	file	798720	ce3d20d1865b12f07949904ddf4d560d95df06a35a08224419f0f43480ce7ab1
runtime/dist-arm64ec-spike/lib/wine/i386-windows/oledlg.dll	file	352256	4e78d60ecd8af88077eb71f18cb2bfabfc8b989a768c120ec6822585934c3a59
runtime/dist-arm64ec-spike/lib/wine/i386-windows/olepro32.dll	file	86016	10d3c7ea2a3cf3de73a17505839a4ed8554fc88cb9ef7106e058e8e6d2949aa7
runtime/dist-arm64ec-spike/lib/wine/i386-windows/olesvr.dll16	file	73728	c44cbd93a55c6e07eb244c1aa978ca8d69c45bf86b398e2903531822f56fc84c
runtime/dist-arm64ec-spike/lib/wine/i386-windows/olesvr32.dll	file	69632	e5e97220e0d5e32395160fee78773c5a941599addb8443908d74953e1bfa71da
runtime/dist-arm64ec-spike/lib/wine/i386-windows/olethk32.dll	file	57344	77fb0e8d9faa0f5f9e428cef78fb3a27c05e5e35619429a675e21f76c8ddf42c
runtime/dist-arm64ec-spike/lib/wine/i386-windows/oleview.exe	file	860160	ba6a384efa5ba80b5a4badb5e9c213f521c2319a6afdaa102742c0197767327c
runtime/dist-arm64ec-spike/lib/wine/i386-windows/opcservices.dll	file	417792	b1b7e832493b55e09d07e31c1f862f9ca89949fcc5047d9c3cd4238ca12832e0
runtime/dist-arm64ec-spike/lib/wine/i386-windows/opencl.dll	file	172032	2480a1b67767d5ebabb0b349a6f615e1c2b29ddb6c9b304657f0871e76968e95
runtime/dist-arm64ec-spike/lib/wine/i386-windows/opengl32.dll	file	3432448	563bba5a8a9386d4f51ba14d88a0a615f60d9590f76a550e3d84bfbf1907ad52
runtime/dist-arm64ec-spike/lib/wine/i386-windows/packager.dll	file	135168	e7c8931cd036b161e68511db3106547cc5f8be0db8bb6a00f1a339e35d208189
runtime/dist-arm64ec-spike/lib/wine/i386-windows/pdh.dll	file	163840	8cfde1b45863b1bcd2867d8cb68a42385faf2775ee56b0e98f1d00ed37dee9eb
runtime/dist-arm64ec-spike/lib/wine/i386-windows/photometadatahandler.dll	file	65536	4aa0b60fcb485c366fe15da5422a04b750277a264c6286881f22a115f9815c82
runtime/dist-arm64ec-spike/lib/wine/i386-windows/pidgen.dll	file	77824	36f32a6bba5cea6b3de3ffefc1086ace243dfaad8ecfb13db3d391cb2aeeb6f1
runtime/dist-arm64ec-spike/lib/wine/i386-windows/ping.exe	file	86016	5935f847d71e28fcbbff65ea456379e8bccc38fbf4f6ba93c1a4d2ca4328edd8
runtime/dist-arm64ec-spike/lib/wine/i386-windows/pnputil.exe	file	77824	18af9eae39e16aa0766af6055fbba3e85289357b43e029eead248ff3e378b91f
runtime/dist-arm64ec-spike/lib/wine/i386-windows/powershell.exe	file	81920	175c9881b0d7ad468d2058b94d7469a1303bbabddeb32490182157445aae0467
runtime/dist-arm64ec-spike/lib/wine/i386-windows/powrprof.dll	file	122880	9b7d8c313dd3a4d5f6babe8262cdac68750d5d305d040b1712ebb3ed2416fed1
runtime/dist-arm64ec-spike/lib/wine/i386-windows/presentationfontcache.exe	file	77824	9bf2b4853857dadab1e8d93dc88ef3fd5c52f27c2746f5fab72bf183ccc70bd4
runtime/dist-arm64ec-spike/lib/wine/i386-windows/printui.dll	file	90112	3f891ea9ae764d7d9438e0c6382ec62b5f182e4460880d5a5d39a96950b3d82f
runtime/dist-arm64ec-spike/lib/wine/i386-windows/prntvpt.dll	file	253952	2f0fd447c0cdac8157bacdac74f8dad30295aae03310afc0e3f1e993405513b9
runtime/dist-arm64ec-spike/lib/wine/i386-windows/profapi.dll	file	53248	11213993ce40c5324f45a85d49b78e69402a2c7a4677dc5e8f99f9fee1111b63
runtime/dist-arm64ec-spike/lib/wine/i386-windows/progman.exe	file	397312	5088258640549b087d1bef09021c235173e3e20f7669c4ffc0eef27ef3cf378c
runtime/dist-arm64ec-spike/lib/wine/i386-windows/propsys.dll	file	618496	30035cfc5534b799012898cd7e22eb264086bd77979828bba6baf91553abfe84
runtime/dist-arm64ec-spike/lib/wine/i386-windows/psapi.dll	file	61440	ebc82bf93a0247b3c9f62aa7e79d04779db9908b177d8206559c7b1036d0a042
runtime/dist-arm64ec-spike/lib/wine/i386-windows/pstorec.dll	file	126976	1bee4eed1e3df32f4b42d49fceecae7c665ac193ffe25451edd7ca50a3449a18
runtime/dist-arm64ec-spike/lib/wine/i386-windows/pwrshplugin.dll	file	57344	8122d434fcec72839fba63d7b375d54e8a35711aafeb64c234e0aaf9f5231801
runtime/dist-arm64ec-spike/lib/wine/i386-windows/qasf.dll	file	851968	39447896b2fe3b6bb29168a03e6fe3ef57a3d93cec623d466615ed1d96a4ea1d
runtime/dist-arm64ec-spike/lib/wine/i386-windows/qcap.dll	file	1052672	6cf432b56ddc8950fe2277eaf2f1010cb41acf9c9fd4dc98f149696599d08cd1
runtime/dist-arm64ec-spike/lib/wine/i386-windows/qdvd.dll	file	573440	835e0b94350be10c867c27e68afa7cedeccdae1713675f385fcf81a9c613646a
runtime/dist-arm64ec-spike/lib/wine/i386-windows/qedit.dll	file	978944	db6613cdac5f45d0a080a29770b40d119e571fb02c0690936f15675587edf062
runtime/dist-arm64ec-spike/lib/wine/i386-windows/qmgr.dll	file	569344	b9ed76e04645d255174e0ddda4fcc59af01e653196ffde18b8c4877b406490b6
runtime/dist-arm64ec-spike/lib/wine/i386-windows/qmgrprxy.dll	file	118784	70c792461cc5c8b08f467a8e0cb6a8e9b944b508cd9519b2b6d79170eef74de7
runtime/dist-arm64ec-spike/lib/wine/i386-windows/quartz.dll	file	2203648	414bd162d672cb7afb563c4515242a8c7150cb458660de2ac96da5bbf1530b9d
runtime/dist-arm64ec-spike/lib/wine/i386-windows/query.dll	file	98304	f0647b8f446a3880e13883c3a3bc96a9481b648933c3f4e603a18a3e4bd57c38
runtime/dist-arm64ec-spike/lib/wine/i386-windows/qwave.dll	file	69632	4d904bcbe815dc779866dffb6599a904ba78c5149a655f72ca0321e1fa284a75
runtime/dist-arm64ec-spike/lib/wine/i386-windows/rasapi16.dll16	file	53248	1c68c2b2589b4a0b250a69358c0504fd39750c87528214969cbd5bc0b5e49e56
runtime/dist-arm64ec-spike/lib/wine/i386-windows/rasapi32.dll	file	139264	be3263be7601abad1ff5e6eb2f6b70f0c313f2210957e89f2a235f5fd5f61100
runtime/dist-arm64ec-spike/lib/wine/i386-windows/rasdlg.dll	file	77824	c30c418bb82e68d1b31566d13d163cf44529a0b64610ab5a99f6a972e54b1d9a
runtime/dist-arm64ec-spike/lib/wine/i386-windows/reg.exe	file	536576	c87c5f7182e0ff1c3a51a7ca644cc8ec0883484718ad55193a93a86f1c8e9ae5
runtime/dist-arm64ec-spike/lib/wine/i386-windows/regapi.dll	file	69632	3b6846e5f24df8b182d2ce5fea6c298f3396d314b056109a25c75d34500a8935
runtime/dist-arm64ec-spike/lib/wine/i386-windows/regasm.exe	file	77824	d3e08e9db2f9f7b5ab545e04b5443f248a075789f2e7c33f4cd175c803701199
runtime/dist-arm64ec-spike/lib/wine/i386-windows/regedit.exe	file	950272	013c5f0ea0973e8d3137ac2d10ae6bb37b166c01514cd5b15d495a3218d5b885
runtime/dist-arm64ec-spike/lib/wine/i386-windows/regini.exe	file	77824	db2c4c646470ab37e2bc52242aed78906e06d38fea5c5b613740033e765eb977
runtime/dist-arm64ec-spike/lib/wine/i386-windows/regsvcs.exe	file	77824	ef11ca86e279d3e3a892b748f252de72ac06db25e6944e6decd7303fbd930e71
runtime/dist-arm64ec-spike/lib/wine/i386-windows/regsvr32.exe	file	176128	de1f4a6c7c548fce0a969e7a2a6ef97a2bf64d14569ae589c73aa0cd77839138
runtime/dist-arm64ec-spike/lib/wine/i386-windows/resampledmo.dll	file	528384	71ff1fb6b00a78f51896663ecb13ffa8c8707bb99a85d2543573b8d68e6983a0
runtime/dist-arm64ec-spike/lib/wine/i386-windows/resutils.dll	file	73728	b163cc3bf67cbdfbe9e2c78c72376faf9dd37f60e5f7e639433f34099614f5a6
runtime/dist-arm64ec-spike/lib/wine/i386-windows/riched20.dll	file	1990656	0276e38709d21e48103863b780a8a6963adfa9f4b37b2e9353c0aab78c75d7de
runtime/dist-arm64ec-spike/lib/wine/i386-windows/riched32.dll	file	69632	624433310f0bd7e21e3f205a27403f9e0234adbb3c75af9d0ad0394752f3d998
runtime/dist-arm64ec-spike/lib/wine/i386-windows/robocopy.exe	file	81920	1bb5bb9e21bd2f1ec980c3475c3ca5b6f8c2e3ee7ea73c0a022a1e8f930b0eae
runtime/dist-arm64ec-spike/lib/wine/i386-windows/rometadata.dll	file	286720	7ed46054ff0928b52eb27926ee7640132fc3aa3343a3889de70aace06ad7d3fa
runtime/dist-arm64ec-spike/lib/wine/i386-windows/rpcrt4.dll	file	1941504	03f054aa7e6b49c884a4a017f266f0dc6493f3ccc76c18f8a0755152c17c6d4f
runtime/dist-arm64ec-spike/lib/wine/i386-windows/rsabase.dll	file	49152	6b4a294ebe2156be6bf87e019e7fff2b33a696b72aae6be811043dd8a8d39c39
runtime/dist-arm64ec-spike/lib/wine/i386-windows/rsaenh.dll	file	884736	b3f2d4f4e2869229d0995b1a11081d76e69dce80e924184fa691e8883d34cfca
runtime/dist-arm64ec-spike/lib/wine/i386-windows/rstrtmgr.dll	file	73728	4120acc09002a924ad2cb9dd3ea15b35db7ecfdc230c74bdf6556cad02a0613d
runtime/dist-arm64ec-spike/lib/wine/i386-windows/rtutils.dll	file	81920	487816ec02bad66a6583ad8b56ed532e5d5413fa09e549207368f17f188fa9f7
runtime/dist-arm64ec-spike/lib/wine/i386-windows/rtworkq.dll	file	155648	8748920639bef64eba19dd57c114112bff85139785cbf5f204d438ba8defe200
runtime/dist-arm64ec-spike/lib/wine/i386-windows/runas.exe	file	77824	c1c466f243133ca3d580638011830c22d9847b7a2faba97708699a5e8c57f3c8
runtime/dist-arm64ec-spike/lib/wine/i386-windows/rundll.exe16	file	98304	9966d9a76627e2ca06e2fc11b7630996eeee4b03fa7e1c217c0e837fa3d7ba41
runtime/dist-arm64ec-spike/lib/wine/i386-windows/rundll32.exe	file	122880	7992a921bebf83b39572f2341ffbf6a081ade7b28241414591b63c5be399a0d2
runtime/dist-arm64ec-spike/lib/wine/i386-windows/samlib.dll	file	65536	51ee591d5f504af6d84a893c6baa50ec5cf4f70fd6f26b4e95bfe892937b60ba
runtime/dist-arm64ec-spike/lib/wine/i386-windows/sapi.dll	file	1060864	2259097e0e22614426fa6ec32b78c5483aecfba20bb98006c81cce8c264fdfac
runtime/dist-arm64ec-spike/lib/wine/i386-windows/sas.dll	file	53248	cbfc04d0a04c7589ea50caf1e12ef241ae2308317e8324318c782f832b6d348d
runtime/dist-arm64ec-spike/lib/wine/i386-windows/sc.exe	file	94208	5748b3dd2a2841a8d2cdc25881b3153f4e54cf1361ee7240699d5a3b890c6b6d
runtime/dist-arm64ec-spike/lib/wine/i386-windows/scarddlg.dll	file	53248	d60b4c82c76fd789727a7639c94eadb1c51d380282db6bbd6b6f7c1ea24c7dc0
runtime/dist-arm64ec-spike/lib/wine/i386-windows/scardsvr.dll	file	65536	14ad5ad91d8c8c1e3c5584a2960957bcc524b26b6900313eac2c3e425bd045aa
runtime/dist-arm64ec-spike/lib/wine/i386-windows/sccbase.dll	file	65536	df81e275897c1cb1df56ae0e61227d2e748f59ef5b993b58b3c240b6c38b51b0
runtime/dist-arm64ec-spike/lib/wine/i386-windows/schannel.dll	file	98304	fd3d9850f3bbb45207b5e0bbe38953dd4228b8e676a884cff0093c0a53e7bad5
runtime/dist-arm64ec-spike/lib/wine/i386-windows/schedsvc.dll	file	245760	bfb2887b44ad15475464a0b6ae4bba546cedcbda1b65271c66ee1115ef53f93f
runtime/dist-arm64ec-spike/lib/wine/i386-windows/schtasks.exe	file	151552	193b53c3bcf44b65d5b50917d1082e4fa29e82b3891820af21f52cb8383abff6
runtime/dist-arm64ec-spike/lib/wine/i386-windows/scrobj.dll	file	516096	310224f299eb69cb9c0ebaa0b13531535df566fec73f1a915d0f22e1638bbdff
runtime/dist-arm64ec-spike/lib/wine/i386-windows/scrrun.dll	file	692224	36850f94db3bf6b80e49582ba8836f822e0b285d66844378ca846946e4352920
runtime/dist-arm64ec-spike/lib/wine/i386-windows/scsiport.sys	file	102400	6bcbbbc2f77f4b7d3cf58fcf441a7be388809e93d15c30f70b23ecc2e89c8825
runtime/dist-arm64ec-spike/lib/wine/i386-windows/sdbinst.exe	file	77824	510551378d7a84d5f9a640857659f857b83b09212c6bef5968b6781e7556d64c
runtime/dist-arm64ec-spike/lib/wine/i386-windows/secedit.exe	file	65536	8f096694986355e79a8cbbac9d73d9b6bb1578aa0678a7c338681a432d8d7242
runtime/dist-arm64ec-spike/lib/wine/i386-windows/sechost.dll	file	380928	0a1c9f8d8d917943ff65265e3bd65ad2c2bb8b9b7f585c293627dfac5cefb7b3
runtime/dist-arm64ec-spike/lib/wine/i386-windows/secur32.dll	file	471040	f84025ad23335ada8066ee90967b10e64ecb97e913d53cc93d0d1c6d87cf22a9
runtime/dist-arm64ec-spike/lib/wine/i386-windows/security.dll	file	8192	61b57586694ea06a696d28ec6db7c36865b218a4a99cef9006014a1b17f7322c
runtime/dist-arm64ec-spike/lib/wine/i386-windows/sensapi.dll	file	65536	8bcedb0bac40451cbd7f21d3b95d36f89cf75ecc7a122362e6c79ce7cf9aa81d
runtime/dist-arm64ec-spike/lib/wine/i386-windows/serialui.dll	file	118784	bcfcddd9a1bdb4c36e1ebddcf1dcdfdc37bf9dc0163cef5499e54d0bd325ebed
runtime/dist-arm64ec-spike/lib/wine/i386-windows/servicemodelreg.exe	file	77824	5d354b885784d0ec64bfb2fcfbe5cad7d4997d00b2d27518a147faa5a3896eaf
runtime/dist-arm64ec-spike/lib/wine/i386-windows/setupapi.dll	file	1507328	097338f868cecf7ca9cdc39d1de043b34707eda948c713fb44f0ba6e43c1ebba
runtime/dist-arm64ec-spike/lib/wine/i386-windows/setupx.dll16	file	237568	28626a7ccc36f84554a4faa572ccd3fdfe85ecd59131250e025fb0aa6a845f00
runtime/dist-arm64ec-spike/lib/wine/i386-windows/setx.exe	file	81920	5363d2395c8aabab3e3bcf27a463cd526d58af7b64fd58a31ef2f4e0e54b2ddf
runtime/dist-arm64ec-spike/lib/wine/i386-windows/sfc.dll	file	8192	0057b2e740bbffcedf1bc1c0b706b38bd1d89674b826882386532b0f70215411
runtime/dist-arm64ec-spike/lib/wine/i386-windows/sfc_os.dll	file	77824	8562e7e8d3bb2d0aa9bdad0c19636602e53124a26dc6d0a50f91ac6925806d70
runtime/dist-arm64ec-spike/lib/wine/i386-windows/shcore.dll	file	249856	072a7e3ea9fd613625c586e0365fffa5e5a618bca21147e0b51d5d3d5001c135
runtime/dist-arm64ec-spike/lib/wine/i386-windows/shdoclc.dll	file	221184	6b7c0b0c1cf5c13e952391870767f67721255b25c25b30c86191c9009d49c3eb
runtime/dist-arm64ec-spike/lib/wine/i386-windows/shdocvw.dll	file	512000	78207c33ae51170fb807e479d9f3eb8f81dbf898c651adc04d51a3b2dcac3332
runtime/dist-arm64ec-spike/lib/wine/i386-windows/shell.dll16	file	114688	9675ad92aca040fc426ebc414ffc55ac34eea6f883d9afb97db43c28428db7b4
runtime/dist-arm64ec-spike/lib/wine/i386-windows/shell32.dll	file	12386304	034b376dd14562224eb5d666cd95539a267d3f39e1917497056558db24f265b2
runtime/dist-arm64ec-spike/lib/wine/i386-windows/shfolder.dll	file	49152	7bef5845aea3801906c2d1177998f429ddcabfed94150efde1fc3da63bcf85de
runtime/dist-arm64ec-spike/lib/wine/i386-windows/shlwapi.dll	file	958464	3ebecce27e9a81a1814eee2afcfc9f4c6b7e10f2eef80cfe044cc59a58929ae8
runtime/dist-arm64ec-spike/lib/wine/i386-windows/shutdown.exe	file	77824	c3335b7fb9c1fd641a784a239c0bb58670550aaa0b5134288cf2d50c64ddc14c
runtime/dist-arm64ec-spike/lib/wine/i386-windows/slbcsp.dll	file	65536	b3e4959e53940822a3cf293dafe338817d450b8366f9671424581f4f2a65d909
runtime/dist-arm64ec-spike/lib/wine/i386-windows/slc.dll	file	94208	55d346374c0191ea09a5752e9e7ebcab73ca8bf5d6db8dfd2f4836790338cb2a
runtime/dist-arm64ec-spike/lib/wine/i386-windows/snmpapi.dll	file	106496	a0bdea2874952d9098c4745468aee01f868309a1f2128e197d9a2226f5373bc2
runtime/dist-arm64ec-spike/lib/wine/i386-windows/softpub.dll	file	53248	9f528720f05112012f7d53d9bfac3d0ad87a6796ccceebea1b9ba9b08f4f38a5
runtime/dist-arm64ec-spike/lib/wine/i386-windows/sort.exe	file	94208	f4d292247958687b78718a7b78a1c95728ca9c2a23f7768475940549aba6adf2
runtime/dist-arm64ec-spike/lib/wine/i386-windows/sound.drv16	file	69632	3718c694b4d902f5b05484e530dbfed2fedf4c38f1461089384f200c011043ac
runtime/dist-arm64ec-spike/lib/wine/i386-windows/spoolss.dll	file	151552	393d625840e0d5d6aa9aa1b64c2c03db35784747b184d9a4d9ba39043064509e
runtime/dist-arm64ec-spike/lib/wine/i386-windows/sppc.dll	file	86016	8833f305cfae85bd0917c6a4cd65f9e1911a7d9b8c4b2f3cc0ca40dc93b5e17d
runtime/dist-arm64ec-spike/lib/wine/i386-windows/srclient.dll	file	53248	33311a4c9fb3d16654f1e5e976477928a1dc75db597db162288beff40c90315a
runtime/dist-arm64ec-spike/lib/wine/i386-windows/srvcli.dll	file	61440	844e9b83fd841e5bd1ef770b0730541caca552d8502f975067a9c4e99262dc70
runtime/dist-arm64ec-spike/lib/wine/i386-windows/srvsvc.dll	file	65536	1bd5dc91278bd44e09e81a8fc050a9b650ba22df9d8899bc618a1623a82daf08
runtime/dist-arm64ec-spike/lib/wine/i386-windows/sspicli.dll	file	81920	467d92015bc0d32fe7fc74e47abdd7121c76ff1cfaa5cb2f24bb8e33ea0a602b
runtime/dist-arm64ec-spike/lib/wine/i386-windows/start.exe	file	217088	c328bec3dc732aadb4dfc3c60a9fd0fd2674b005c6add4a8c1515fe14876c69e
runtime/dist-arm64ec-spike/lib/wine/i386-windows/stdole2.tlb	file	24576	39bb783b630ae2771bdeb1ff56c5b92a46b3eca7414bb5e52ca8f024c81e2b7e
runtime/dist-arm64ec-spike/lib/wine/i386-windows/stdole32.tlb	file	12288	c909b82a048bd39c174649adf14720f4ec49e675645b06a464a278749804223d
runtime/dist-arm64ec-spike/lib/wine/i386-windows/sti.dll	file	450560	c3740934fdd313a7b062d1f6f4b2fdfba57eff9dd32f16dec3ae7b971a709960
runtime/dist-arm64ec-spike/lib/wine/i386-windows/storage.dll16	file	450560	847338c08286f7db7890d6209886a83955bebd7fd982b70da381fddde4ccaca5
runtime/dist-arm64ec-spike/lib/wine/i386-windows/stress.dll16	file	69632	05b2ae18365f431e89c3ff092959ffed2779d78a2828263e0922997587008e36
runtime/dist-arm64ec-spike/lib/wine/i386-windows/strmdll.dll	file	57344	3778a38b85d2c9e4c3bf06c6972b45020407cd1888eeefe8912d7ef5a0e7274e
runtime/dist-arm64ec-spike/lib/wine/i386-windows/subst.exe	file	77824	62a5f67bcee33ef04082f6ce40991573447a423db4a102e0cac9f95c97ddf658
runtime/dist-arm64ec-spike/lib/wine/i386-windows/svchost.exe	file	94208	bfd5073c7ab3c8797db584c96bb7be60ffc7c57fe09847732e30e82935851ffe
runtime/dist-arm64ec-spike/lib/wine/i386-windows/svrapi.dll	file	53248	f02c7953e5f7ef08d5e81752af1b66fd5bc162ee1c40b15a2ff4ffe9e8de9614
runtime/dist-arm64ec-spike/lib/wine/i386-windows/sxs.dll	file	208896	2a40a76b71572b87298f7ffccd49a5f7bbb164351b0b5d1e1817df11a7426581
runtime/dist-arm64ec-spike/lib/wine/i386-windows/system.drv16	file	90112	0c135d326c1fedda2685160497ae6b29a3ef698fa2ec30c795c91f91cf70d544
runtime/dist-arm64ec-spike/lib/wine/i386-windows/systeminfo.exe	file	131072	474f634b0e6ab2b631618310fed153d7e8574a0c393891638090a467e24466e8
runtime/dist-arm64ec-spike/lib/wine/i386-windows/t2embed.dll	file	86016	2cc31830209c2ab953f4cf325c042becd2a40cec678135db9faa718cec4a8b0e
runtime/dist-arm64ec-spike/lib/wine/i386-windows/tapi32.dll	file	327680	9dbc03df904f1ef0395c36c9fe85428f71c2e6b320897972ecda94c26a0089cf
runtime/dist-arm64ec-spike/lib/wine/i386-windows/taskkill.exe	file	163840	7958db0fe66d76b66cd1bf8807e6d9e98900f777618bbce115edb517614784fe
runtime/dist-arm64ec-spike/lib/wine/i386-windows/tasklist.exe	file	147456	ceccfd423d1ed8c6e437f4c66afb0672032775ff6680706f3e79ad2e58135bba
runtime/dist-arm64ec-spike/lib/wine/i386-windows/taskmgr.exe	file	1024000	bcb1d5d3300655eabd0da5f0fe1ad03fdc6a460f49952a583b3d35de18d2b4c4
runtime/dist-arm64ec-spike/lib/wine/i386-windows/taskschd.dll	file	634880	947e59e6933e2a699bc3ccde8ae7939c1c44f9397abe2cd1db1837561d5beb94
runtime/dist-arm64ec-spike/lib/wine/i386-windows/tbs.dll	file	73728	0945dd14b4050e15128fa25a0bc3aba6f8e52d93e04950425c7e12031cd33f1e
runtime/dist-arm64ec-spike/lib/wine/i386-windows/tdh.dll	file	81920	856fa61bbb70fadebf1cfa7eaf093fff0ba83af85906adf7a3423acec211e747
runtime/dist-arm64ec-spike/lib/wine/i386-windows/tdi.sys	file	102400	cbbeeccb1fb72a254c1af6737a7e3af4ae61d65326b0c1bd9aac4f7df34b30af
runtime/dist-arm64ec-spike/lib/wine/i386-windows/threadpoolwinrt.dll	file	409600	ce217223295b0a931dd6e46fc37acc0f3ab8f8bcfa5ea8505700e9f4b4b1258a
runtime/dist-arm64ec-spike/lib/wine/i386-windows/timeout.exe	file	77824	b1d60df5e9ee956c91638953ade58eefcb86955b463cd3146f6693740c23994c
runtime/dist-arm64ec-spike/lib/wine/i386-windows/toolhelp.dll16	file	126976	1ef60988e448e76b3f2f8119317289d6a5726d78408a956613729428eb6aecae
runtime/dist-arm64ec-spike/lib/wine/i386-windows/traffic.dll	file	73728	940b9f8047c0cb804580310f5615ed199ab47150807e3aef0143661b6cd99dae
runtime/dist-arm64ec-spike/lib/wine/i386-windows/twain.dll16	file	65536	17aa9c9945f7104684f778c31c892eec89640ce7a97cd2ce84600751e97854b5
runtime/dist-arm64ec-spike/lib/wine/i386-windows/twain_32.dll	file	53248	e3aa8d525ad9a16dd4f0101392749e881a13024ea1ef6c7a551263b29b745ed7
runtime/dist-arm64ec-spike/lib/wine/i386-windows/twaindsm.dll	file	114688	ae820c5df2402fd267b5e1019bff74856c79a121e3b472a3c32829b8b802284e
runtime/dist-arm64ec-spike/lib/wine/i386-windows/twinapi.appcore.dll	file	380928	7ff299abdf5d1594149f73d1031216fe44b79612fd747fce09d9fece35238cca
runtime/dist-arm64ec-spike/lib/wine/i386-windows/typelib.dll16	file	102400	7c0838b06e1d902a8b399e0c66a8a9c69cb43c2e9ff534d11a070071a9fac311
runtime/dist-arm64ec-spike/lib/wine/i386-windows/tzres.dll	file	532480	56559b53814a6cb36937afac99e41034ae262f408948d3025a52b8ee98a97c05
runtime/dist-arm64ec-spike/lib/wine/i386-windows/ucrtbase.dll	file	2961408	b0f98e450721c4c8ab244b592c1c6727094734cd2f55248f20a7d8e0d75ce5ba
runtime/dist-arm64ec-spike/lib/wine/i386-windows/uianimation.dll	file	462848	26d1a40c65ea1a50f88126e5adac152e10fea1778bf123a789d70c1fe6eee2e6
runtime/dist-arm64ec-spike/lib/wine/i386-windows/uiautomationcore.dll	file	1355776	1ae9e3bf3e253b3dd57b407c07667efad7caa51363e7ea0ae3cb287a3afe84c9
runtime/dist-arm64ec-spike/lib/wine/i386-windows/uiribbon.dll	file	405504	d7a51a23f86f5ad21aaa4b7ba81261e804fb35a9bad2a52c280652e6e1c69278
runtime/dist-arm64ec-spike/lib/wine/i386-windows/unicows.dll	file	172032	3ae919650e57f8a91c13f86c64bff7288756a052e72580ad2a967b1e77b4ca23
runtime/dist-arm64ec-spike/lib/wine/i386-windows/uninstaller.exe	file	147456	eb4a1d313f06a72a80e1b9665ead71ca73f797110bd95d9426122e79bc8b7ac0
runtime/dist-arm64ec-spike/lib/wine/i386-windows/unlodctr.exe	file	65536	5825279bebbfe5023cee9ab7e3c2fed260766d9fc18fb99ebf122f0dedd43a1d
runtime/dist-arm64ec-spike/lib/wine/i386-windows/updspapi.dll	file	69632	48824c67364467c06fc79355abbfa3e8cb18a37d6f6d5edbef3d2afd3efb4ee3
runtime/dist-arm64ec-spike/lib/wine/i386-windows/url.dll	file	77824	babb9c59004a31ab46e2bdf34d39d421561c3f3ebf63748c52a6bc61a39def53
runtime/dist-arm64ec-spike/lib/wine/i386-windows/urlmon.dll	file	1822720	8b678a6e0a012f1c3438a55f06964f4f2fc1395d1f2f57e7a59434abba722352
runtime/dist-arm64ec-spike/lib/wine/i386-windows/usbd.sys	file	114688	02c8a68a88344f6d08ac81f0e4455277a964ecf67e440c8371ef46d8dc6d7fc5
runtime/dist-arm64ec-spike/lib/wine/i386-windows/user.exe16	file	839680	ced8977ca801a9249461deb064954be1d11d7355817d04fd886746e4c02bfffb
runtime/dist-arm64ec-spike/lib/wine/i386-windows/user32.dll	file	4464640	7d1a19e45135f03f723794b894ec64ca5d33cb2999bff064f4bcd42c723f9075
runtime/dist-arm64ec-spike/lib/wine/i386-windows/userenv.dll	file	118784	d9d34413bd04537a76bee6cc3b221484d42f1c5bbca81ee896a4bfea301e2dec
runtime/dist-arm64ec-spike/lib/wine/i386-windows/usp10.dll	file	8192	adcdf598b3cb44d3d277dd9b46834f293c53a315f7bd5cabbd3269511f7c1ff5
runtime/dist-arm64ec-spike/lib/wine/i386-windows/utildll.dll	file	57344	922809fe122df52c1272f5910ff4e98545ea959de067e9f301a44de04969d020
runtime/dist-arm64ec-spike/lib/wine/i386-windows/uxtheme.dll	file	499712	222703a0cf1e4d830d94d40c8904600b1f02eb252f76177de56e363a87cc0c50
runtime/dist-arm64ec-spike/lib/wine/i386-windows/vbscript.dll	file	1273856	72ae7566da7f6e3ebda2693e4b7588d8d797f959727ea1d421b49c615ac5bc92
runtime/dist-arm64ec-spike/lib/wine/i386-windows/vccorlib140.dll	file	405504	d0170eb6465d5e673ee9e065f3df09f008e107768c7c9d3d0c67186a139c3718
runtime/dist-arm64ec-spike/lib/wine/i386-windows/vcomp.dll	file	159744	520ba5d43addc62727425e70d3653161125ea3f6b43c02665aa7e4c3eb96cdcc
runtime/dist-arm64ec-spike/lib/wine/i386-windows/vcomp100.dll	file	159744	32b6a65aed72a4635eb4816b014fe9c5a9335f3a378b6dc424e7058d94d476a9
runtime/dist-arm64ec-spike/lib/wine/i386-windows/vcomp110.dll	file	159744	7c5cfd3e21d5073046058e99dabd04b0f33d8e64eef929e81143d808a57ab820
runtime/dist-arm64ec-spike/lib/wine/i386-windows/vcomp120.dll	file	159744	331413d5f17f90f7e1311324609bd8a74a8a8a1b9ec44038be1e839bdce6f973
runtime/dist-arm64ec-spike/lib/wine/i386-windows/vcomp140.dll	file	159744	f8704b9d3d9b2504bbe13c53f672fead6729c3cdd84db2ea23a81161bde438c4
runtime/dist-arm64ec-spike/lib/wine/i386-windows/vcomp90.dll	file	57344	da385495cc8dc673cda58394d77fb2b42c6746cbfc122e4279a90a6d5b9afba4
runtime/dist-arm64ec-spike/lib/wine/i386-windows/vcruntime140.dll	file	77824	1a4b672cecce54284b73324142029ce0422cd4e78191455deddb36c8c9a4fdc5
runtime/dist-arm64ec-spike/lib/wine/i386-windows/vdhcp.vxd	file	65536	a58af82c5e7030728633287692ed33d88987546ae1366f29d3738d670be76323
runtime/dist-arm64ec-spike/lib/wine/i386-windows/vdmdbg.dll	file	69632	de8aa5abfe4f254f4210c7de971d55c8c825495af21a74d28cefee19318e43fc
runtime/dist-arm64ec-spike/lib/wine/i386-windows/ver.dll16	file	106496	8c8456fd3e55957b54b9e495708d748978b4598239c4ddb3d5b1c64c010372bd
runtime/dist-arm64ec-spike/lib/wine/i386-windows/version.dll	file	90112	86b66a3cc67e6976d3dded14ff9c6e54d2e45dc54ea90dfb77b54b4ecb147417
runtime/dist-arm64ec-spike/lib/wine/i386-windows/vga.dll	file	49152	f35dcecd3538410d87bed832a2ed306c2daef723a0c292bbb15a3bf1915a87d2
runtime/dist-arm64ec-spike/lib/wine/i386-windows/vidreszr.dll	file	245760	11986a5a6a78feec679e6c580635189db0a1c410769313e37fe3649ffa0c50f3
runtime/dist-arm64ec-spike/lib/wine/i386-windows/view.exe	file	98304	9a6ca376b57d5be8f4d68a5525f62ef89529e3ed49ab32ef16f4a885af532227
runtime/dist-arm64ec-spike/lib/wine/i386-windows/virtdisk.dll	file	77824	f69e03dca984545fb1a5f56556d5d6524cd44d2c23ee6df729db550c5621a554
runtime/dist-arm64ec-spike/lib/wine/i386-windows/vmm.vxd	file	77824	def7b9492e116de03300c72dd9ab68804afb949e5bccf6f9c11d2ea776a7fa08
runtime/dist-arm64ec-spike/lib/wine/i386-windows/vnbt.vxd	file	65536	abbf71a2a23d8bf2d057d2360559d1bcf54aa2dacd26ed0c265a5a45073b34ed
runtime/dist-arm64ec-spike/lib/wine/i386-windows/vnetbios.vxd	file	65536	e27cea7e6f2a33cac27ebc0943c375b992a08b53f2fa7c7f672bc34187f8a81a
runtime/dist-arm64ec-spike/lib/wine/i386-windows/vssapi.dll	file	102400	737a76e7070d8f8659382627c3c41a3e2b2a282630837d78dbd52258f6d8c483
runtime/dist-arm64ec-spike/lib/wine/i386-windows/vtdapi.vxd	file	65536	5fb1b7e4f72028eca5b418fda7c427f177147e38b6f41f0b4a0404d071b9c939
runtime/dist-arm64ec-spike/lib/wine/i386-windows/vulkan-1.dll	file	73728	52cc7fe4ec2c0b466a195423c056dcc4a443b680dbcc575bf7058ad6bdcace54
runtime/dist-arm64ec-spike/lib/wine/i386-windows/vwin32.vxd	file	65536	237652b1784b2bbe0cf868c8c329abe40475c533412edf2af7dab227d697476d
runtime/dist-arm64ec-spike/lib/wine/i386-windows/w32skrnl.dll	file	98304	b793747935d58b468f78d6531704320f185a4e4c6d049fe89cfbc53ea204b8cf
runtime/dist-arm64ec-spike/lib/wine/i386-windows/w32sys.dll16	file	69632	9a7f46cd04b3b0b705bfdfa9e2737ccfd57c436572534964e9fe8a0b337787b8
runtime/dist-arm64ec-spike/lib/wine/i386-windows/wbemdisp.dll	file	393216	34c847cb8fb331f39196ee87894c5a36808b2259737b19bc4ec5a4ecc0d2b450
runtime/dist-arm64ec-spike/lib/wine/i386-windows/wbemprox.dll	file	987136	55d3a05a7de61ce7656223d39598acf187bbf71f7c8ec30706b57cf3c7f85ddd
runtime/dist-arm64ec-spike/lib/wine/i386-windows/wdscore.dll	file	77824	4e0b35e92fee6f994f83adb8396ba235c8d7cbc3e0ee18c0c1e916201db9a6d2
runtime/dist-arm64ec-spike/lib/wine/i386-windows/webservices.dll	file	1089536	2a6e193e38bd7af5a5194fe51ad5df27979a02cfccf099f225aea3583eb4ea0c
runtime/dist-arm64ec-spike/lib/wine/i386-windows/websocket.dll	file	69632	5ea9fe002d2434ff9acdf40def50a94463dc4dfcf2ce13d720b2ac1c3f0e8425
runtime/dist-arm64ec-spike/lib/wine/i386-windows/wer.dll	file	98304	782cafed229c052b38742a9165b4dc7c9df941b82dbc3a4755eca8093501ba19
runtime/dist-arm64ec-spike/lib/wine/i386-windows/wevtapi.dll	file	90112	4077d4e5e154be24e9a4223e9817d57c98b6df5c0d53d6916a53e94e93910047
runtime/dist-arm64ec-spike/lib/wine/i386-windows/wevtsvc.dll	file	65536	445c0190aa3a44c9ed76592e539c6c5bfe912e736b80a2771e5855c1fc249174
runtime/dist-arm64ec-spike/lib/wine/i386-windows/wevtutil.exe	file	77824	6e3f0798a1c1cad0d86b85f37b15ebfa8a1761311eed2e42378882019d22102b
runtime/dist-arm64ec-spike/lib/wine/i386-windows/where.exe	file	77824	3129a18d44baa8a257228800f3680028433624116742b3d2949c1ac9836bfa25
runtime/dist-arm64ec-spike/lib/wine/i386-windows/whoami.exe	file	98304	2171fac47013f06a6210f29da53aac23d36d91788e3ffb372854b38ae53bf84d
runtime/dist-arm64ec-spike/lib/wine/i386-windows/wiaservc.dll	file	430080	4e152aa0c82da7eafa5105190998d636465b64d06683dbe62b9c6562ae5bdfd6
runtime/dist-arm64ec-spike/lib/wine/i386-windows/wimgapi.dll	file	77824	e8ed5f380e7d190ac37881afc4ab0bcc9bfcab646d1d2867d12e27ec54dd7022
runtime/dist-arm64ec-spike/lib/wine/i386-windows/win32s16.dll16	file	94208	387099ee73085b0ee744bb7e7747741d4ea09156378219e96410ab932fd8a357
runtime/dist-arm64ec-spike/lib/wine/i386-windows/win32u.dll	file	425984	314a7c9c75b705648a0a82e544acca97fa6588b76382e63299c3871425683163
runtime/dist-arm64ec-spike/lib/wine/i386-windows/win87em.dll16	file	65536	53d70b43a0c05b8804d7342712d16251961c9342ddefd4b54c1537c090e832b9
runtime/dist-arm64ec-spike/lib/wine/i386-windows/winaspi.dll16	file	77824	39de626b1a04cf1a87acf9a1514faaa92993fe4f45c51c151d6dc32699930d17
runtime/dist-arm64ec-spike/lib/wine/i386-windows/winbio.dll	file	73728	ec3e5bfabb53a1bb18e66e5d436a6fc41fe8df1c7c28d23ab7dec0316d01c84b
runtime/dist-arm64ec-spike/lib/wine/i386-windows/winbrand.dll	file	90112	bb7a6d41732f05b6a1bdbb2bc93afc708fa3509714e66ba5a89e1da637e05089
runtime/dist-arm64ec-spike/lib/wine/i386-windows/windebug.dll16	file	65536	287c2b05295f6a5b2a15daba276cec7a108601e76ed0214b8dcba5a10fe02fcb
runtime/dist-arm64ec-spike/lib/wine/i386-windows/windows.applicationmodel.dll	file	266240	cf96ec6bcf6e2d1102c2e8c880480820a0e1ed0b1adcf50f4312300a1f345588
runtime/dist-arm64ec-spike/lib/wine/i386-windows/windows.devices.bluetooth.dll	file	327680	f6809f51910abf9f9fc5b3c87ac85ac281c050a2a3461bdadb587c1f009d042d
runtime/dist-arm64ec-spike/lib/wine/i386-windows/windows.devices.enumeration.dll	file	540672	00967ac615e8c63fc7f53c061d747aced4a1530dabb0314e6225cea1db8b0093
runtime/dist-arm64ec-spike/lib/wine/i386-windows/windows.devices.usb.dll	file	176128	dee24a0e7d1648e82b2c198b9ae5a2715dc3a6d0494ce1eb13ef7cf4613ba725
runtime/dist-arm64ec-spike/lib/wine/i386-windows/windows.gaming.input.dll	file	851968	e933cf62f2f9995735fd04bb20b0a9746b0621c15236681e3c0ce8f46484b78a
runtime/dist-arm64ec-spike/lib/wine/i386-windows/windows.gaming.ui.gamebar.dll	file	114688	03d3d95c62243040429a44a15f2265b195f5d6491ca6742bf7725fe1d82bab42
runtime/dist-arm64ec-spike/lib/wine/i386-windows/windows.globalization.dll	file	225280	2515cb6f36102ba616492c4dd3a8945f76326ea854db3cf88c21e6ecaf4c1e14
runtime/dist-arm64ec-spike/lib/wine/i386-windows/windows.media.devices.dll	file	163840	9d2a84c6ff792aa2ee8c84cd72c58b1c9d3854d3f01263af633b13ea18e323f8
runtime/dist-arm64ec-spike/lib/wine/i386-windows/windows.media.dll	file	249856	68de65a528ceccb77795beee327fa6df9e99fc31ceebf8d3769d9f2d78c01e6a
runtime/dist-arm64ec-spike/lib/wine/i386-windows/windows.media.mediacontrol.dll	file	225280	be18470881cd69f546537fca6a96e78370f4e6fb18736597a818793ffecaf3f9
runtime/dist-arm64ec-spike/lib/wine/i386-windows/windows.media.playback.backgroundmediaplayer.dll	file	229376	7685468c197a4959266a002d057cf5d8365c05223c6092674eac259b4c785f9e
runtime/dist-arm64ec-spike/lib/wine/i386-windows/windows.media.playback.mediaplayer.dll	file	278528	027a80d21ea39b7c68b2efdfc42be628aaeaf11fb428dfcfa4178a48bc0db7ac
runtime/dist-arm64ec-spike/lib/wine/i386-windows/windows.media.speech.dll	file	634880	8567423975c01ebfa7cb0d8ddcac3c71de6d35a19eea94eaac0fb7d080fe2863
runtime/dist-arm64ec-spike/lib/wine/i386-windows/windows.networking.connectivity.dll	file	221184	834a757a051f8955a72ffc4ff741f6d136f7296542f47a072ef3f31f2b690691
runtime/dist-arm64ec-spike/lib/wine/i386-windows/windows.networking.dll	file	81920	f336f1cb02e9bb9cc64a980949306de30e55252bb31c5254d13bf7d10f117bb8
runtime/dist-arm64ec-spike/lib/wine/i386-windows/windows.networking.hostname.dll	file	172032	a38b0b059d1de92de09451ebfee8c91154fb797720c204663da8a11c59e5bb44
runtime/dist-arm64ec-spike/lib/wine/i386-windows/windows.perception.stub.dll	file	352256	72c5ff30d48e58f1da6b25481a731397708b620c208a69852f7eed75a76f972d
runtime/dist-arm64ec-spike/lib/wine/i386-windows/windows.security.authentication.onlineid.dll	file	196608	7b2ba03c71f9b7bb6ad1b6f739cd696655b885a51cca72ff8fdbf452e58db93c
runtime/dist-arm64ec-spike/lib/wine/i386-windows/windows.security.credentials.ui.userconsentverifier.dll	file	192512	438550c29b049f02f24aa028a76045113f9d7207d5b91e8e5c5f78aab94c6c78
runtime/dist-arm64ec-spike/lib/wine/i386-windows/windows.storage.applicationdata.dll	file	180224	68487934746d008ee2e17537ac83ae4f12a549bd5d37db5b7ac39bea73795fa2
runtime/dist-arm64ec-spike/lib/wine/i386-windows/windows.storage.dll	file	294912	49e8e67f9b2cce69015115ff3b18cb3dd0ce90a1ea7bd9cb0408db9b78a2d3b3
runtime/dist-arm64ec-spike/lib/wine/i386-windows/windows.system.profile.systemid.dll	file	159744	647179aa057dbec2bee08c86d8d9c9b2d7951457877cdfcb709fa4a82d73b993
runtime/dist-arm64ec-spike/lib/wine/i386-windows/windows.system.profile.systemmanufacturers.dll	file	135168	091753f202f70e5b6403e31e6f675457264d3449fde648ce960d86a4b1c41c15
runtime/dist-arm64ec-spike/lib/wine/i386-windows/windows.ui.core.textinput.dll	file	204800	ce12f4f4c98325fefef8b552b524ed2040091376ac35458bd08407cf204fd7de
runtime/dist-arm64ec-spike/lib/wine/i386-windows/windows.ui.dll	file	376832	0f1fce89e9d9a2e842ad004c869c850693f3f9b32018e42deed44526de4458e8
runtime/dist-arm64ec-spike/lib/wine/i386-windows/windows.ui.xaml.dll	file	126976	52b3ec4398efd77c4326e25b1af3c80ab14b6e40fa03ce243022c9d024a328dc
runtime/dist-arm64ec-spike/lib/wine/i386-windows/windows.web.dll	file	176128	d7b4a188e3ebb807bb3489d75637297e57d14e90d00f93ba35f915d987a30cf5
runtime/dist-arm64ec-spike/lib/wine/i386-windows/windowscodecs.dll	file	5820416	293fb845dde6beb8ef0f19ff630e3824c8a77b644e87ec975ba4e57e055cfc96
runtime/dist-arm64ec-spike/lib/wine/i386-windows/windowscodecsext.dll	file	147456	3f1677440755c890879d01c180214969b611d6695216f0dde30067bceeb3da7e
runtime/dist-arm64ec-spike/lib/wine/i386-windows/winebrowser.exe	file	106496	d39a4b21e84469154ab9136590c939b316770e6437d778d07c874d3c9243f0d2
runtime/dist-arm64ec-spike/lib/wine/i386-windows/winebth.sys	file	344064	a3a6a547fd9891101e16e979bac9804236f1e6ecf91bb539ed0db7f23f9fe936
runtime/dist-arm64ec-spike/lib/wine/i386-windows/winebus.sys	file	172032	468e4b2cb6626c0bd9271833922f0c69fd45adab94829f2093ba852d63111c7f
runtime/dist-arm64ec-spike/lib/wine/i386-windows/winecfg.exe	file	1413120	f5224c3cccb1bfeb81a0e5086f2b5eb4abc0133803853c766de6d7848f2d5a62
runtime/dist-arm64ec-spike/lib/wine/i386-windows/wineconsole.exe	file	106496	edb958cfd4532110f68162a7d9300ce1c7c9e4bec54f2e998fe369bf9f6d9b45
runtime/dist-arm64ec-spike/lib/wine/i386-windows/winecoreaudio.drv	file	45056	dd82aa23d99c3301c716674f5491d6cb9b8c30bf27bad95448bf3eb5706bedbd
runtime/dist-arm64ec-spike/lib/wine/i386-windows/wined3d.dll	file	20951040	b8314125791bae58d62fc444047f615babe968238790bf153f6a079923a04852
runtime/dist-arm64ec-spike/lib/wine/i386-windows/winedbg.exe	file	10424320	2de25929a072cf144c2750c2b991818c90b925a589ffe03564f458097d6e928b
runtime/dist-arm64ec-spike/lib/wine/i386-windows/winedevice.exe	file	86016	dedf61f4f796c9cb7af8a668addabfbc385a701d05513d194850f9cf76de618d
runtime/dist-arm64ec-spike/lib/wine/i386-windows/winedmo.dll	file	192512	7b26ae4ad933e0f10eef590878d70d30285e3dee307607ff7b49358b751f998b
runtime/dist-arm64ec-spike/lib/wine/i386-windows/winefile.exe	file	749568	317d0c271cd5308feb1b6a6397d0e7bceddbd887d674404bd529dd8ca0fdaf05
runtime/dist-arm64ec-spike/lib/wine/i386-windows/winegstreamer.dll	file	1949696	ffa013669e069219a606b53d0e88cfbc15e31a17bf942b549641b3c0dd7c1396
runtime/dist-arm64ec-spike/lib/wine/i386-windows/winehid.sys	file	90112	4aacff45017a1ff58b55d2206dd71e2f8fef2338ed8d4293dff7bc713ea8b429
runtime/dist-arm64ec-spike/lib/wine/i386-windows/winemac.drv	file	114688	627a10632246e53d76b4914f2a6da03e15e3661e8d16498d8760abeeead799b1
runtime/dist-arm64ec-spike/lib/wine/i386-windows/winemapi.dll	file	114688	f98adc6bc53880dc7e7bd3a2b8f56ef4f0f5fa97fefed38c1834a2d18bba64c5
runtime/dist-arm64ec-spike/lib/wine/i386-windows/winemine.exe	file	290816	5d5b55f8cc91c7778564c9848166002d0337dc1d15235ea639ba3ee69ac64e97
runtime/dist-arm64ec-spike/lib/wine/i386-windows/winemsibuilder.exe	file	94208	ef28517b305597cf4d0d6852e9bff09d03f9b71b30218b7a5fbacb7b1a9d9dd4
runtime/dist-arm64ec-spike/lib/wine/i386-windows/winepath.exe	file	86016	e6b0b94742d7ddec8d4a81bbbd9c358711cca2dbe8864ced758956a39c6824dd
runtime/dist-arm64ec-spike/lib/wine/i386-windows/wineps.drv	file	1187840	497c19af57696a6b1d40f6b3f337ec4905dc2ec6c07a0c38d6f45ffcabc7befb
runtime/dist-arm64ec-spike/lib/wine/i386-windows/wineps16.drv16	file	81920	738ccd5c990111bd4238e76a9462b3300680313d1717f2e96f1c724563bde2c4
runtime/dist-arm64ec-spike/lib/wine/i386-windows/wineusb.sys	file	118784	ec6c5efa62b90c9439d081e093e4a85b6b4196e70c4483da3acc1a153dc67565
runtime/dist-arm64ec-spike/lib/wine/i386-windows/winevdm.exe	file	126976	1cd5e507e02e0731428558daadcaa35347f7ad76c2ae9d73c1c9574d7234ba93
runtime/dist-arm64ec-spike/lib/wine/i386-windows/winevulkan.dll	file	1060864	d1785e540264dcf95e7bedaa6d72914c163d10a7552e24d247b56f886b97b9d1
runtime/dist-arm64ec-spike/lib/wine/i386-windows/winexinput.sys	file	131072	d38f2f740fa5b5157272ed61ff30a688d999565485608634eae0a9670b06234a
runtime/dist-arm64ec-spike/lib/wine/i386-windows/wing.dll16	file	90112	45a72633df867d854ea2e60e0e186b5169ab0a109565d33f517cac8d02571d59
runtime/dist-arm64ec-spike/lib/wine/i386-windows/wing32.dll	file	61440	6af920b32143f0f87687b40cbc21bdf7f9883018a31ef492a898cbfc1dd27587
runtime/dist-arm64ec-spike/lib/wine/i386-windows/winhelp.exe16	file	98304	660f407d69841aed7a6d3cc2d667ed24a994732f90dccd818afc5a9e1344dd94
runtime/dist-arm64ec-spike/lib/wine/i386-windows/winhlp32.exe	file	552960	25ec629d1a33eaba892ece0481156493c09bcf0fdab1cf3947bfbf977e2a6c2d
runtime/dist-arm64ec-spike/lib/wine/i386-windows/winhttp.dll	file	937984	accb4adb14c42e9d11d5fc79dfc1a470f73d66fb7c4cd2dbd32f80fd52e9d881
runtime/dist-arm64ec-spike/lib/wine/i386-windows/wininet.dll	file	1286144	913ab5e85e9ee7adc89a11ecef1646540788383aafe59d27e3d80de75bf44af2
runtime/dist-arm64ec-spike/lib/wine/i386-windows/winmgmt.exe	file	77824	dc105d5d167638007137066ae12f35edfcb32d3460b0dc15e464c18e6adae6f7
runtime/dist-arm64ec-spike/lib/wine/i386-windows/winmm.dll	file	1265664	5c5337b516795ee5717463d6f3a17cf81aff7c156c464cd8a7f244aea8862082
runtime/dist-arm64ec-spike/lib/wine/i386-windows/winnls.dll16	file	61440	918bb944d961076b16cfe42f9a4043ab5dc29fbd61e8e254e64bbc91aff4d372
runtime/dist-arm64ec-spike/lib/wine/i386-windows/winnls32.dll	file	57344	44dc375971a07749a58bb212e657fb9ea0e8f2f69e6c851fb3f3a238caa442bf
runtime/dist-arm64ec-spike/lib/wine/i386-windows/winoldap.mod16	file	167936	3ee56f54990441fc0150ce2ec0028ee1b8568b8782197fa51340e25c6417b1f0
runtime/dist-arm64ec-spike/lib/wine/i386-windows/winprint.dll	file	77824	b124bd61b0710f258ca52854037be89c0c505b1e84177b979e3d8b9f73eaec88
runtime/dist-arm64ec-spike/lib/wine/i386-windows/winscard.dll	file	147456	dda6d990c000c365acfb689b2c9b096bc097fb078e269629eb987bb9e72236ef
runtime/dist-arm64ec-spike/lib/wine/i386-windows/winsock.dll16	file	135168	759b02a9fb8ea1a31039259f0cb78b2ce5045174e1898cc866183286bc5f2637
runtime/dist-arm64ec-spike/lib/wine/i386-windows/winspool.drv	file	458752	53e41309f1fc18838f0be9efaf17745f621353832cc6049f2fe4fd1c82cb4e98
runtime/dist-arm64ec-spike/lib/wine/i386-windows/winsta.dll	file	114688	97fe2223ce65380fd76386e022f864673673f973dc828330e5fe3b149dad602b
runtime/dist-arm64ec-spike/lib/wine/i386-windows/wintab.dll16	file	94208	4ec1979cad9a8b18215293254a7e0c32c80a10833f78df11fc2bc5d0c318b972
runtime/dist-arm64ec-spike/lib/wine/i386-windows/wintab32.dll	file	159744	b369c366027b80c01a1ea34fbafc99a2998359c4de80583a85b024c8109ed174
runtime/dist-arm64ec-spike/lib/wine/i386-windows/wintrust.dll	file	552960	4ba3da38c12ee016d579f53426dc9d2ecd750bf409c7d581aeee004e2140245b
runtime/dist-arm64ec-spike/lib/wine/i386-windows/wintypes.dll	file	450560	0b3eb2ef78f42fd35af73473fb77fffa63e76f3f1c91458445d689e106387a70
runtime/dist-arm64ec-spike/lib/wine/i386-windows/winusb.dll	file	73728	7e36d4d5edf840b105982ee14bc1e4be60e6eab06a5a07329724bcaa10f4cfe1
runtime/dist-arm64ec-spike/lib/wine/i386-windows/winver.exe	file	69632	aa25ca430280d7f2fb436c27c707bc8c4c4d9dba4a68b2b522833554b9c54d03
runtime/dist-arm64ec-spike/lib/wine/i386-windows/wlanapi.dll	file	90112	926b03e13cbd77dc78a10d798a6ecfbcc5d8aff947bf6ce9fb2b2f286cc27be5
runtime/dist-arm64ec-spike/lib/wine/i386-windows/wlanui.dll	file	53248	60669756ffefc920541f9a1acdf27c0846026a539a45d36db46eb7cd044bc41b
runtime/dist-arm64ec-spike/lib/wine/i386-windows/wldap32.dll	file	1859584	84db42c1c9337323bc3fca368e19c5b91a29b566753f6f9662aeaba17621f2e5
runtime/dist-arm64ec-spike/lib/wine/i386-windows/wldp.dll	file	73728	3c59d1e67f972d60c97776f754186e5690abd604bfe88b0a4b8c2c6354eacc73
runtime/dist-arm64ec-spike/lib/wine/i386-windows/wmadmod.dll	file	528384	7942b517308c7725942c8b30d6b2884fc4c2bff6d1a132250fd618fe77ad2351
runtime/dist-arm64ec-spike/lib/wine/i386-windows/wmasf.dll	file	57344	4c8ad75d2c279fba4e3088b49ee143162d3f94736e2ec4ea1136d4c01e96b3b6
runtime/dist-arm64ec-spike/lib/wine/i386-windows/wmi.dll	file	8192	a8da6c28c1b0846a2ed273fc055668b3ce9c6c657654585eeab63ac04c2fdd26
runtime/dist-arm64ec-spike/lib/wine/i386-windows/wmic.exe	file	135168	a258f7bc60e94b6fee16ae0123bb35f2b84e5879ab680a439e00af121ec46e8a
runtime/dist-arm64ec-spike/lib/wine/i386-windows/wmilib.sys	file	69632	cd9a542c246464e4c6a23cbf39be8b7d7293a5bdec6b1c822b94b37c64acb498
runtime/dist-arm64ec-spike/lib/wine/i386-windows/wmiutils.dll	file	188416	4c3a15d17488f10089c20e7c3c9e0057c245737e596fd5376ae57f8a17b28d0a
runtime/dist-arm64ec-spike/lib/wine/i386-windows/wmp.dll	file	647168	c5b5d92c90cc230421df21c9ee7829ff49ad992b5848e0dff724cb5f43517a74
runtime/dist-arm64ec-spike/lib/wine/i386-windows/wmphoto.dll	file	1785856	b1190f43061d289cb794de92f81260e2dd4432d9ac8744e887e3da3d0db8ffc3
runtime/dist-arm64ec-spike/lib/wine/i386-windows/wmplayer.exe	file	81920	5f37b483c2792d3d33a5009c3bbf93689d5729f88989f63d730cce5a945170d9
runtime/dist-arm64ec-spike/lib/wine/i386-windows/wmvcore.dll	file	372736	712581afc6296ca1148633deff6a46b3047497d491f746b4f537c5317aafdba2
runtime/dist-arm64ec-spike/lib/wine/i386-windows/wmvdecod.dll	file	536576	efec100289f97b8c91c2fe0f876c501a26e2bcf3fc2a6005dc37e907566fc55e
runtime/dist-arm64ec-spike/lib/wine/i386-windows/wnaspi32.dll	file	77824	259f790315177c897e791d92232c43bb668f1c9ab95cefb64883e23607676ddc
runtime/dist-arm64ec-spike/lib/wine/i386-windows/wofutil.dll	file	69632	e26473effe2d0fe0dd5b1f9d661310676fa3ae3a8310d505f8afdc80c73520b3
runtime/dist-arm64ec-spike/lib/wine/i386-windows/wordpad.exe	file	1011712	6c854f22b0c8e32510e3754e0098f56a789913a9c40990c54de6266f56cdac3d
runtime/dist-arm64ec-spike/lib/wine/i386-windows/wow32.dll	file	53248	5c0cf0f812afb0832b7ff6e2799c819a4a41312920aecada6aa05a5881a98890
runtime/dist-arm64ec-spike/lib/wine/i386-windows/wpc.dll	file	122880	206069fbc6505e72c7d5fa73849e22fc362d48f90296f3303eb39973633b1ef2
runtime/dist-arm64ec-spike/lib/wine/i386-windows/wpcap.dll	file	180224	c2d2790c63718598c385b398c25bf92e97dc5169670c470f5c9819993ea49e29
runtime/dist-arm64ec-spike/lib/wine/i386-windows/write.exe	file	69632	b11cc63ffca843fb50ff57f3e054d70a96c25cd404b76742fd66ced6eff856bc
runtime/dist-arm64ec-spike/lib/wine/i386-windows/ws2_32.dll	file	442368	a909136228fb7d9471813ad35b924205301257c6d1471556073a110933b1faa0
runtime/dist-arm64ec-spike/lib/wine/i386-windows/wscript.exe	file	487424	a005e983ed3ecb11125639339052fc62c5b039c67047c2aa0226c5a02ed3f4ab
runtime/dist-arm64ec-spike/lib/wine/i386-windows/wsdapi.dll	file	339968	1452e115cda5ab9d57a0642eb5d8e8377fe050be2e86dfebaf4c2aa2b0b83b30
runtime/dist-arm64ec-spike/lib/wine/i386-windows/wshom.ocx	file	589824	8cd35b60654daf0f2a4863d09f5b67186417c2db039462b18d2153665fdf0143
runtime/dist-arm64ec-spike/lib/wine/i386-windows/wsnmp32.dll	file	86016	fcc91d3ee504da4f6dc0705e12a0ccbe1474c2162ee7f83f1c9f13aaa941c37c
runtime/dist-arm64ec-spike/lib/wine/i386-windows/wsock32.dll	file	122880	301239bdf39655a41f850edb2d3ae1a20026b8bdaa1072fd4802c7027851e3e6
runtime/dist-arm64ec-spike/lib/wine/i386-windows/wtsapi32.dll	file	143360	f91130c62136077a971f5a7156b18601a4a63f24498eb2dc24d6ad344c3589f5
runtime/dist-arm64ec-spike/lib/wine/i386-windows/wuapi.dll	file	643072	d880b620dc4ccd1fa3cc22223b9b5b0970ca59a2b6047c780e7146e577c69d9a
runtime/dist-arm64ec-spike/lib/wine/i386-windows/wuaueng.dll	file	65536	380aa6ae200b559a19792b64bd54781e2a1a315a450606f7bbe65d593382770d
runtime/dist-arm64ec-spike/lib/wine/i386-windows/wusa.exe	file	229376	928e992bd4e02eb4aedcebb19aa33d7938354df4061385ae0ec49dd5a5a4f8ba
runtime/dist-arm64ec-spike/lib/wine/i386-windows/x3daudio1_0.dll	file	98304	d537cc5805824480a64c549e98310c137033b1055d27184c8523037daa977632
runtime/dist-arm64ec-spike/lib/wine/i386-windows/x3daudio1_1.dll	file	98304	8926be3d9967f1aceea97dd92b9252bdb99083b8dd1381f4187a80b5363b60ec
runtime/dist-arm64ec-spike/lib/wine/i386-windows/x3daudio1_2.dll	file	98304	dd45ef95ba921f70ad70a05b0ac1d14bd3205ed5a21644fe7ee26da4076a1347
runtime/dist-arm64ec-spike/lib/wine/i386-windows/x3daudio1_3.dll	file	98304	7dd788d36863fc0d31702b0a05a03101c1d3e6e01e2eb6fccc05c8c6dc373811
runtime/dist-arm64ec-spike/lib/wine/i386-windows/x3daudio1_4.dll	file	98304	a08f3cf2943978be8f32366eeabedd047868dc507a5b9d8b863ec16740b5e050
runtime/dist-arm64ec-spike/lib/wine/i386-windows/x3daudio1_5.dll	file	98304	25fd6e70742a807c21b99e9cc4a8291d0b3ffabaa43d4a08fac3c97829580452
runtime/dist-arm64ec-spike/lib/wine/i386-windows/x3daudio1_6.dll	file	98304	3614a5fbdc9777d5bbf455c1143b01a4d04290cb2facad8316e7e1809cf68475
runtime/dist-arm64ec-spike/lib/wine/i386-windows/x3daudio1_7.dll	file	98304	0fd45fc43d4989e13ff21f4f8c11d0f08cf840229084f30a3aaee6905931c68f
runtime/dist-arm64ec-spike/lib/wine/i386-windows/xactengine2_0.dll	file	1179648	a466ba52d1095c175ffa126a5abedd9ebbc96b7fec2d9a4a90d91d23211906c4
runtime/dist-arm64ec-spike/lib/wine/i386-windows/xactengine2_4.dll	file	1179648	6c226cdf1fc081719e5cd12bdcf52f36e8e1baa64e3694c51392281a57c9c8fb
runtime/dist-arm64ec-spike/lib/wine/i386-windows/xactengine2_7.dll	file	1200128	d7861ad12b64a6da82b6daa5c866aa3a7ce6d67b94048a6049d846db74112b25
runtime/dist-arm64ec-spike/lib/wine/i386-windows/xactengine2_9.dll	file	1200128	14b633552856ecce900b17d36c2bb1fd4947eb03ef85dcf1146ae2218171ee73
runtime/dist-arm64ec-spike/lib/wine/i386-windows/xactengine3_0.dll	file	1204224	ed75f93153e63f6a844694c87151c28a573c0fabfcf4da3eeabb5341754f047f
runtime/dist-arm64ec-spike/lib/wine/i386-windows/xactengine3_1.dll	file	1204224	244785c75c446a80bae5bc406e15805bce0df9b3ee84a2547d3aa1b3da7f2dbd
runtime/dist-arm64ec-spike/lib/wine/i386-windows/xactengine3_2.dll	file	1204224	7e184ed4a72316b67661b7e61d4d478b14f82322aea75aaeeb0d4730ffe7d253
runtime/dist-arm64ec-spike/lib/wine/i386-windows/xactengine3_3.dll	file	1204224	34028cb2e2f277d53e092f09b8c0a0b49ceedc1b2763b105f4a6f2098dd37e72
runtime/dist-arm64ec-spike/lib/wine/i386-windows/xactengine3_4.dll	file	1204224	631d6d11e0c743e4c98f3c5cb5be397e9520afe869a04c1bc0606eb454aec8d4
runtime/dist-arm64ec-spike/lib/wine/i386-windows/xactengine3_5.dll	file	1204224	e83db28a70f916afa722fcc40424b5b4ae5c53417e9e67d3f9fa712225a10307
runtime/dist-arm64ec-spike/lib/wine/i386-windows/xactengine3_6.dll	file	1204224	fb431f1ef0cf41c5db6122d7a0e8f61773aa398c493fdfaab4f920e652333610
runtime/dist-arm64ec-spike/lib/wine/i386-windows/xactengine3_7.dll	file	1204224	b11b49d7cdc75fd9558040c57553215354f5ae249196666c72e615c229c77776
runtime/dist-arm64ec-spike/lib/wine/i386-windows/xapofx1_1.dll	file	184320	e0c131d2f8b492560f04adc53d125c267a9d58ce8fae00b00f1508ec09629644
runtime/dist-arm64ec-spike/lib/wine/i386-windows/xapofx1_2.dll	file	180224	f2f5b1ac7fa20d759daf774d501e8fdaba4b003fc1b41c46579a759083ad8dfe
runtime/dist-arm64ec-spike/lib/wine/i386-windows/xapofx1_3.dll	file	184320	0c762e7946fc57829f90fe63894fa0de73fe66edb9b426cc29f9cfcd9d37a3e6
runtime/dist-arm64ec-spike/lib/wine/i386-windows/xapofx1_4.dll	file	180224	24136ada346e789bbdc7371be59fafdfb5a22709a2b2cf07a414093da526a924
runtime/dist-arm64ec-spike/lib/wine/i386-windows/xapofx1_5.dll	file	180224	60a50be1f9beb78374f55c0c4307768192099b2bba0ebc374ef84a4eda6605e8
runtime/dist-arm64ec-spike/lib/wine/i386-windows/xaudio2_0.dll	file	1015808	6bd93477922152e4af35449e51b7d634b217b7e828db408c8950b563312cbe26
runtime/dist-arm64ec-spike/lib/wine/i386-windows/xaudio2_1.dll	file	1015808	735cb5261f02c7fcfa55b19cdb7509cd2c8d46679633fd159674c37c9d9229c9
runtime/dist-arm64ec-spike/lib/wine/i386-windows/xaudio2_2.dll	file	1015808	b72048423673de239722bbe4bcddf742be4a39bb751bae3f9faf1fb1b7fd09ae
runtime/dist-arm64ec-spike/lib/wine/i386-windows/xaudio2_3.dll	file	1015808	9a3d455ae02102f5d4d9bd398599bc537319a2b4f10651126299ecc4674f802e
runtime/dist-arm64ec-spike/lib/wine/i386-windows/xaudio2_4.dll	file	1024000	ff77a50d835f7c72ea1cf6011f83d63497c334aa868a4e695948aeab667417c6
runtime/dist-arm64ec-spike/lib/wine/i386-windows/xaudio2_5.dll	file	1024000	12b5b1484c5f01a885d25230ddf4c5665f1a4a99b106bf3a0073c93be6efe530
runtime/dist-arm64ec-spike/lib/wine/i386-windows/xaudio2_6.dll	file	1024000	cab515f376acfc6efbd71c414f958cd36bef7bff9000682e9d4f013e557d5905
runtime/dist-arm64ec-spike/lib/wine/i386-windows/xaudio2_7.dll	file	1024000	4190439d29cfa00669ff21fbe275e058ac5bb7bb1a008a95f85e924edf76778f
runtime/dist-arm64ec-spike/lib/wine/i386-windows/xaudio2_8.dll	file	1101824	2eb63ac4a58429e22847b9cc487456866f00e2fb5e9062d0ac23759e01ca4845
runtime/dist-arm64ec-spike/lib/wine/i386-windows/xaudio2_9.dll	file	1105920	5b5d9b9882bcf2d9c203cd25bf204e23a5729c630a7eac895360715dbdfd5fc4
runtime/dist-arm64ec-spike/lib/wine/i386-windows/xcopy.exe	file	270336	1470eba5ecff1dad08d31c8da7a9a6670f091e251131e51f71298621d195971d
runtime/dist-arm64ec-spike/lib/wine/i386-windows/xinput1_1.dll	file	159744	132446f3d31d40b2125eb2986f6866da0fd2a028bbf405a3c284563568943d1c
runtime/dist-arm64ec-spike/lib/wine/i386-windows/xinput1_2.dll	file	159744	5d0584f3c4808d68c7b7af6ed72e69d98229b739d7992e5311439b432c63df7e
runtime/dist-arm64ec-spike/lib/wine/i386-windows/xinput1_3.dll	file	159744	ef28f7fc6c6c132988cb3a1d0059ad0d094e5210113bad1905b13227511fabc9
runtime/dist-arm64ec-spike/lib/wine/i386-windows/xinput1_4.dll	file	159744	86ebf2ce63e91de5180e0d3f1c3b7242e7ad6d7caa07563bedad84dc9ae97ce3
runtime/dist-arm64ec-spike/lib/wine/i386-windows/xinput9_1_0.dll	file	69632	8acd98d4c2c1990efaa0c0fc14926f1df2f95e098cc813ff3cc6a8e19c4981d1
runtime/dist-arm64ec-spike/lib/wine/i386-windows/xinputuap.dll	file	159744	50b8a231c4ab5b0f678c2fdcff62425286627cb719a159b09b3dc99ddb7f9db7
runtime/dist-arm64ec-spike/lib/wine/i386-windows/xmllite.dll	file	425984	64e7435ddcadfa6f0325ef2b9447336bae2748fbf018cf7257d7b19b71436f73
runtime/dist-arm64ec-spike/lib/wine/i386-windows/xolehlp.dll	file	409600	b17a348d72a4f73212a4c512f6c3c7e58d4df4d5b733e700a816601796944670
runtime/dist-arm64ec-spike/lib/wine/i386-windows/xpsprint.dll	file	57344	937354012001998e2c2fc2c1045c3299876747bdc1849956d187197d528baa0b
runtime/dist-arm64ec-spike/lib/wine/i386-windows/xpssvcs.dll	file	53248	7cbda870fd1739f3563b07ca1787c445230dd3fe4f4c5a5708b6326d60b75d37
runtime/dist-arm64ec-spike/lib/wine/x86_64-windows	directory	-	-
runtime/dist-arm64ec-spike/lib/wine/x86_64-windows/acledit.dll	file	69632	2d9a848c24c2c1eaeca5ab0c0f253f182e570f4be2407145e3f8b06789596b78
runtime/dist-arm64ec-spike/lib/wine/x86_64-windows/aclui.dll	file	122880	104e7eefc023cc685201b5e9ce15ab2cfa50645adf2afcb8a0791be761c0b749
runtime/dist-arm64ec-spike/lib/wine/x86_64-windows/activeds.dll	file	516096	3389b79a8454a956bcc2fbf04e7b524bf1bf0c61689e9a038426374ba98f6d47
runtime/dist-arm64ec-spike/lib/wine/x86_64-windows/activeds.tlb	file	53248	e297993454acca75341f4d573d3c0ff6df29db64d0acd2bf5d4f19bf0c1c9a17
runtime/dist-arm64ec-spike/lib/wine/x86_64-windows/actxprxy.dll	file	892928	d655e182a938f07793e0a41fa7f300020a9d495dfea23317d71921de3bca1d7f
runtime/dist-arm64ec-spike/lib/wine/x86_64-windows/adsldp.dll	file	331776	d679ab0be4dbf72d259aeb590653f2f3d379639db22358f1e0866e70cee2c2b2
runtime/dist-arm64ec-spike/lib/wine/x86_64-windows/adsldpc.dll	file	102400	5766a749f647115714b454b03f7b9fdafe9291de35a0fc91337ade1479cb1b1c
runtime/dist-arm64ec-spike/lib/wine/x86_64-windows/advapi32.dll	file	937984	7a5a36fccdad8920eab8e09e4f196789ea7b71aff063b9ae9475659a1720bf76
runtime/dist-arm64ec-spike/lib/wine/x86_64-windows/advpack.dll	file	315392	18056ba41c8d8d903f602312a7336c45bfccd6e4b9b23ec16de4daa6587f1fff
runtime/dist-arm64ec-spike/lib/wine/x86_64-windows/amsi.dll	file	94208	d7f8ecc30f24ab06533e77a40d0caab1075d3a4dde233a88b757afdce8ce9fa2
runtime/dist-arm64ec-spike/lib/wine/x86_64-windows/amstream.dll	file	933888	7cf9da43a8c8d9d58885a9229c775dde3fdebfbcb0bd57cb4a4b7b918c3ed27d
runtime/dist-arm64ec-spike/lib/wine/x86_64-windows/apisetschema.dll	file	90112	0506d3a841bc28878548ff6ae15c2475d43fbadcbfc16fa5d278c9ee034ac78c
runtime/dist-arm64ec-spike/lib/wine/x86_64-windows/apphelp.dll	file	131072	42aacb4a74af42f74f5da21d3cd3399a8a55b7ec1a957365c0afe5e46c1574dc
runtime/dist-arm64ec-spike/lib/wine/x86_64-windows/appwiz.cpl	file	733184	64bf0fa4d50efbd14f247a4595eca79ac4eaa7fb58c8b42309013f2210e920a8
runtime/dist-arm64ec-spike/lib/wine/x86_64-windows/appxdeploymentclient.dll	file	294912	76f1b8464de79117c4f65e784c3c4172f7be8268d168c7085e8a2d98b4bfe061
runtime/dist-arm64ec-spike/lib/wine/x86_64-windows/arp.exe	file	86016	d8aef64d5b8f97503e6a2474b5228c81b9d4b5f245381d9cdd92106e6cd28995
runtime/dist-arm64ec-spike/lib/wine/x86_64-windows/aspnet_regiis.exe	file	86016	9e9efdd8b2a1fcda77985f19c68c4563a9a23b53e4d6367b47d23dabab4d5aaf
runtime/dist-arm64ec-spike/lib/wine/x86_64-windows/atl.dll	file	696320	0f7173ee55741def9179fb191616ee5f4a62cd74b01e17ffb7483c78ebea7dc6
runtime/dist-arm64ec-spike/lib/wine/x86_64-windows/atl100.dll	file	643072	3d3f69f4290702a159062a60a996035a7147badabdb23a5caa2f9dc346ca4509
runtime/dist-arm64ec-spike/lib/wine/x86_64-windows/atl110.dll	file	643072	5550585647e82800e7ae3da45cbb82de0f77f82c3a0392a31f8f957a268c2b15
runtime/dist-arm64ec-spike/lib/wine/x86_64-windows/atl80.dll	file	663552	1eceeb84c594d27ebc780ed8b20f6a884af10775b610670ab2df7dafa151c983
runtime/dist-arm64ec-spike/lib/wine/x86_64-windows/atl90.dll	file	647168	6fab08d95b35b1d6b3a6df2a77151cc248e5b52be13c0b212ecdab070ec7f773
runtime/dist-arm64ec-spike/lib/wine/x86_64-windows/atlthunk.dll	file	65536	6e48f3c78f1c81168615ea697c1cd45b2f93d19acefd69b1573b6252904af11a
runtime/dist-arm64ec-spike/lib/wine/x86_64-windows/atmlib.dll	file	86016	28bd9dc9165fcae1ee7070cd61342cd8f775fa696d27ef4fd1ecc65e84e93e15
runtime/dist-arm64ec-spike/lib/wine/x86_64-windows/attrib.exe	file	143360	5427e48284236ad3fb130a241d83be78f5766d7eed98ced9974980701dafc7bf
runtime/dist-arm64ec-spike/lib/wine/x86_64-windows/authz.dll	file	94208	0640c1cf144a5b7d9938e67e1491e4dcc19a29ee1f507d10ef1e3c63fcf5eaa3
runtime/dist-arm64ec-spike/lib/wine/x86_64-windows/avicap32.dll	file	98304	f97c2648679ec7b700321de0606e1b1d5803cbaf1aab0b813d2fa3392a5edb7a
runtime/dist-arm64ec-spike/lib/wine/x86_64-windows/avifil32.dll	file	925696	140203dc95f9122809f92bf20a358632b2fdf82bc0b915ed7dcb27648174e3be
runtime/dist-arm64ec-spike/lib/wine/x86_64-windows/avrt.dll	file	81920	9fa93a851abda226bcc81eaaf232c62fbec34037139b831602a2aed35d7b2671
runtime/dist-arm64ec-spike/lib/wine/x86_64-windows/bcp47langs.dll	file	86016	a78545654f12b8dc2943ab848bc9a8f89ddf56673619f97be18a2bf7ea2b9c5d
runtime/dist-arm64ec-spike/lib/wine/x86_64-windows/bcrypt.dll	file	405504	1966da9ea2b765f1cab38d29a4b2d57e34a9f86f16a5e6e27f91d015e706e911
runtime/dist-arm64ec-spike/lib/wine/x86_64-windows/bcryptprimitives.dll	file	53248	caa18c2957983feb73a21193f13cba92f5608a492fbd613a17b1098c27fd1ba2
runtime/dist-arm64ec-spike/lib/wine/x86_64-windows/bluetoothapis.dll	file	221184	b71161ed8b5316cf857652bad4dbc385ccebd3feee7e38f173c0f36e5c396a36
runtime/dist-arm64ec-spike/lib/wine/x86_64-windows/browseui.dll	file	507904	5a4c72a809c49ed66b8031feea26f28468842e511ce8043932c2ba253162153d
runtime/dist-arm64ec-spike/lib/wine/x86_64-windows/bthprops.cpl	file	69632	455a183a1ba7bdcd2e636475dad6e116a6ab31a2f7f74d8cf5c2acc68ea7f2f8
runtime/dist-arm64ec-spike/lib/wine/x86_64-windows/cabarc.exe	file	135168	786ef6fe8839d11fdcac09bc80e0c3c0e9a5600a3157fbabb1cf99c64c042eee
runtime/dist-arm64ec-spike/lib/wine/x86_64-windows/cabinet.dll	file	446464	8d948e3a4f1423c31c4d2a70d4290c8c4db1e90988126c6975d098b7f7aa0c9c
runtime/dist-arm64ec-spike/lib/wine/x86_64-windows/cacls.exe	file	86016	b8272bda2e8f2c98ffe6c1dde3b90291724f35b14a92c2cfb5d33650da4fd970
runtime/dist-arm64ec-spike/lib/wine/x86_64-windows/cards.dll	file	331776	fce3276a3624532571be937bdf70c884c77941cc4043e251e2c8c72bc47bdb41
runtime/dist-arm64ec-spike/lib/wine/x86_64-windows/cdosys.dll	file	77824	2b601ce5e48618364dafbcc3a0647682083c5bdd31de6d5369043b5246cf7f1a
runtime/dist-arm64ec-spike/lib/wine/x86_64-windows/certutil.exe	file	94208	363b658b3133de19f530455e276abf314dea2befb52ce7ef235b60702ddae4d8
runtime/dist-arm64ec-spike/lib/wine/x86_64-windows/cfgmgr32.dll	file	245760	6595efd7435a70e9423dbfb74c0cac5726d8349d3f0e6ce8b83cbfae5b7c35c0
runtime/dist-arm64ec-spike/lib/wine/x86_64-windows/chcp.com	file	106496	a12abd7ecd74d4027d2386a862db4c98cc7ac9b1c88020c56bae4ece08b08f3f
runtime/dist-arm64ec-spike/lib/wine/x86_64-windows/clock.exe	file	110592	8cf962bb82749663f04e7b4299e08e2aaacff0a9ad62f3546b9e78f0ab2d96a3
runtime/dist-arm64ec-spike/lib/wine/x86_64-windows/clusapi.dll	file	106496	0a2738b777132ef77742a0f9e8f078a56734fac332be31345dc261a2799597da
runtime/dist-arm64ec-spike/lib/wine/x86_64-windows/cmd.exe	file	1515520	9b2dcf35acd13284e8541e4a4b8780e3006314c410c87686223bc8a07aebb866
runtime/dist-arm64ec-spike/lib/wine/x86_64-windows/cng.sys	file	77824	1f739ef1650fb419f2235ea6e5899b3a56ffb5ea1cb0c17b88684aa2a03c7bfd
runtime/dist-arm64ec-spike/lib/wine/x86_64-windows/colorcnv.dll	file	544768	96771c369ce30ef2d7957d5820073b5b23505fc31220113f651dad995ba6499f
runtime/dist-arm64ec-spike/lib/wine/x86_64-windows/combase.dll	file	1441792	edb5b86c11755173bb2246fbc447050dafde02b01c1b72e5e2bcedfaaed4d349
runtime/dist-arm64ec-spike/lib/wine/x86_64-windows/comcat.dll	file	61440	2cf5a992149a2b88b3d172d7702e7a7e24f6382327368affddd0c1d0084364e1
runtime/dist-arm64ec-spike/lib/wine/x86_64-windows/comctl32.dll	file	3543040	3dd6a32050fedd62b7514992d5253465822629ae383169a020894e7931b3b49b
runtime/dist-arm64ec-spike/lib/wine/x86_64-windows/comctl32_v6.dll	file	4431872	3897b93865d6592346ea5b50a05143d2dfd75c885ae8a873f2134cd0027fe04f
runtime/dist-arm64ec-spike/lib/wine/x86_64-windows/comdlg32.dll	file	2105344	07945a08d9394ec311a2afb371a0b7a628af7aa35174ee09fcd7282e174695b7
runtime/dist-arm64ec-spike/lib/wine/x86_64-windows/coml2.dll	file	438272	c0967c7549c2f06a2784dbaff0ac31f4446184bccbc98d776ced26c1cabe8170
runtime/dist-arm64ec-spike/lib/wine/x86_64-windows/compstui.dll	file	114688	4f23d87db3e94afa47593817f50129ac9546f6e32b0a12806d7b5db6eeb07469
runtime/dist-arm64ec-spike/lib/wine/x86_64-windows/comsvcs.dll	file	499712	3e6262a42b34249760b9253776cf56985b78e91053be2106f9b889b5d92fee63
runtime/dist-arm64ec-spike/lib/wine/x86_64-windows/concrt140.dll	file	479232	88d0c3d65567af9c18c6061e60c1774abf29ca81a88dc57ddb6a374423be894f
runtime/dist-arm64ec-spike/lib/wine/x86_64-windows/connect.dll	file	69632	aff4168eb0d058d219262bea44bff2aca41028bd8b4c70b8079d74667dbdf8b5
runtime/dist-arm64ec-spike/lib/wine/x86_64-windows/control.exe	file	73728	9b05663b39329e38b85785f23caba97fd9b1679fe4439aae585be4e24adf53a3
runtime/dist-arm64ec-spike/lib/wine/x86_64-windows/coremessaging.dll	file	253952	61029d3ad22f76ac2c52ef8818b28daa2397b1e9f252644c5a356fb5dbca7052
runtime/dist-arm64ec-spike/lib/wine/x86_64-windows/credui.dll	file	245760	0fefa253d1af72a07c07c2df5f214e1f8236cb7259620c4be5448b07c1d026a2
runtime/dist-arm64ec-spike/lib/wine/x86_64-windows/crtdll.dll	file	2818048	6eca4dd0467890a25c4238b3e94887c22b3469dd47608018705979a47c22e405
runtime/dist-arm64ec-spike/lib/wine/x86_64-windows/crypt32.dll	file	3129344	07d4f7a82ce2987e670539b007d29749f7d17e9728b9bbda3257bba71e23f9f2
runtime/dist-arm64ec-spike/lib/wine/x86_64-windows/cryptbase.dll	file	122880	e81fd6bd519cb7bbbf0c9456700a26edcab8b07ac6fff4e881eb053ba754d4e7
runtime/dist-arm64ec-spike/lib/wine/x86_64-windows/cryptdlg.dll	file	163840	82a2c34cdee03771f1cdad135e7ad30104f19d40dff31b18f1aa3aa65deaaac8
runtime/dist-arm64ec-spike/lib/wine/x86_64-windows/cryptdll.dll	file	57344	b90eaf2329477d204a355603596cced7af2b2399308881a036918e44b09f6f16
runtime/dist-arm64ec-spike/lib/wine/x86_64-windows/cryptext.dll	file	110592	77875ce481323ad57dc68ecf86d6eed166327ec7a64024c724927cbac247e436
runtime/dist-arm64ec-spike/lib/wine/x86_64-windows/cryptnet.dll	file	270336	57133463390a1dce8650d4f5e5e58258178568cafffcdae5f6186c676922790f
runtime/dist-arm64ec-spike/lib/wine/x86_64-windows/cryptowinrt.dll	file	278528	3ae00fbd22c5a5637c139bcecbcefeb89afacdaa0fb6d1954d5e8fc640f57c45
runtime/dist-arm64ec-spike/lib/wine/x86_64-windows/cryptsp.dll	file	102400	ff2072442116aee77c66fc791a2e4d200a5d7234711966515bb43b381dc4f40b
runtime/dist-arm64ec-spike/lib/wine/x86_64-windows/cryptui.dll	file	1650688	a8b64f4bda915fae2f97225e52aa3d1f3dc52e415607160f4bfbe267b8faf4c7
runtime/dist-arm64ec-spike/lib/wine/x86_64-windows/cryptxml.dll	file	86016	0fbf298a4c221cdffa78f80e18aeef86d20e3dc28370db2399474e91ce230d10
runtime/dist-arm64ec-spike/lib/wine/x86_64-windows/cscript.exe	file	520192	4ea10b3302a88043ca043710198934a4acb13a9345399c983d27baf61adfea42
runtime/dist-arm64ec-spike/lib/wine/x86_64-windows/ctapi32.dll	file	77824	3bb8a4cce0311a5f39c44fe30a2e7a384f255caa94a91cf76e0b493ed4218532
runtime/dist-arm64ec-spike/lib/wine/x86_64-windows/ctl3d32.dll	file	61440	d09278781dde7db78b70f2c27bf39dc77b7935cff079067d899aa95d93cfcc3c
runtime/dist-arm64ec-spike/lib/wine/x86_64-windows/d2d1.dll	file	4526080	f66d1d4c6c689b4ba8304a2accfcd79632b15e00d280e434897b9557c35095e6
runtime/dist-arm64ec-spike/lib/wine/x86_64-windows/d3d10.dll	file	1187840	3f2a9e45fafa0cf14167fb85554653775a8b620a996d4c60d1c5cf4427963e72
runtime/dist-arm64ec-spike/lib/wine/x86_64-windows/d3d10_1.dll	file	180224	c050aafd9848146c6dc2cb67b121dc7c2fe22e32ec0bffce4012060972f715c5
runtime/dist-arm64ec-spike/lib/wine/x86_64-windows/d3d10core.dll	file	147456	b9fc9fed3ce6a51f044e3ca583ff1aefc31e2be2ecdcd660b89891e899ba59d8
runtime/dist-arm64ec-spike/lib/wine/x86_64-windows/d3d11.dll	file	3309568	d5048dbf454f6dd73e49857cd9cb73ea2846593e5c0deb9046041676cc0eca63
runtime/dist-arm64ec-spike/lib/wine/x86_64-windows/d3d12.dll	file	548864	fd37278cce1d10b811c49138c41a6f8be7043a40a99ceff3695630df8f270951
runtime/dist-arm64ec-spike/lib/wine/x86_64-windows/d3d12core.dll	file	57344	e43388f2db41ff96ff2a861429f8b7ce3a6538633b492a0928c4952cb1ce878c
runtime/dist-arm64ec-spike/lib/wine/x86_64-windows/d3d8.dll	file	933888	747f26c46058131e25b49c04f9f8af106e482dfdd6b4c89ced390af444f36aef
runtime/dist-arm64ec-spike/lib/wine/x86_64-windows/d3d8thk.dll	file	69632	417032d05cff232adc5f3da896c407a75b2698699b79d51260bd0e278565916a
runtime/dist-arm64ec-spike/lib/wine/x86_64-windows/d3d9.dll	file	1503232	da9222e53b43c9b6cb56e1811b1acb283c619a3b14acc6cc74b739c82dc2077e
runtime/dist-arm64ec-spike/lib/wine/x86_64-windows/d3dcompiler_33.dll	file	737280	bff463a8e8060ac44c9d7c240f51dbbcfdc739b7355ea862da7fd0dfafea8466
runtime/dist-arm64ec-spike/lib/wine/x86_64-windows/d3dcompiler_34.dll	file	737280	277a46a6bfaa8deff269dcae7bb8d83ceaf6d711c7c1741688fefd0acf38f405
runtime/dist-arm64ec-spike/lib/wine/x86_64-windows/d3dcompiler_35.dll	file	737280	c721590055d999da7b1f93db72377afb1d35591c69438b8f2d3cec5be8113820
runtime/dist-arm64ec-spike/lib/wine/x86_64-windows/d3dcompiler_36.dll	file	737280	784943c8e9e146bd95e80dd9d5ad3b19223cb455fe928d5016f6a59e4a3d3632
runtime/dist-arm64ec-spike/lib/wine/x86_64-windows/d3dcompiler_37.dll	file	737280	33d0ec5c9d2cf5704253eba887b4368f85f58aa4882da649f93a9894077a1883
runtime/dist-arm64ec-spike/lib/wine/x86_64-windows/d3dcompiler_38.dll	file	737280	83e2f02eded909d1e098d711cc1b83ecd0b1d09fa9f3db9f1c2ff2fcf7329987
runtime/dist-arm64ec-spike/lib/wine/x86_64-windows/d3dcompiler_39.dll	file	737280	26590f90e0084659c7ba68435855f42929fd6d427e976b248efb4897e7ccb895
runtime/dist-arm64ec-spike/lib/wine/x86_64-windows/d3dcompiler_40.dll	file	737280	d0295b052d7cd30d6075274797a373b8804e78563bd782466bfe2bd8692933ca
runtime/dist-arm64ec-spike/lib/wine/x86_64-windows/d3dcompiler_41.dll	file	737280	03762fa44db7eef42457fc620ed443d80dd58d1696b73854b4f876a9d2262778
runtime/dist-arm64ec-spike/lib/wine/x86_64-windows/d3dcompiler_42.dll	file	737280	285f19d3666e75108b0d5025a8a9091f1988c159261b9f259e111eeb2067c0c2
runtime/dist-arm64ec-spike/lib/wine/x86_64-windows/d3dcompiler_43.dll	file	761856	9abffdb2b42799bb0889c6717f5c4c9d15186667ff572aa05a12aee94003836c
runtime/dist-arm64ec-spike/lib/wine/x86_64-windows/d3dcompiler_46.dll	file	737280	bedcd1e2e322c28433c3194a782640947037f8ea9ec31dd26e93f35613c9a462
runtime/dist-arm64ec-spike/lib/wine/x86_64-windows/d3dcompiler_47.dll	file	765952	66c896c613a758664f3080286ca74d5b25b841d2190b38238a1c455ba8e07d07
runtime/dist-arm64ec-spike/lib/wine/x86_64-windows/d3dim.dll	file	61440	b4ee52ae2ee4eb13f63bf500962800d18d58176b3343fb4c837fa50166fa8611
runtime/dist-arm64ec-spike/lib/wine/x86_64-windows/d3dim700.dll	file	61440	38a28b74048fabfb16fb3d2e0b6cbfcc6930c26c936789b98663a424676084e5
runtime/dist-arm64ec-spike/lib/wine/x86_64-windows/d3drm.dll	file	1703936	1f56f918e1082fe4003515c78e24f7eb9cf8042a96353366f120a4e985d8dc54
runtime/dist-arm64ec-spike/lib/wine/x86_64-windows/d3dx10_33.dll	file	69632	310f460b7a828876d22a229679850042affc28299a0449105f3b46ba1abf6192
runtime/dist-arm64ec-spike/lib/wine/x86_64-windows/d3dx10_34.dll	file	69632	cc34fa10952bb13974d03f314056f1ea75b39163f8b4ffadc61c53e79aafc4f2
runtime/dist-arm64ec-spike/lib/wine/x86_64-windows/d3dx10_35.dll	file	69632	f151ee3e7776e0194db5192df756387e96cf05e927470d545c8a887d119e71aa
runtime/dist-arm64ec-spike/lib/wine/x86_64-windows/d3dx10_36.dll	file	69632	36190b8836b939c11572c73d9213cac7614d598c4c4f7b10c631a13b6a2ae79a
runtime/dist-arm64ec-spike/lib/wine/x86_64-windows/d3dx10_37.dll	file	73728	045ddcb9dc4fe4fb73d55e43d9aa9e92e53ef77a41e0f2035a0b89b88ab9c742
runtime/dist-arm64ec-spike/lib/wine/x86_64-windows/d3dx10_38.dll	file	73728	05f2173427d16681ef06174388f3fee44c16e88d23b0fc20fbb4f7443b303139
runtime/dist-arm64ec-spike/lib/wine/x86_64-windows/d3dx10_39.dll	file	73728	4b4522a79858c867d2003501f71d1b60b5e2e2f0d8aa50aeffd2f2c6b7b6e2ef
runtime/dist-arm64ec-spike/lib/wine/x86_64-windows/d3dx10_40.dll	file	69632	373132919ae3896aa2b7e5ad0c73d8fc8b39b175f28a00552cd8e44e053dde3a
runtime/dist-arm64ec-spike/lib/wine/x86_64-windows/d3dx10_41.dll	file	69632	56bfbe85f9c204928a006e563edd862fed05e6edbcbfa5cebcbc8a7c574fe270
runtime/dist-arm64ec-spike/lib/wine/x86_64-windows/d3dx10_42.dll	file	69632	099bf336392ea8b08055042df40b275e5f60ee94e874624ede664479c18c544a
runtime/dist-arm64ec-spike/lib/wine/x86_64-windows/d3dx10_43.dll	file	1335296	46c3d74a34e59a15e43726cd433f10c99e5766a0ce309e3dc8f047b16490ba2f
runtime/dist-arm64ec-spike/lib/wine/x86_64-windows/d3dx11_42.dll	file	86016	25083ed3983c31d951e36b2435be75b3b9ee60a189f38cd03fac69d865fb3290
runtime/dist-arm64ec-spike/lib/wine/x86_64-windows/d3dx11_43.dll	file	569344	6a9321d2eaff9e5ecac72f4ab402213c885fec20109cdadb2a339a4bb9b2622f
runtime/dist-arm64ec-spike/lib/wine/x86_64-windows/d3dx9_24.dll	file	2961408	92e1f96f9396f81b26b3c9c254063855aa76f5435cbeb3cd5facc5d38d4c9315
runtime/dist-arm64ec-spike/lib/wine/x86_64-windows/d3dx9_25.dll	file	2965504	ae0490d211957352f9d6139a7df535d8f0bce5b9bb723d8817b09530349e3c7d
runtime/dist-arm64ec-spike/lib/wine/x86_64-windows/d3dx9_26.dll	file	2965504	86907ddcbd6ff93ce542f5d5ccc7992cac6187f0a37a15218425010c93663deb
runtime/dist-arm64ec-spike/lib/wine/x86_64-windows/d3dx9_27.dll	file	2965504	ab09b5bd79bea938de4a709fdb870be169e04646568c2e3827977720dd708c20
runtime/dist-arm64ec-spike/lib/wine/x86_64-windows/d3dx9_28.dll	file	2969600	98e2de35f066bac5cd761450dac947b8d9544335782dd891a4d17f424b76677f
runtime/dist-arm64ec-spike/lib/wine/x86_64-windows/d3dx9_29.dll	file	2969600	c9c29f926cb7b187811b7e5121ad17c5477981abd13bf75ef7be1b2ad93a29ac
runtime/dist-arm64ec-spike/lib/wine/x86_64-windows/d3dx9_30.dll	file	2969600	7c6797fabdacfe6c1718a02a4d4b9590b1bf9103f6b0ba4ac51b7d96eb8cfc9e
runtime/dist-arm64ec-spike/lib/wine/x86_64-windows/d3dx9_31.dll	file	2965504	b553eebea37010c861e90393db2f40684c177959745f2b960ef3a968e680049f
runtime/dist-arm64ec-spike/lib/wine/x86_64-windows/d3dx9_32.dll	file	2969600	ff1138d7417db007e567881334e689f6df6a6f1c4d82b852971def65af640cf3
runtime/dist-arm64ec-spike/lib/wine/x86_64-windows/d3dx9_33.dll	file	2969600	70e67a18650397c632371d0f6510a73ae694639e149f35484b82d354c5ce3516
runtime/dist-arm64ec-spike/lib/wine/x86_64-windows/d3dx9_34.dll	file	2969600	9a443de8ab844b0bd3b5852e9c3927c807ad2761ec64241a8342ba72b7bde552
runtime/dist-arm64ec-spike/lib/wine/x86_64-windows/d3dx9_35.dll	file	2969600	54afc5a74ab9b7183a913f2189d5b161ec39db81cfa941a226a3eb849b0fc5fa
runtime/dist-arm64ec-spike/lib/wine/x86_64-windows/d3dx9_36.dll	file	2969600	ac1ae2bd866b2b6a81282a14fad35091d0343b8462ab06e31ec07de822501f1b
runtime/dist-arm64ec-spike/lib/wine/x86_64-windows/d3dx9_37.dll	file	2969600	5a7991595a9a9f6e4ce717d71d4df6ae141c18e9decb1fc1fe5d53b2b67c6b27
runtime/dist-arm64ec-spike/lib/wine/x86_64-windows/d3dx9_38.dll	file	2969600	572dcdc5fe29ff5cd320f86966cb63c3195226d3f449095110da2b5cf079356c
runtime/dist-arm64ec-spike/lib/wine/x86_64-windows/d3dx9_39.dll	file	2969600	49f91e7af4a80e6a3c60ffd7b53570c30890a5ba36160cf6c0a814cd12e9d044
runtime/dist-arm64ec-spike/lib/wine/x86_64-windows/d3dx9_40.dll	file	2969600	3b77a9e9c9337babadc165e7c23e683a4a967de5ae1d36fff42894d82051c2f5
runtime/dist-arm64ec-spike/lib/wine/x86_64-windows/d3dx9_41.dll	file	2969600	89993c5e636f922112f96ca711308d4072b0678ccb7949a9a9d84f46c7155541
runtime/dist-arm64ec-spike/lib/wine/x86_64-windows/d3dx9_42.dll	file	2965504	b3b2bb933e61214c7b666819b660425cca78ea4fa6992b63d332e515e60c79d9
runtime/dist-arm64ec-spike/lib/wine/x86_64-windows/d3dx9_43.dll	file	2965504	55955bf9e272c20d36b6c2112a420cee11ea632472ca6f0492d1a58b66260483
runtime/dist-arm64ec-spike/lib/wine/x86_64-windows/d3dxof.dll	file	610304	b959ec95c35223631264549dde5f692800a9daaf35c21d55e2f7467cb7f39128
runtime/dist-arm64ec-spike/lib/wine/x86_64-windows/dataexchange.dll	file	233472	73e7b5354c317d708a2bf11bdcc8c9d46a7ce30051484cea6129ec4c992c2ed4
runtime/dist-arm64ec-spike/lib/wine/x86_64-windows/davclnt.dll	file	73728	5eb27876de0229ffa127841899f37c7085c821d7de69f3523fe168b4234c5e7f
runtime/dist-arm64ec-spike/lib/wine/x86_64-windows/dbgeng.dll	file	544768	33a218a36186673c93af56e4963dcd638b551bb877f546681fd69ee53aaddb51
runtime/dist-arm64ec-spike/lib/wine/x86_64-windows/dbghelp.dll	file	2932736	33cb87a329f20115c310d90953279a99c6b02e934cafc732d17eb747d66c8015
runtime/dist-arm64ec-spike/lib/wine/x86_64-windows/dciman32.dll	file	73728	1407445807f0a0a63ba8efc06d4d7e9e743e8ae04e31398e0506e866e56e482c
runtime/dist-arm64ec-spike/lib/wine/x86_64-windows/dcomp.dll	file	102400	21e103b5aeebf92ffe5a52132ec5dda3826c465cfc96de0810407f0b283ff47e
runtime/dist-arm64ec-spike/lib/wine/x86_64-windows/ddraw.dll	file	2510848	488acf3fde8ea4100bcb4fafb72570d9a534ca8af870d0d31b3a38e16a296312
runtime/dist-arm64ec-spike/lib/wine/x86_64-windows/ddrawex.dll	file	720896	93e4a781ced76696dd9d2abcacd9336b44cfad639b57a3a4361cabd8b580f63e
runtime/dist-arm64ec-spike/lib/wine/x86_64-windows/desk.cpl	file	180224	f36d2fa34e4283fc608ccff4043e6b28df08defda47f59294d3910c4d006b090
runtime/dist-arm64ec-spike/lib/wine/x86_64-windows/devenum.dll	file	659456	83b8ce1e2a8529e8f19cbd81ddac07513fc72a90579fda67c9564a8b7695cea6
runtime/dist-arm64ec-spike/lib/wine/x86_64-windows/dhcpcsvc.dll	file	110592	e844499492b689c162e87b47436564689f0c8565206d763e41b07dfb17a2b2d9
runtime/dist-arm64ec-spike/lib/wine/x86_64-windows/dhcpcsvc6.dll	file	57344	c9d67d57c9cfcef4670478455ff94b3d1821b95baa5be19d3f77e2c94445bc1a
runtime/dist-arm64ec-spike/lib/wine/x86_64-windows/dhtmled.ocx	file	688128	8ec5c6df186a845806bad65b146689c13de32fa31e87ba05e54c6ddbcf14883d
runtime/dist-arm64ec-spike/lib/wine/x86_64-windows/diasymreader.dll	file	475136	6980c2ca8c045fc8c1bf3492a9bce423a87e9f5634d87144eaf882933afd2eb2
runtime/dist-arm64ec-spike/lib/wine/x86_64-windows/difxapi.dll	file	77824	aef1b8231772934a9d29ff83773d8673f0cb73476494c18f9a4ae92b7705e3cc
runtime/dist-arm64ec-spike/lib/wine/x86_64-windows/dinput.dll	file	1134592	29e73191dc3cd3a299e834aa206b640991961bb915a486ffde9d8580664e429f
runtime/dist-arm64ec-spike/lib/wine/x86_64-windows/dinput8.dll	file	1134592	c894a19e33698d247f3a494de147e772147b5e95d977a8ac00909d9d151d6ff3
runtime/dist-arm64ec-spike/lib/wine/x86_64-windows/directmanipulation.dll	file	475136	f415ac6ecad9d075dcb589ef57b7d560d604f66bd2070c351c8ee5bc52b44e26
runtime/dist-arm64ec-spike/lib/wine/x86_64-windows/dism.exe	file	90112	2ade52891d176805806e5e086a59cd0a0c95968c47a78243d73ca931ff38121e
runtime/dist-arm64ec-spike/lib/wine/x86_64-windows/dispex.dll	file	442368	a7dcc59a3ef6153d10682c397d7a2fe197f643de983b1c0f8a1db8af1bbd39b1
runtime/dist-arm64ec-spike/lib/wine/x86_64-windows/dllhost.exe	file	413696	66986f6eed1a00c5786ea2a7b18bad6bcf4797a0b5e849e5e759ea0f5ace1c59
runtime/dist-arm64ec-spike/lib/wine/x86_64-windows/dmband.dll	file	339968	397588474458e826905cd4fdafcdf81ffc5d04466df0da2c8750e733f6f54a12
runtime/dist-arm64ec-spike/lib/wine/x86_64-windows/dmcompos.dll	file	638976	e9b56b52b9a906ee6326fb05ce2e588e8d20914c0f457cd61ee2f5f6cf010ee1
runtime/dist-arm64ec-spike/lib/wine/x86_64-windows/dmime.dll	file	1507328	a8be8a758287cd54d8466843aa35503522b85441375a327ea5d73aeef19913b1
runtime/dist-arm64ec-spike/lib/wine/x86_64-windows/dmloader.dll	file	679936	837a35120a65333914f6affd94ea8573d9e65f0d6dd4301f0166c26bc0eb21b0
runtime/dist-arm64ec-spike/lib/wine/x86_64-windows/dmscript.dll	file	602112	6e35e6ea0ed41e17a3506953f4cf64978e95ed1f526cfd8d5cd093c891ee8320
runtime/dist-arm64ec-spike/lib/wine/x86_64-windows/dmstyle.dll	file	860160	6eec07e689bc3c187632d5d0d5b2a0b868350225d5b4a28f148492000f87ae5d
runtime/dist-arm64ec-spike/lib/wine/x86_64-windows/dmsynth.dll	file	2113536	5ef4d13d8e8a7932d14b76be114eb08263450b62b24c6d4b7ba3a6255d93303b
runtime/dist-arm64ec-spike/lib/wine/x86_64-windows/dmusic.dll	file	921600	b03c22c966f91a49697994dbda5cc50b39e10891fec5726bd09ed3b4ba23c29c
runtime/dist-arm64ec-spike/lib/wine/x86_64-windows/dmusic32.dll	file	69632	1b5670c2910cdf5aab64db77759f20a85a4c5b0988e48579e3417fcc060e2b0d
runtime/dist-arm64ec-spike/lib/wine/x86_64-windows/dnsapi.dll	file	266240	458c02c9e7f9ceb7d9d039e92d9ef496b8f983ca753efc65be76900d0e69b9ff
runtime/dist-arm64ec-spike/lib/wine/x86_64-windows/dplay.dll	file	49152	ff34ea91064df3708115d9bbdfbb03cb9f4fcfb31fe8fa292c8f8e855f04da3b
runtime/dist-arm64ec-spike/lib/wine/x86_64-windows/dplaysvr.exe	file	90112	e3d05826f505349743fc63087cb227616c50bc95db9ecb28cad2b78208a31f55
runtime/dist-arm64ec-spike/lib/wine/x86_64-windows/dplayx.dll	file	1138688	99a150e96ba19ab7d6574418434789c92eb8a9c2e3968c5b26087d249fd48832
runtime/dist-arm64ec-spike/lib/wine/x86_64-windows/dpnaddr.dll	file	49152	332f5b3a9107a6c5cb14905c6b4f534108cc31f22ae6d1ae88d2ed18ca20c1b1
runtime/dist-arm64ec-spike/lib/wine/x86_64-windows/dpnet.dll	file	630784	be4e7980450658ada72b507b4234a22f5045e86dab031dc3dfb5ecefe014a163
runtime/dist-arm64ec-spike/lib/wine/x86_64-windows/dpnhpast.dll	file	81920	c06ad6c8ff5b1b28d9650ef02da27d1dc02d9aa1f9a2280a90ac383a7790c90c
runtime/dist-arm64ec-spike/lib/wine/x86_64-windows/dpnhupnp.dll	file	86016	bd3f99747907bdc7f0fe6b45a3268c324bd030f90bbd9bd40ed976aaa75854b8
runtime/dist-arm64ec-spike/lib/wine/x86_64-windows/dpnlobby.dll	file	49152	5ab90d9514493d4876f4ddb59c2a43b87c721488593bf75296b6733401fad97a
runtime/dist-arm64ec-spike/lib/wine/x86_64-windows/dpnsvr.exe	file	90112	fc78b3711be9421f875495d23515906d22127e66451a4919588241ae01663714
runtime/dist-arm64ec-spike/lib/wine/x86_64-windows/dpvoice.dll	file	454656	d0c9f362e1fd7741986ac344b9aac74e5d9ef2691008d91a88481a9ece5a206b
runtime/dist-arm64ec-spike/lib/wine/x86_64-windows/dpvsetup.exe	file	90112	730c827de582bf2cc8ab95d7421eb631bb54a4ff71e86594aae5a9a6e9550248
runtime/dist-arm64ec-spike/lib/wine/x86_64-windows/dpwsockx.dll	file	192512	d69cc98a9c8215608ece8eee177f3f5948ba2b03a07abe1562d520f9ac8598ee
runtime/dist-arm64ec-spike/lib/wine/x86_64-windows/drmclien.dll	file	61440	9edcbbb17580964814849206d8d137a66df771cb6f8d851e0922b09a4904c7d8
runtime/dist-arm64ec-spike/lib/wine/x86_64-windows/dsdmo.dll	file	552960	e755fa45ec2c0988ca8281f7572489afc8b0fd330db97fb73696c8df7be3899a
runtime/dist-arm64ec-spike/lib/wine/x86_64-windows/dsound.dll	file	1298432	49caf96ee320193dee9036e81fb73cae3ede5248d08a129b4661a378fad19d7e
runtime/dist-arm64ec-spike/lib/wine/x86_64-windows/dsquery.dll	file	417792	6c1c8d10ee66af65abf0875a71d078e95897f46904e633b64f040c593a8f37a5
runtime/dist-arm64ec-spike/lib/wine/x86_64-windows/dssenh.dll	file	155648	db53e88b7f47b3273d02317acb87b5344457a5a2571c2125a73f174944b0ede5
runtime/dist-arm64ec-spike/lib/wine/x86_64-windows/dsuiext.dll	file	409600	aafef2743052ad3b2a31079f8e2763f1192212b7e3401cdaae1cd94774441f6d
runtime/dist-arm64ec-spike/lib/wine/x86_64-windows/dswave.dll	file	536576	771fdd9ef9698b3b24cac75735473e36bb58271e6d05e1b64c90b2a175e02fa2
runtime/dist-arm64ec-spike/lib/wine/x86_64-windows/dwmapi.dll	file	131072	a7cc6e4a4118f6735994f2bab06d972a17e17c7ecbf96e6b4fe9ef9459593f50
runtime/dist-arm64ec-spike/lib/wine/x86_64-windows/dwrite.dll	file	2457600	7b5c6d0855d1e64f63472b7623a6aedc8c62d2ec5a84aea8ef0bf7cdff33cc5d
runtime/dist-arm64ec-spike/lib/wine/x86_64-windows/dx8vb.dll	file	417792	cc168f22a13ca43d32b067997f8eb3322678c5aee48de1d86cc86119c71aac92
runtime/dist-arm64ec-spike/lib/wine/x86_64-windows/dxcore.dll	file	126976	9b1cf95c184b0186fc0e87e5b5f96ecf9c4e93c67164d48053fe420331f70332
runtime/dist-arm64ec-spike/lib/wine/x86_64-windows/dxdiag.exe	file	262144	7bde56ff0cbd8263d71679b370c0b6c1ce8a2e6cba3303a02d5effb387e40a9a
runtime/dist-arm64ec-spike/lib/wine/x86_64-windows/dxdiagn.dll	file	471040	4fcde34c5514bef0f179685119dd5f95dc4e862e218cb4611d056437435e7675
runtime/dist-arm64ec-spike/lib/wine/x86_64-windows/dxgi.dll	file	1294336	2da12c1fb968a8ff7d639d60166d532b6d873109c21541b59cfba8fcd1359d1a
runtime/dist-arm64ec-spike/lib/wine/x86_64-windows/dxtrans.dll	file	86016	6c6d01d326d8c74e2dd061fb0783a79686dbfd6863954c03c5f2d113b77902b8
runtime/dist-arm64ec-spike/lib/wine/x86_64-windows/dxva2.dll	file	520192	f609e58b8d4b058f517e746ad143a4deb5845033e25b7d8b46db887f293865a8
runtime/dist-arm64ec-spike/lib/wine/x86_64-windows/eject.exe	file	90112	a16dfbd483a4eb504dfb26f41b328da0559e2a18ebe633187bb7cadb075ed41c
runtime/dist-arm64ec-spike/lib/wine/x86_64-windows/esent.dll	file	135168	0b59ed4e9c614a438b13352b71b3c3088b197c1e712ddba7d1a87b2c38aca514
runtime/dist-arm64ec-spike/lib/wine/x86_64-windows/evr.dll	file	1708032	3bfd23a0cd0e4267e0a0fc8feff2f9de8077bde6baa5d572e38bbd967bd34d15
runtime/dist-arm64ec-spike/lib/wine/x86_64-windows/expand.exe	file	69632	98cdc466e043803bf87dea77e46bd93d1cd71666d961e0aacedf7da12fb1e091
runtime/dist-arm64ec-spike/lib/wine/x86_64-windows/explorer.exe	file	638976	a9062d9bf75817b36a551a2e983e25a9dc0d1bbf50c03d492cdde1d03dbe420a
runtime/dist-arm64ec-spike/lib/wine/x86_64-windows/explorerframe.dll	file	528384	3cf6906056e4fd284ca1e4a274f3296a2dad25a3130e7a94c32cd25f4950b604
runtime/dist-arm64ec-spike/lib/wine/x86_64-windows/extrac32.exe	file	106496	530fcb0c4cf7c452d5757ac13ef1dadaf7441b9d3befae2db2b8fb15c647556d
runtime/dist-arm64ec-spike/lib/wine/x86_64-windows/faultrep.dll	file	86016	e3e0bc8279ad6802eb34aef60b9e7055b06cc6c0cf9f112eef815d1aed27a82f
runtime/dist-arm64ec-spike/lib/wine/x86_64-windows/fc.exe	file	110592	931ccd7f4788a31b4c6907030876d3aaa54b749c0c640f68583210c1ef031e7a
runtime/dist-arm64ec-spike/lib/wine/x86_64-windows/feclient.dll	file	65536	9515ba90b8f5be6d3d71b1152c02c6cbb6e12faa31457b3eb662d1043e2e2471
runtime/dist-arm64ec-spike/lib/wine/x86_64-windows/find.exe	file	98304	811f3e8e3de32614db314a881adce279a497bcae83bdfb412ca99a695b1c1b5a
runtime/dist-arm64ec-spike/lib/wine/x86_64-windows/findstr.exe	file	110592	a33cbe5a5fe3c21aa630256096eee18a2da4f608c91ccdea1674c80c12d12dbf
runtime/dist-arm64ec-spike/lib/wine/x86_64-windows/fltlib.dll	file	90112	3c5e8fc7c1d9437ddf159e9180e5de3f50dd0ed30d9a9ca34b70475c894ba854
runtime/dist-arm64ec-spike/lib/wine/x86_64-windows/fltmgr.sys	file	155648	bd1c5c63c688ce8c68cc4f43c242306b1cf548042014426b097e6ade809db339
runtime/dist-arm64ec-spike/lib/wine/x86_64-windows/fntcache.dll	file	77824	33a84d0f8294b16e517875af4f409a816f47a84383c511a0ba3924e3be77a6de
runtime/dist-arm64ec-spike/lib/wine/x86_64-windows/fontsub.dll	file	69632	dea79205b59b8f3d018d3c6bed08b7d4f07eba64e90b78d9c0336115178a3d99
runtime/dist-arm64ec-spike/lib/wine/x86_64-windows/fsutil.exe	file	102400	16bece98bb3fb5df0dc9672d96373e7a2aabbe4aa6e8bf6e52207f9cb7f04918
runtime/dist-arm64ec-spike/lib/wine/x86_64-windows/fusion.dll	file	249856	acb1bf90989297a20d6ea1dda74954903013dbf5cde2337e868c60c90132c766
runtime/dist-arm64ec-spike/lib/wine/x86_64-windows/fwpuclnt.dll	file	118784	57cbeafd93691817d849893de0941f92a26263cd27ecb9d2410b671afc9c5e44
runtime/dist-arm64ec-spike/lib/wine/x86_64-windows/gameinput.dll	file	102400	4ee0fb3123e888430bcc6860fdf75b7a9d3c51d71860401800633f533733251a
runtime/dist-arm64ec-spike/lib/wine/x86_64-windows/gameux.dll	file	606208	8294e6a201031b8d46e905918e19c9d240747f11f6dde4f1d51cfd5552c6cfbb
runtime/dist-arm64ec-spike/lib/wine/x86_64-windows/gamingtcui.dll	file	77824	32b0dd9e21a386fa9cf4da722e576d3575acdfb5aa442ac6e79e765b2833d7e6
runtime/dist-arm64ec-spike/lib/wine/x86_64-windows/gdi32.dll	file	2121728	3c3070e47c787ba3c333454ef0110dcadef43ffac4f0ac9669f5b5c6eeed08c5
runtime/dist-arm64ec-spike/lib/wine/x86_64-windows/gdiplus.dll	file	2379776	7bce4880d61c56ab64ea5b9ae37ddd4b696b24d1f31e58194950b61b6e0c2506
runtime/dist-arm64ec-spike/lib/wine/x86_64-windows/geolocation.dll	file	147456	90fd292513994361a95fa4a11075127908c21b3fe4b45833567432e7e43bd2f1
runtime/dist-arm64ec-spike/lib/wine/x86_64-windows/glu32.dll	file	630784	dc71ad6bbe8b4a480e25215a1bb271f3dedd55a160ec693d4ad69db2c390d305
runtime/dist-arm64ec-spike/lib/wine/x86_64-windows/gpkcsp.dll	file	61440	692f061a04e6be70ae295f9b1fe86a6b1e3312f6c1f73927f23685bceef2dfcf
runtime/dist-arm64ec-spike/lib/wine/x86_64-windows/graphicscapture.dll	file	200704	87a85917436ce5e8e5261ccbf8c8e5d78598b549b2800ddc989bf6ca3dffa5c8
runtime/dist-arm64ec-spike/lib/wine/x86_64-windows/hal.dll	file	94208	170677ab214a47d505b30ac7f01be5f8256a1122848db144f605a71203307b61
runtime/dist-arm64ec-spike/lib/wine/x86_64-windows/hh.exe	file	135168	9bf051d9ddcfd64b64d64cbb062b636dc84aa9d4e2aa8c5bb2a94ea1667d0e1f
runtime/dist-arm64ec-spike/lib/wine/x86_64-windows/hhctrl.ocx	file	1036288	f8645551bde32b24b441865b1e6d5b531232c88115e61b340706a9e47d98ac21
runtime/dist-arm64ec-spike/lib/wine/x86_64-windows/hid.dll	file	192512	7d7ea612c745d837295ad422fb7bcc4e4b6258306f492fd103c592e724796250
runtime/dist-arm64ec-spike/lib/wine/x86_64-windows/hidclass.sys	file	221184	0d32667731df15d5608001dcc502c44499ea912d12874614d90a7eba1e2f779b
runtime/dist-arm64ec-spike/lib/wine/x86_64-windows/hidparse.sys	file	196608	c8baacbb110d267c8136e5e7300f3b06221e62a3af3b2583217e6eca3b007462
runtime/dist-arm64ec-spike/lib/wine/x86_64-windows/hlink.dll	file	606208	d83a19e353690c3721b84c7a1d3095e7eee36dd404da9df9e377ed33c9af2578
runtime/dist-arm64ec-spike/lib/wine/x86_64-windows/hnetcfg.dll	file	634880	55bdfdca4307d400c65b811d6747967e08c74d6c21bb505ca3137212667842fe
runtime/dist-arm64ec-spike/lib/wine/x86_64-windows/hostname.exe	file	90112	5a5a95dc47a10e5470a9169b5b55bf083095fcf0f09d1173be85c11bfdeb2e8c
runtime/dist-arm64ec-spike/lib/wine/x86_64-windows/hrtfapo.dll	file	73728	08cb4690c4876eef3a1e34f84311c7a09876b4d3e5e67b0c3263a31baa058a19
runtime/dist-arm64ec-spike/lib/wine/x86_64-windows/http.sys	file	167936	46f2cf880e94558044d03faf33a0930ef47d59175d3593834be253b3a482d20b
runtime/dist-arm64ec-spike/lib/wine/x86_64-windows/httpapi.dll	file	155648	3079c8c2ff4ea28349031aa38d83d272152627f4d3c7c0d7beb209b9446cd530
runtime/dist-arm64ec-spike/lib/wine/x86_64-windows/hvsimanagementapi.dll	file	131072	30d552e6817250e35af59747c7b9fef0221c2013bf34844c42599eccd324fe91
runtime/dist-arm64ec-spike/lib/wine/x86_64-windows/ia2comproxy.dll	file	122880	04923127561c07518cd9c2fe5167abf97cf17f451b9466769c39c6e70e25732d
runtime/dist-arm64ec-spike/lib/wine/x86_64-windows/icacls.exe	file	86016	996e2b0700b16a40f7eed2ca9a0996019bb77badd0f417557b575531267fd233
runtime/dist-arm64ec-spike/lib/wine/x86_64-windows/iccvid.dll	file	126976	e579806aff794237a627f7e830cbfb915389f9dcb4b958e617a6c084d6b4508c
runtime/dist-arm64ec-spike/lib/wine/x86_64-windows/icinfo.exe	file	69632	3a2fa8a74cc76a735ddfa94529e1cd6244ecddc57f41f4d34480749728c9bedf
runtime/dist-arm64ec-spike/lib/wine/x86_64-windows/icmp.dll	file	8192	8091ba31d8a588cafe8537a13cc970ff650524827fa90874a7d84a7e39b96d83
runtime/dist-arm64ec-spike/lib/wine/x86_64-windows/icmui.dll	file	69632	520d72a8efbb602df4b60364c1c7dca63a7070553a046238746c517ecc310b54
runtime/dist-arm64ec-spike/lib/wine/x86_64-windows/ieframe.dll	file	2809856	b1612f9bbcb3e7dd59f2ff5ceca247c2b7b984ade647afa3d9b33d1b0e4ecbf0
runtime/dist-arm64ec-spike/lib/wine/x86_64-windows/ieproxy.dll	file	397312	4c96a56d5c5d968cb45ce151ea408c030f4895f87b8889bfaecd0f519e18177e
runtime/dist-arm64ec-spike/lib/wine/x86_64-windows/iertutil.dll	file	131072	37e22db4bef639254739dc57b575df42ebaf17b112c39c4715ac43f7f90a0854
runtime/dist-arm64ec-spike/lib/wine/x86_64-windows/iexplore.exe	file	184320	1b0cd1bafdfc7cf6ba84d26496e9cfa2314f7d9e029996a6aa563962af9b3581
runtime/dist-arm64ec-spike/lib/wine/x86_64-windows/imaadp32.acm	file	106496	11d1a433bfa63eccc317ed5bd442ad23026df32592613adda74a1a94116f11f2
runtime/dist-arm64ec-spike/lib/wine/x86_64-windows/imagehlp.dll	file	241664	024343bd62d6d5c3f23209022946cc04fab2f3edc986b418712559dc1797055f
runtime/dist-arm64ec-spike/lib/wine/x86_64-windows/imm32.dll	file	454656	45b665b5bfd032e524f1bb747b3352917d31ab6c612a99af47d3ccaaeadfa0ce
runtime/dist-arm64ec-spike/lib/wine/x86_64-windows/inetcomm.dll	file	1105920	f2932f647bd3cabb5595f24ffb96afb955be2c3d793703210c827053b0b919ab
runtime/dist-arm64ec-spike/lib/wine/x86_64-windows/inetcpl.cpl	file	479232	6216b2c93198607e7da344c13ddd6d889015a8cb07444bfbe226f6c50ff3664e
runtime/dist-arm64ec-spike/lib/wine/x86_64-windows/inetmib1.dll	file	147456	71b00b8e83be4e95b653ff290a78f83e7ef34d500ee140f91805c0776f207fad
runtime/dist-arm64ec-spike/lib/wine/x86_64-windows/infosoft.dll	file	401408	a894e2f650fd8f18c0a958deed6112d5facb84f06c9562f1656ab6c0dc462875
runtime/dist-arm64ec-spike/lib/wine/x86_64-windows/initpki.dll	file	61440	83700dc436945a58817b94cf6a8b0442f264d65771b6f37a228d05e9d05d0f6a
runtime/dist-arm64ec-spike/lib/wine/x86_64-windows/inkobj.dll	file	77824	61faa9edd06501c6da80bf905a951ff77af49e1b82ac25da9eba16a5f71f8597
runtime/dist-arm64ec-spike/lib/wine/x86_64-windows/inseng.dll	file	421888	1246858d8c5c31a37f6c04777683f0506706b797c495ef9b3d15b1dad3fba37a
runtime/dist-arm64ec-spike/lib/wine/x86_64-windows/ipconfig.exe	file	114688	ad9089dee2412ead6bf3bbc7d90adf170999a9fad72a9c596308259fc2efc129
runtime/dist-arm64ec-spike/lib/wine/x86_64-windows/iphlpapi.dll	file	692224	99e6240e5f0d5d6ad651755a2106649620b67df9bf8f16eb0cb2b3d0969b66eb
runtime/dist-arm64ec-spike/lib/wine/x86_64-windows/iprop.dll	file	45056	29ea3561ea18448831d15f62831ea9bf06678f86c08e050922cabe030d92f180
runtime/dist-arm64ec-spike/lib/wine/x86_64-windows/ir50_32.dll	file	172032	cf6b708eace6a725db8182a4932f01a19c1250830bd0bf5b77dc279ca4c022a1
runtime/dist-arm64ec-spike/lib/wine/x86_64-windows/irprops.cpl	file	65536	ce42c9e5a074b237d52f4a77276825e70eb733f4ce2a6d3ea344a77335f30377
runtime/dist-arm64ec-spike/lib/wine/x86_64-windows/itircl.dll	file	61440	05f82978de5a85f463b14d4c53a7f400f4b8c82316ef5237ea29c45d47fc9efb
runtime/dist-arm64ec-spike/lib/wine/x86_64-windows/itss.dll	file	638976	18c5a71ab11fc655233b49ad4902a34a5cfb381d00f1fc5dfe258f4368658bfa
runtime/dist-arm64ec-spike/lib/wine/x86_64-windows/joy.cpl	file	495616	e53fc2e82c79a9e7a28de47e6edabf2f644d76d1380202629030528d0d32678e
runtime/dist-arm64ec-spike/lib/wine/x86_64-windows/jscript.dll	file	3153920	b4ce0f6ffa743a7f037d2c9b9d81496d7b79d24e31b539a78fb4cda711aa2150
runtime/dist-arm64ec-spike/lib/wine/x86_64-windows/jsproxy.dll	file	425984	4a378e8f42443a98d928ad04c8803058cd05e954475dd0f17a6df4c6551d8ec7
runtime/dist-arm64ec-spike/lib/wine/x86_64-windows/kerberos.dll	file	163840	6a52749a2dd86b1f34e755f5909766e5892426e01f4be864a014b3b5ede08698
runtime/dist-arm64ec-spike/lib/wine/x86_64-windows/kernel32.dll	file	1630208	20fbb1222df5bb8b86c075e10e7ed40cb46f843e23ed50703e34c887e2bf2579
runtime/dist-arm64ec-spike/lib/wine/x86_64-windows/kernelbase.dll	file	5554176	1ca43fea562176f267a26d3a6335593c337acda1c206283ed079baa2f34ecc44
runtime/dist-arm64ec-spike/lib/wine/x86_64-windows/klist.exe	file	118784	277565d0862fa63d0ba1528b65e398e91e469efea566ecc3117bfa10d0949bb3
runtime/dist-arm64ec-spike/lib/wine/x86_64-windows/ksecdd.sys	file	126976	02a63bef7ecbf094ac6f94d7386bc6b553496e87db70eeb305092289c162a2de
runtime/dist-arm64ec-spike/lib/wine/x86_64-windows/ksproxy.ax	file	65536	23a55befa554ce4f97d4c578aab3f79babbbb451845b43ad3268f25bdf07dc37
runtime/dist-arm64ec-spike/lib/wine/x86_64-windows/ksuser.dll	file	61440	9c4bc23b8d3d5fd29caf5d4a4f11cb44fc07e50be51f8a8e9393c71aeffe40d9
runtime/dist-arm64ec-spike/lib/wine/x86_64-windows/ktmw32.dll	file	69632	e363fe4feb657f3279b1ba9e28d2d9ee4409aa58c45094a9621c3dd0c6d009a7
runtime/dist-arm64ec-spike/lib/wine/x86_64-windows/l3codeca.acm	file	1114112	8fcb07b1d1117bf0b3ebeceaf28e7dbde9d9e7077e48a186c12a9eb414858e8a
runtime/dist-arm64ec-spike/lib/wine/x86_64-windows/l3codecx.ax	file	458752	86eb24235b6e4c86b8bb7987dd1ba551a06abdbd2e6f0592cb63edc7f2c61ab1
runtime/dist-arm64ec-spike/lib/wine/x86_64-windows/libaclui.a	file	1740	b06ddac42abe731a69fb7675ef4ad852b0c44cc9e9d43db3502fb2719db39f85
runtime/dist-arm64ec-spike/lib/wine/x86_64-windows/libactiveds.a	file	4358	f80976e2d38e21d7a9f61e015e358c8473b32937db66ee67b82ae77c53747116
runtime/dist-arm64ec-spike/lib/wine/x86_64-windows/libadsiid.a	file	6032	5660924b5faa4261144f3753d403b77fcb8f77cb463d2b655ef80febae2bb270
runtime/dist-arm64ec-spike/lib/wine/x86_64-windows/libadvapi32.a	file	121354	1cf843c4241e8043065adec8986a1cd778d890dc11e632846ab4f27f1f428179
runtime/dist-arm64ec-spike/lib/wine/x86_64-windows/libadvpack.a	file	17978	e550700cdf73bbf8320080a4ecaca898b83e9e86b4c921006865187ec4a61ac4
runtime/dist-arm64ec-spike/lib/wine/x86_64-windows/libatl.a	file	11296	241c2b57a03d11bce14b683af0e9907e0debdca1cb45e20e4f76f3864c2194a6
runtime/dist-arm64ec-spike/lib/wine/x86_64-windows/libatl100.a	file	11400	b94237f6d90245fea51a766690ad1b0025e915441569ab60ea3aa95cdf01c0ac
runtime/dist-arm64ec-spike/lib/wine/x86_64-windows/libatl110.a	file	11400	f8eaa7a3cf474ba8d454a973071ab98da26e1ff4b009ce4e3186fa3356031b81
runtime/dist-arm64ec-spike/lib/wine/x86_64-windows/libatl80.a	file	11324	4bd95fbbac71233e1cddb19ab1576aa3968edb7ca7adc7198fd0c97ce4fb453b
runtime/dist-arm64ec-spike/lib/wine/x86_64-windows/libatlthunk.a	file	2054	16b039fdd9f121a23408fa0a9bb7819a6200749eddfc83ae25005240eb50fe1e
runtime/dist-arm64ec-spike/lib/wine/x86_64-windows/libavicap32.a	file	2152	c97fa15072e891f40bc389e0773b3a3ff6286f692a7e59079f6fe49685292976
runtime/dist-arm64ec-spike/lib/wine/x86_64-windows/libavifil32.a	file	16476	11c113f228eda5096c93cf1a8c612e95f1679c1bba7bd27735711ff7e721555e
runtime/dist-arm64ec-spike/lib/wine/x86_64-windows/libavrt.a	file	3008	981e70c306a9f1309e9053c302c8e311250f2aa8a32b9926d60362c3bdd57753
runtime/dist-arm64ec-spike/lib/wine/x86_64-windows/libbcp47langs.a	file	1664	89808e0ead6af04de811cadf26f4e0f546082035a8542de6a1bb0da051c00597
runtime/dist-arm64ec-spike/lib/wine/x86_64-windows/libbcrypt.a	file	9888	e22f10d3e8dbbdb8a4823aee55cf2b7b10765315cb4c9617c760c883ef409915
runtime/dist-arm64ec-spike/lib/wine/x86_64-windows/libbluetoothapis.a	file	7378	c1f1433e70560dc2b619eb00ce1a77259b2d71f63c54ff0890474a334a0121b8
runtime/dist-arm64ec-spike/lib/wine/x86_64-windows/libcabinet.a	file	3154	8653b557df2eff69a78e7099a411e72ba30c5067badd8aec7ef61856f078f202
runtime/dist-arm64ec-spike/lib/wine/x86_64-windows/libcards.a	file	1974	d2dda7ae0026e76806bb703f58372180736088f3dd5932af822f253bbc1aed28
runtime/dist-arm64ec-spike/lib/wine/x86_64-windows/libcfgmgr32.a	file	18140	43d65886dc32fa59f65e00a37a9c46d63b601c73c2cfafece5a1b6b551d341b0
runtime/dist-arm64ec-spike/lib/wine/x86_64-windows/libclusapi.a	file	2570	bf4b05a00ebe1aeb7e6b0ac1cb84ab5e0d421b15623fd8423d3bcc01aaf697fc
runtime/dist-arm64ec-spike/lib/wine/x86_64-windows/libcombase.a	file	43316	78ab1845ba74ac4d4890e5d7af96bfcd3a5c596e0e5fa1a4186b5d8328046012
runtime/dist-arm64ec-spike/lib/wine/x86_64-windows/libcomctl32.a	file	31960	c3532b5afd9a56d14c8ff7808b17b9097d5663c0e74845e67b745159535b96da
runtime/dist-arm64ec-spike/lib/wine/x86_64-windows/libcomdlg32.a	file	5154	57b5d4c45a522a84e2b9f1cd51faa4ee1ac8d4c3fac7a96a4ff1a1baae0d5615
runtime/dist-arm64ec-spike/lib/wine/x86_64-windows/libcoml2.a	file	3660	49a836482fedffb3cbca11e5199d4e358b663cb3c976e64e82e11cbe247ce9b4
runtime/dist-arm64ec-spike/lib/wine/x86_64-windows/libcompiler-rt.a	file	77276	2b3f15e36e5853468ae04aae6e67c817ca7e9aee19eae89a420214efe8a6791e
runtime/dist-arm64ec-spike/lib/wine/x86_64-windows/libcompstui.a	file	2060	0e986ff2fe59167016ca558de4deb733cd915dbee9db887bea83890298964abe
runtime/dist-arm64ec-spike/lib/wine/x86_64-windows/libcomsvcs.a	file	1168	9a4bda1badb98d26c5d0cfdce364428c6d9c4823519c24179c85b38496bd632c
runtime/dist-arm64ec-spike/lib/wine/x86_64-windows/libcoremessaging.a	file	1580	27f54e2230893a9c115bff074e6094d2fdf3f4515e63e6cca8f2df5cd397793e
runtime/dist-arm64ec-spike/lib/wine/x86_64-windows/libcredui.a	file	4070	b41cb3a13b673b2e4d71f9745d5467816fbccbccad37c6983535bf8d4682cee5
runtime/dist-arm64ec-spike/lib/wine/x86_64-windows/libcrypt32.a	file	51884	bb75ba83978cb32c98cb8e8e11dfd1098a912cfa06753f5ed6757be558d2eef5
runtime/dist-arm64ec-spike/lib/wine/x86_64-windows/libcryptdll.a	file	1676	7324fd8339f10e970b25adc443fa22e8c05cc2d1c997a4123c4f800523ca877b
runtime/dist-arm64ec-spike/lib/wine/x86_64-windows/libcryptnet.a	file	2134	46fa87c9bc1cd260e35be6251847043ac7b1a87ebaf1db547d05868dc9b130c1
runtime/dist-arm64ec-spike/lib/wine/x86_64-windows/libcryptsp.a	file	14676	cc66e7ee66ef62d5a423c2f4895a12f3d2b0d0ecce7ebc4f8c7ffe1f824e3b0e
runtime/dist-arm64ec-spike/lib/wine/x86_64-windows/libcryptui.a	file	4322	c6a3987e6fe651155743dd90d480d1e052c75c76b08729a6d2b6a5d0d9989fad
runtime/dist-arm64ec-spike/lib/wine/x86_64-windows/libcryptxml.a	file	2506	1cca326590efd625634e9993339c77327f61c8fb2240d58ff07a2d4ad37a4933
runtime/dist-arm64ec-spike/lib/wine/x86_64-windows/libd2d1.a	file	3678	126e7c8b57d7c5496062c7af8acb2f67ef5d8c05305eef6d7595a9a70c2244df
runtime/dist-arm64ec-spike/lib/wine/x86_64-windows/libd3d10.a	file	7492	58645cea4e3456a725a2ff01a42a8599d206bb843b8aad23f648ad86152c3923
runtime/dist-arm64ec-spike/lib/wine/x86_64-windows/libd3d10_1.a	file	7570	0963cab57a37660ccb3f1dbbaa043983eaf8ca8d075efbbd97eb59aa6a5fab8c
runtime/dist-arm64ec-spike/lib/wine/x86_64-windows/libd3d10core.a	file	1658	2e83dcbdee0247cd0112f55959364fc8c93b6bd0a89b1cefd92aacfc4b35e5e3
runtime/dist-arm64ec-spike/lib/wine/x86_64-windows/libd3d11.a	file	4042	e772b8bbb7545df9dd8f206d3d295d13662e0a23334c9dca983fa44d7e3ff906
runtime/dist-arm64ec-spike/lib/wine/x86_64-windows/libd3d12.a	file	3086	0b4aa963493468f17919dc88be6e5ae33443ae63315318cea1ad90fb899c6a43
runtime/dist-arm64ec-spike/lib/wine/x86_64-windows/libd3d8.a	file	2152	b5b7ac5dcc06b3fd552bcdaa59ccce2c85b7ee093022bc7d418af1eb3a9dbfe0
runtime/dist-arm64ec-spike/lib/wine/x86_64-windows/libd3d9.a	file	3714	d7792f28bd77b0e4575e8ccda27f31411707ab8216fced81e5ca8dbe467bd239
runtime/dist-arm64ec-spike/lib/wine/x86_64-windows/libd3dcompiler.a	file	5220	201f885b13cb48107f4c716b590d56b2a6206c1baa21db7b2e996a2955058e9e
runtime/dist-arm64ec-spike/lib/wine/x86_64-windows/libd3dcompiler_39.a	file	3244	b8b191efa1fd9efb28f1735bd8c1b7f492cde9b3d10f0cdff168054da3e62be4
runtime/dist-arm64ec-spike/lib/wine/x86_64-windows/libd3dcompiler_42.a	file	3286	91905c084fda0dc88f11affe2be40cac2765c7aae174ee16aa4751db2f9be57d
runtime/dist-arm64ec-spike/lib/wine/x86_64-windows/libd3dcompiler_43.a	file	3686	81b56a969ea16585f0292721acd4b564aea9fdac4163f4b982f3850cb43516c8
runtime/dist-arm64ec-spike/lib/wine/x86_64-windows/libd3dcompiler_46.a	file	4536	09d45029d31fd83a2325866f54a8687b1816cfb2672109ae2992a222a8549931
runtime/dist-arm64ec-spike/lib/wine/x86_64-windows/libd3drm.a	file	5756	50b52201d3ce0aee053804c76987b89dca5f0cf2102ab2270de779cac92f7387
runtime/dist-arm64ec-spike/lib/wine/x86_64-windows/libd3dx10.a	file	37062	ed932a6bac4d61911ed3631c4010983b1304ba2a46cca7beaa28ae6c6661c6b8
runtime/dist-arm64ec-spike/lib/wine/x86_64-windows/libd3dx10_33.a	file	44774	71a5218015b6efd23b10c9c13929f33ad1caa6ef70861dc1debab6cdad947840
runtime/dist-arm64ec-spike/lib/wine/x86_64-windows/libd3dx10_34.a	file	44774	ca4ffe38fbdabd8b2202a68472795606965a6c5cd3e8c2b608986931de8db01c
runtime/dist-arm64ec-spike/lib/wine/x86_64-windows/libd3dx10_35.a	file	45508	e2c37e9010c22f2c9237daffcebcb042bc2756215542e3e6cce35e4150c06803
runtime/dist-arm64ec-spike/lib/wine/x86_64-windows/libd3dx10_36.a	file	45508	cf300009ca9a053d7e450f7b7b6dfc3261b67f0e3f4ce0e51018c17bf04853f7
runtime/dist-arm64ec-spike/lib/wine/x86_64-windows/libd3dx10_37.a	file	45280	5910b57aaae576301690403a1f9082581f23a9fb6b3a4d99edc19758a0d7c9fd
runtime/dist-arm64ec-spike/lib/wine/x86_64-windows/libd3dx10_38.a	file	45280	246335307d1b338768a937cc4a8698c2c607b6aaba0b2106623803fe80b088fb
runtime/dist-arm64ec-spike/lib/wine/x86_64-windows/libd3dx10_39.a	file	44574	9a88d3c51be60d49f8a1c2c7f8f04f6b759607c4988b59469a76ad8fbe516396
runtime/dist-arm64ec-spike/lib/wine/x86_64-windows/libd3dx10_40.a	file	44574	a752237e90ea9b7346882cd5c09908a062b4d87bf6ee6b2907caa86fd8e5771a
runtime/dist-arm64ec-spike/lib/wine/x86_64-windows/libd3dx10_41.a	file	44574	2e742b6fa5f41dbac5729e234cf58e124cac26e8e9ba587b48cc46f87b394081
runtime/dist-arm64ec-spike/lib/wine/x86_64-windows/libd3dx10_42.a	file	44574	e06ca54523e740758a49c7a6e285b33814c404a0186d1c12e24550b10b0a308c
runtime/dist-arm64ec-spike/lib/wine/x86_64-windows/libd3dx11.a	file	7810	942bc336d0df4759df18ecee062914420a818a57fdab366a7155661ae32a107c
runtime/dist-arm64ec-spike/lib/wine/x86_64-windows/libd3dx11_42.a	file	7810	303467bf9e89f5f0b44040c031f192e60d02aba7de16edd0dbac3ad77177a6b0
runtime/dist-arm64ec-spike/lib/wine/x86_64-windows/libd3dx9.a	file	65504	841ffd1040b8ff8a8a2e8f36f8d31c59180a12a2f22be6b61fc335590ccb1cb2
runtime/dist-arm64ec-spike/lib/wine/x86_64-windows/libd3dx9_35.a	file	64982	67bdedf163792e64070654d3609c1ebd78ebb6e4a73cf41fe0589d66dc6c5ac7
runtime/dist-arm64ec-spike/lib/wine/x86_64-windows/libd3dx9_42.a	file	65002	205bbe81a1407c8e5a3668622f86ccfc27623e3db7872f0df467062ce120b9b5
runtime/dist-arm64ec-spike/lib/wine/x86_64-windows/libd3dx9_43.a	file	65002	d8f5a7cb4e934aee6afdf82212b72c527e33748c7deab8c8765f138ecd51f308
runtime/dist-arm64ec-spike/lib/wine/x86_64-windows/libd3dxof.a	file	1370	bf7e5df16da15b2b069383aa004d096838065515e7d9c24fb021dfea1ccfad5a
runtime/dist-arm64ec-spike/lib/wine/x86_64-windows/libdbgeng.a	file	1958	879e5abe5e9bf66c42c0698830f00473cea355cdbff39f0c50b63a666fc582a3
runtime/dist-arm64ec-spike/lib/wine/x86_64-windows/libdbghelp.a	file	31264	980e17f5f9147af182943b534a851147c17325d299510d81d00248aac46dc40a
runtime/dist-arm64ec-spike/lib/wine/x86_64-windows/libdciman32.a	file	1790	2977ef1b55f2529ec427174e2537f10a8246cea952083cd1c69c56608aa2adee
runtime/dist-arm64ec-spike/lib/wine/x86_64-windows/libddraw.a	file	2928	bc345adcf9424f9f8371ce259c744e0dafaf864e5b924526157dc24fd95e1d86
runtime/dist-arm64ec-spike/lib/wine/x86_64-windows/libdhcpcsvc.a	file	1806	595d607c74dfda9d97e37af72b6f477fe3ce1efe9e2c5aba1a19670131a1730d
runtime/dist-arm64ec-spike/lib/wine/x86_64-windows/libdinput.a	file	20820	a35c127c2dba8e5d9bef67b3cf9d4cee75f1897a43350d0dddca45be9ac0159f
runtime/dist-arm64ec-spike/lib/wine/x86_64-windows/libdinput8.a	file	20396	f94e721cc0a6858b0ca721cd7b3021a5e423b9e62713146fdceeb3958dbd5560
runtime/dist-arm64ec-spike/lib/wine/x86_64-windows/libdmoguids.a	file	5514	2ca6ef283d2cfc199ac2d5faa3d66a18249d5be1e09f0f3b99f60c5a8b0744f4
runtime/dist-arm64ec-spike/lib/wine/x86_64-windows/libdnsapi.a	file	9520	a0a13ab4d2e466d80070c3fd7136db8e7c6f771b93db6299771623abdc1afdd9
runtime/dist-arm64ec-spike/lib/wine/x86_64-windows/libdplayx.a	file	2672	1037daca2581c3e8f3bc5d925d7a08ff86dc5dd4b5a0fcf345d74d61560f1117
runtime/dist-arm64ec-spike/lib/wine/x86_64-windows/libdpnet.a	file	1360	3919f6b7fd128cea8f69ac2e2c5c8c10078bed513ce9a3fa3ccf73955c11bb92
runtime/dist-arm64ec-spike/lib/wine/x86_64-windows/libdsound.a	file	3506	c852be47fa5c8be359eaacf4955aec3a6e223bbfd342bf84f3e80810b0f68df7
runtime/dist-arm64ec-spike/lib/wine/x86_64-windows/libdwmapi.a	file	6880	a348724de1e78e121bb433ef80f4373c5f6292284dffd18cd1877b7ee6037a69
runtime/dist-arm64ec-spike/lib/wine/x86_64-windows/libdwrite.a	file	1380	885cefad26aa11c4d8a58beda5794f7ec7d05864b3cd839d84ce4b9b06f88d65
runtime/dist-arm64ec-spike/lib/wine/x86_64-windows/libdxerr8.a	file	223930	b2a93f7bbd87651a8575666ff0c6b236e83eafde472cfc9b21ba5d650bbeedba
runtime/dist-arm64ec-spike/lib/wine/x86_64-windows/libdxerr9.a	file	263182	4f7bad3c24f3629c4999076121849d49f7a733fb7bd5872702b679d25d8e165c
runtime/dist-arm64ec-spike/lib/wine/x86_64-windows/libdxgi.a	file	2474	07b0fe4ed272a53805cc3174ad7c114104729d46c4e3d70c086449a5313a54a8
runtime/dist-arm64ec-spike/lib/wine/x86_64-windows/libdxguid.a	file	146312	17da444fb51818f4e50a4b86b5eaff0431e0d0f23ff0d19b3ff283672962a9e0
runtime/dist-arm64ec-spike/lib/wine/x86_64-windows/libdxva2.a	file	10684	a132f4e2e2dca3c2b1a8ed6722a7f487c844ecab4e377584e876805b28ce411a
runtime/dist-arm64ec-spike/lib/wine/x86_64-windows/libevr.a	file	4760	fc40fd2aad3760ab59cab95eeb6b5d92f643dac8a762921828745ff8bf1bb682
runtime/dist-arm64ec-spike/lib/wine/x86_64-windows/libfaultrep.a	file	1862	d0da986143f51f032dbab8a004126db21c93ea0c9009ce19068565905c9ac613
runtime/dist-arm64ec-spike/lib/wine/x86_64-windows/libfltmgr.a	file	3478	8e9cfb01c09b1d99e97797cadb3c71737d2881ed5f5f557a48f39d55ade9a2e0
runtime/dist-arm64ec-spike/lib/wine/x86_64-windows/libgdi32.a	file	95010	3289e08514b3312360add3e0395f8f8af4742ab8bdc097f12ae8b5c776b9f7c8
runtime/dist-arm64ec-spike/lib/wine/x86_64-windows/libgdiplus.a	file	145642	f0b576869fc0bbec00354b2bcafd63cb6bcd12dd6ef2eb491e62c001d38841e3
runtime/dist-arm64ec-spike/lib/wine/x86_64-windows/libglu32.a	file	11604	98500a568090dcd7705b710a9e146ee8591b6a157be60ea6378122bc6660b0e2
runtime/dist-arm64ec-spike/lib/wine/x86_64-windows/libhal.a	file	2202	82f5e3507160ff592fc9223f56c157de4b3ce88e3f3b622ee81c858db417dcb7
runtime/dist-arm64ec-spike/lib/wine/x86_64-windows/libhid.a	file	9616	e404f7bddc95f9d019274b0b9bac4268c523428f12f24297478c67c40f8f9429
runtime/dist-arm64ec-spike/lib/wine/x86_64-windows/libhidclass.a	file	1408	fc4af0d832f5c97b836cb187ade357dd2c28c078f9b00df4a282673d0a28f609
runtime/dist-arm64ec-spike/lib/wine/x86_64-windows/libhidparse.a	file	6280	ff00f672196eebc9f137f094714436d4b47c725f97eb82654a3c4c15222df798
runtime/dist-arm64ec-spike/lib/wine/x86_64-windows/libhlink.a	file	4774	398dcacbd15767f385feaccc2a114772219d192e7fbbc6fa822fdcaa42d9d191
runtime/dist-arm64ec-spike/lib/wine/x86_64-windows/libhtmlhelp.a	file	1670	fb31c08efed07124abe97d8f3817a53f157705892a4934250c54f12fb190554b
runtime/dist-arm64ec-spike/lib/wine/x86_64-windows/libhttpapi.a	file	6546	d02b74d165d02c599b8e942204472bdb1d2f8aafa56f3ffd3ba178981c88db9f
runtime/dist-arm64ec-spike/lib/wine/x86_64-windows/libicmui.a	file	1370	45e9a9cabea153395762f256c102f562b1b59b0b7f9a0fdd0fe1b8ce6bd143b1
runtime/dist-arm64ec-spike/lib/wine/x86_64-windows/libieframe.a	file	2200	dfae51c32d3ab501c24181b1df7096706ce047a842a9381b872a188e71e9feef
runtime/dist-arm64ec-spike/lib/wine/x86_64-windows/libimagehlp.a	file	21924	a9c54d3ceb86400876020d9270eb08fbfb0021ecc7161934edadfc703416bca5
runtime/dist-arm64ec-spike/lib/wine/x86_64-windows/libimm32.a	file	20998	7f1a112180cae358611cea31ecf5726d4e30f4f20b53dd378ef4c310d0cb9948
runtime/dist-arm64ec-spike/lib/wine/x86_64-windows/libinetcomm.a	file	4638	585cefe7447988d254f32a1a59f101a331288177497415d95bc4c34724c996c8
runtime/dist-arm64ec-spike/lib/wine/x86_64-windows/libiphlpapi.a	file	27192	b2d931772c9cb1f3afa50be86a9733d6d1ada8b8c1bdd20e08ecbbdd3b0e385a
runtime/dist-arm64ec-spike/lib/wine/x86_64-windows/libjsproxy.a	file	1956	86a708afa02fafb7ce067499c0a194f0fe6529cec9e7dd2bc512255a685eb7b0
runtime/dist-arm64ec-spike/lib/wine/x86_64-windows/libkernel32.a	file	269796	9e64f3b42ead67088972a201d8d742aa22c4cdea2e486bb1287032b3542a223e
runtime/dist-arm64ec-spike/lib/wine/x86_64-windows/libkernelbase.a	file	296574	8991d7f9c3b41dd6097b4906960a43f6671afaa5a230e099b311d6b56d139d76
runtime/dist-arm64ec-spike/lib/wine/x86_64-windows/libloadperf.a	file	2648	e66006ab0e6bdeba328a403f95e48771a416f67cbacf23b9be298caa0ce4f80e
runtime/dist-arm64ec-spike/lib/wine/x86_64-windows/liblz32.a	file	3152	b2178a586a888fd37430d2530357f33314c058324388f4de54b3361a37fcaa6a
runtime/dist-arm64ec-spike/lib/wine/x86_64-windows/libmapi32.a	file	19900	0cf14c23fe9d0085b43537263b8f5d2ce0032d21c6d7ed8dd4c2d3eaf082d3ba
runtime/dist-arm64ec-spike/lib/wine/x86_64-windows/libmf.a	file	8214	d5a1adb62c7b0296cfee61f17865607ff62fff1459a296b57a755a534f2c8c0a
runtime/dist-arm64ec-spike/lib/wine/x86_64-windows/libmfplat.a	file	28844	ffb7360d21fa1fc9e803f011f6ca6e334f690101254dab981b8e72dc3e2030b7
runtime/dist-arm64ec-spike/lib/wine/x86_64-windows/libmfplay.a	file	1384	87993f3ea63c053663acc56bf4bfafa99c590c772f8db2280b5d7fd35a8e3a30
runtime/dist-arm64ec-spike/lib/wine/x86_64-windows/libmfreadwrite.a	file	2606	a3910643763d2d184c68b1733884b256cc233956a8038c23088ff71660342a55
runtime/dist-arm64ec-spike/lib/wine/x86_64-windows/libmfsrcsnk.a	file	1408	09669cca2b792b75eb31e0ff27d6938798cce7c21587e40d9defd40d55c7b3af
runtime/dist-arm64ec-spike/lib/wine/x86_64-windows/libmfuuid.a	file	128980	efb13491d7ed6efe062af11eb7ee36f67192f1da6d2f5c6e400dc6cf2bf2d77d
runtime/dist-arm64ec-spike/lib/wine/x86_64-windows/libmlang.a	file	3174	42b2df44049ac8dcea5a58227b90cfe6d8d7fe5439d40ec4a372a94feb019420
runtime/dist-arm64ec-spike/lib/wine/x86_64-windows/libmpr.a	file	17564	7d44c1f79fc27e2831019a1ddeee1cf5c76ca3e38bb2cb2c12aee1a25efc9549
runtime/dist-arm64ec-spike/lib/wine/x86_64-windows/libmprapi.a	file	1872	c516f063b630666a11c3789975804ddad4e35402c07cd8915ae64d79c8c1d490
runtime/dist-arm64ec-spike/lib/wine/x86_64-windows/libmsacm32.a	file	9770	707f389f6cde54e6a068b81eb122445992ef2dcb1011a7e3824db055db91867f
runtime/dist-arm64ec-spike/lib/wine/x86_64-windows/libmsasn1.a	file	2602	c8b20a431e5251b5f19d15b4da18a485fbcc32ff03150b7b42d874b46edf32e4
runtime/dist-arm64ec-spike/lib/wine/x86_64-windows/libmscms.a	file	15702	ebf1439c3e7417e67293e1fbb8b3e53fc5e663b9a103f6cae793ea4e6a875731
runtime/dist-arm64ec-spike/lib/wine/x86_64-windows/libmsdmo.a	file	3262	f671829df82218ad7a91729b087d676057bb19da4c8c8719191657bafca8a03b
runtime/dist-arm64ec-spike/lib/wine/x86_64-windows/libmshtml.a	file	2188	5358864ff9b04b951eaa4a1fbfa5d0fe437d8ecfc5ada92412e4653634fd5e5e
runtime/dist-arm64ec-spike/lib/wine/x86_64-windows/libmsi.a	file	59278	5c16c0149eca5bce17ffe500e1cef50e91c80f0c0168050a3d1599da53116504
runtime/dist-arm64ec-spike/lib/wine/x86_64-windows/libmsimg32.a	file	1916	fcc46b85338fbeedff77be0da213fb40a7029d342a395bd34fc5b831c04336f2
runtime/dist-arm64ec-spike/lib/wine/x86_64-windows/libmspatcha.a	file	5110	810b94ebf9b3da16c578dcfeb1306e1eab7ac6f65e15a26b622f1eb00ca5ed34
runtime/dist-arm64ec-spike/lib/wine/x86_64-windows/libmsvcp140.a	file	617274	e4a2e5d1404b0cc23f043e26e50744c6f9b77455c1c684d046854b1f4e156143
runtime/dist-arm64ec-spike/lib/wine/x86_64-windows/libmsvcr100.a	file	370366	5e51d54f96657a9d6dc4a02adae4bdd19abffbe48428522324dbdeb850e32d11
runtime/dist-arm64ec-spike/lib/wine/x86_64-windows/libmsvcr110.a	file	386214	c723b9732ccdde4ec1e207e629241cb882e57e211d9c31d10675d280c7c5df67
runtime/dist-arm64ec-spike/lib/wine/x86_64-windows/libmsvcr120.a	file	411756	7754ec81d638923317a506e25a4919255f5ba9529066ce8d0e7893ebca8bb030
runtime/dist-arm64ec-spike/lib/wine/x86_64-windows/libmsvcr70.a	file	230768	9a9c6df62253e23a00a7c236e1e9345dfa373ca9f6b138943fc3397f820cfd67
runtime/dist-arm64ec-spike/lib/wine/x86_64-windows/libmsvcr71.a	file	232134	b28db87ddd7467be2c42331389564c47c6ef6922503615760e107326971810ad
runtime/dist-arm64ec-spike/lib/wine/x86_64-windows/libmsvcr80.a	file	320950	312c53262e627524f427a6983dc414e527e38d00f0614fd5553a4ce217ecf495
runtime/dist-arm64ec-spike/lib/wine/x86_64-windows/libmsvcr90.a	file	318378	625d3a7acc945bf6b40c88ffa034ab05e5d363bc613d3179f89502145dad8653
runtime/dist-arm64ec-spike/lib/wine/x86_64-windows/libmsvcrt.a	file	298202	775297e50bcf773e7fb19145d3e5b2861d2a511bba6d179c8907920f5ea97a09
runtime/dist-arm64ec-spike/lib/wine/x86_64-windows/libmsvcrtd.a	file	131426	cce118d0d1cae8b3ae2d05c7249689b1dc296885b11ca0bdffe5561c17425412
runtime/dist-arm64ec-spike/lib/wine/x86_64-windows/libmsvfw32.a	file	10080	2a9222a1c1d40295d91ba60985666782e31829d16e4be468393e7104fd68aaeb
runtime/dist-arm64ec-spike/lib/wine/x86_64-windows/libmswsock.a	file	2308	9e1b0502d7710b415edcc0e4e2f4032faf13ea3bc2241368162de9a4250c2294
runtime/dist-arm64ec-spike/lib/wine/x86_64-windows/libncrypt.a	file	13866	232287ec06682e944b445067a96ab5d9b3fd3bfb0e1b2b90e2db0d25d18cafb1
runtime/dist-arm64ec-spike/lib/wine/x86_64-windows/libnddeapi.a	file	6836	bdcef0296e31043e9fecccb596557cfabe1bdc87e78d4285f23bdb4764b0a5ac
runtime/dist-arm64ec-spike/lib/wine/x86_64-windows/libnetapi32.a	file	18312	49f2293ba4d48ab2f2da91be3395e84d3cdcfe4351aedcf86eeb2923c46d2963
runtime/dist-arm64ec-spike/lib/wine/x86_64-windows/libnetio.a	file	1974	e286002ffe16e920c4c641dcb922f24824a8fd1cc8ee1e5b15d4118794e45bf7
runtime/dist-arm64ec-spike/lib/wine/x86_64-windows/libnetutils.a	file	2282	2c3670c74a46a70eb67c458c3332843745bc5e43de66d3db96f80388f5b9f7e8
runtime/dist-arm64ec-spike/lib/wine/x86_64-windows/libnewdev.a	file	2590	c2ea933de45f3efb2de480d5de48a825ea55787775f38daad721b69a0ab73579
runtime/dist-arm64ec-spike/lib/wine/x86_64-windows/libninput.a	file	3152	458e560a26ab156badda81709b8f7464b86326a3ee11e466ff2076b31a7c3c3f
runtime/dist-arm64ec-spike/lib/wine/x86_64-windows/libnormaliz.a	file	2182	a7397e8d8c15fa88865c349d7f6b234dcad2a655dd1fb52de91a600b74960e09
runtime/dist-arm64ec-spike/lib/wine/x86_64-windows/libnsi.a	file	3758	f9c0b2542dbd24e4a2d8a26140d45c70e83fee99d829e8bc1648d1c0a110973a
runtime/dist-arm64ec-spike/lib/wine/x86_64-windows/libntdll.a	file	240158	d41609ae8a44885a8c295304f6dcf00bfa5def7e90ac391d513770f64b89ee59
runtime/dist-arm64ec-spike/lib/wine/x86_64-windows/libntdsapi.a	file	3122	31d7d125168d913202da20b2f8bf5fdfad18bf456de533a9b760ed79b820a28c
runtime/dist-arm64ec-spike/lib/wine/x86_64-windows/libntoskrnl.a	file	177530	ba1e008e49b535d3432b59985b84b2cca30f69f949309ce6c6bfe08a33a58da6
runtime/dist-arm64ec-spike/lib/wine/x86_64-windows/libodbc32.a	file	24180	6b14e18a9e70c6b00514b315e2fb8eaa2794aa8dbaa79df5ff8e24ca2c05dae1
runtime/dist-arm64ec-spike/lib/wine/x86_64-windows/libodbccp32.a	file	12702	172a6e18d8ea0101a4a6c030b8740bd1e83e3fb0cb7af326477b5d934fa5cb45
runtime/dist-arm64ec-spike/lib/wine/x86_64-windows/libole32.a	file	58346	a6202dbfe0e413563c23005b79e2c98cf385df32ccdca26dd492d54711cac347
runtime/dist-arm64ec-spike/lib/wine/x86_64-windows/liboleacc.a	file	4788	d2f8b9296c6e65a1ba51474e8dd4ec326784a6b91636d7bce27bba0e16b08d7b
runtime/dist-arm64ec-spike/lib/wine/x86_64-windows/liboleaut32.a	file	76006	0b46cf1cd582aaed29543a6a6d23d63f2af50f43bc9d8a8bbb4727208b6efb8b
runtime/dist-arm64ec-spike/lib/wine/x86_64-windows/libolecli32.a	file	4320	7decd72db25139c93d04d9895a0564b0edc1b8e5fff51af280d687215b8a1884
runtime/dist-arm64ec-spike/lib/wine/x86_64-windows/liboledlg.a	file	5956	5d1dbb36a4d10000f61d683d755533a81b7f9f9fb133f03d8e4b66beb870cd0a
runtime/dist-arm64ec-spike/lib/wine/x86_64-windows/libolepro32.a	file	2776	dc9d915a5e3e1f333a2f5978a3f4c2a5a385370763aedf2cbf87f70f4e31cdef
runtime/dist-arm64ec-spike/lib/wine/x86_64-windows/libolesvr32.a	file	3078	2428602f71ecc9712241510d1061104ad22e9f601c3cd5107f5b8b2748a613b3
runtime/dist-arm64ec-spike/lib/wine/x86_64-windows/libopengl32.a	file	68784	26f9aba8e40d5146955400b2bd8140d88ace63b4367ccbbbe5507eb310e1cc38
runtime/dist-arm64ec-spike/lib/wine/x86_64-windows/libpdh.a	file	11744	4928d60d8f50295f815da09a0f208030e8ab8e7c54ff8068e593ab58a04c9b5b
runtime/dist-arm64ec-spike/lib/wine/x86_64-windows/libpowrprof.a	file	9032	dfdddc616cf5b5e57af3c358faafe98fd040f17cc3ca4003bd45caa0a7c1d727
runtime/dist-arm64ec-spike/lib/wine/x86_64-windows/libprntvpt.a	file	4562	9bcbe678df5bfd8efa92685e148e3ddd90dec34cf7be0fccaa4f7bbe6588f717
runtime/dist-arm64ec-spike/lib/wine/x86_64-windows/libpropsys.a	file	11682	97106557817dcc15dc03a5688f9d4b071a00eb15b20386a86e7d28e521687db3
runtime/dist-arm64ec-spike/lib/wine/x86_64-windows/libpsapi.a	file	7044	11a8acaddffa075e49be2e7b06152c38eea8e270d421db1c2dcc162bbaa2e336
runtime/dist-arm64ec-spike/lib/wine/x86_64-windows/libquartz.a	file	1940	ac91ad67414dc3a5184015b46f76c679153b88a6becfce7f490fdc78977fd27e
runtime/dist-arm64ec-spike/lib/wine/x86_64-windows/libqwave.a	file	1758	131418ce82e9ebf8d82bd9609a221c951c82e85ff4490107d7d6db1a62f6d693
runtime/dist-arm64ec-spike/lib/wine/x86_64-windows/librasapi32.a	file	14690	e86ad8484c345946c4434bbe86d7ad590c730cd61ffaa0241ef9dfbcbf120cf9
runtime/dist-arm64ec-spike/lib/wine/x86_64-windows/librasdlg.a	file	1344	fecf1cc868869d45dbea7d6d6b6545e94488e6e7592eff11c3e03e58977bbe67
runtime/dist-arm64ec-spike/lib/wine/x86_64-windows/libresutils.a	file	1176	5197044b484545b2b182adb9b619f376ea15cc0a65aa34a65c9c498679bc521f
runtime/dist-arm64ec-spike/lib/wine/x86_64-windows/libriched20.a	file	2934	93468870741106e084d0daf0c2faae0784b66918c3ee3d2255e779106d2d30f3
runtime/dist-arm64ec-spike/lib/wine/x86_64-windows/librometadata.a	file	1420	4bf7aab37ff4845f03c65abef16f4708a0dc5e2f44da07899c5ad4602e64d311
runtime/dist-arm64ec-spike/lib/wine/x86_64-windows/librpcrt4.a	file	75088	16c5df0f071fe7e9eabae3fba4192becc70525937281bf7cd2b83d5a8a895d63
runtime/dist-arm64ec-spike/lib/wine/x86_64-windows/librsaenh.a	file	5846	5a5d13d0efa413520f0a9a6fe4884b0ee842a06493ed75bd538b741cfe02e267
runtime/dist-arm64ec-spike/lib/wine/x86_64-windows/librtutils.a	file	1580	5bd0bfaa422f2cd09d50ab52bdea545cc67ef382f05bb4d3d3ffd546fe89d596
runtime/dist-arm64ec-spike/lib/wine/x86_64-windows/librtworkq.a	file	9262	1801257111c01ab6fcccea0336fad4f9c13d7188732d161fdbe0eb245d6670d9
runtime/dist-arm64ec-spike/lib/wine/x86_64-windows/libscrrun.a	file	1364	c603f11b62bddcd7d978441dd38b9cdf835cc90d880412047e71c14de2b787ac
runtime/dist-arm64ec-spike/lib/wine/x86_64-windows/libsechost.a	file	20874	1d98b47579d32475e6ec68279cd58d2d0e075835aea97f55805e810720b6febf
runtime/dist-arm64ec-spike/lib/wine/x86_64-windows/libsecur32.a	file	15188	26cf3dabdf41d4f3a758e55540fff7a6af7e63eb2bf59eeaf3bef5a2885f3b79
runtime/dist-arm64ec-spike/lib/wine/x86_64-windows/libsensapi.a	file	1844	28ec89d0fff8b4401d37714b007697e520108068617d8937165e93dae8e68021
runtime/dist-arm64ec-spike/lib/wine/x86_64-windows/libsetupapi.a	file	89368	b60b10641068a4091e58a2723529a1a29cf2e6392755c5afa2ce04b1bcb9d807
runtime/dist-arm64ec-spike/lib/wine/x86_64-windows/libsfc.a	file	2606	d570edf72ce5243120adaba7d23598b9c31bbc14739b3a23e6422efe635ee405
runtime/dist-arm64ec-spike/lib/wine/x86_64-windows/libsfc_os.a	file	2656	cef244441733bf1f9061362581799882a92af6e097931594cc895e97c5c024b4
runtime/dist-arm64ec-spike/lib/wine/x86_64-windows/libshcore.a	file	16136	097f1cd9ec0e4e8cfffe6101887701f2c53a262258b89a5849025fbc710ff1f7
runtime/dist-arm64ec-spike/lib/wine/x86_64-windows/libshdocvw.a	file	5586	446270983251868cd58fa684c0b852ea6094b9c671be058acafd8c5d4767bba4
runtime/dist-arm64ec-spike/lib/wine/x86_64-windows/libshell32.a	file	81450	7f68867b8682fc8158ffa3b3e869fa52ba90246f47fa3b66f4b259cc906e6004
runtime/dist-arm64ec-spike/lib/wine/x86_64-windows/libshfolder.a	file	1588	f48233f6c56334142a503556b59f66b91adc435682da3e1066a88bb6f2172636
runtime/dist-arm64ec-spike/lib/wine/x86_64-windows/libshlwapi.a	file	153364	43f60e8c95dc3f0ed7867f51f3cb1f38a2c52c8ebb443b0c2005bae7ff26db6d
runtime/dist-arm64ec-spike/lib/wine/x86_64-windows/libslc.a	file	2218	38dfacd367d3a7d37b03af0cbeac9020790cca1c972c4a82a463840d073b7512
runtime/dist-arm64ec-spike/lib/wine/x86_64-windows/libsnmpapi.a	file	6212	3df90ef868eae49a31958f4856d363ce207d909d1fdf936dfd3d4acc959654d9
runtime/dist-arm64ec-spike/lib/wine/x86_64-windows/libspoolss.a	file	5378	bd0aa110c4040f1bdca8684bf5a91ae6543676c2b645796367cdbf24fdc8ac43
runtime/dist-arm64ec-spike/lib/wine/x86_64-windows/libsti.a	file	1766	43ba8357e5718279edc851d87424eb65cc5b8684e740fac48b2fd1969e8eeb22
runtime/dist-arm64ec-spike/lib/wine/x86_64-windows/libstrmbase.a	file	591288	2c0e42a6bbfb9dd78e02844653cad6d825b176b8041eb641f974141917f62fec
runtime/dist-arm64ec-spike/lib/wine/x86_64-windows/libstrmiids.a	file	117196	b532b2c80161ea9513b273701c753c5d92edf56f8856ff400728c49510a84b98
runtime/dist-arm64ec-spike/lib/wine/x86_64-windows/libsxs.a	file	2128	7e6e43170fe31a3ffa7947fed1346d70c8702adb22cad0ffbb0b41af8bb64993
runtime/dist-arm64ec-spike/lib/wine/x86_64-windows/libt2embed.a	file	3714	c2f37858b7b24f0d735da71e089b18827189a604e5caeb218bc3fd604c0ee7b2
runtime/dist-arm64ec-spike/lib/wine/x86_64-windows/libtapi32.a	file	38210	57d102c4994d693aa510debfbacc690661660949c4ab767da18ca3af60f924fc
runtime/dist-arm64ec-spike/lib/wine/x86_64-windows/libtdh.a	file	1804	c141b2b1a300459ed7c69e389476ad4d657ff41ca8f76065ca7503459be56f29
runtime/dist-arm64ec-spike/lib/wine/x86_64-windows/libtwaindsm.a	file	1348	cc7ed91769508a030b78bb2cc3a72de131624bd94b08aa5937173bb4ef2b427e
runtime/dist-arm64ec-spike/lib/wine/x86_64-windows/libucrtbase.a	file	487140	6782b29db5a37b346ffda743491f008896db1451b8902582d1d873f50a4d6bd1
runtime/dist-arm64ec-spike/lib/wine/x86_64-windows/libuiautomationcore.a	file	9014	0d21d26cfec51cd5d0fa4e1139dbf3fd7762251451c66c2008f2d4b9a575be1b
runtime/dist-arm64ec-spike/lib/wine/x86_64-windows/libunicows.a	file	105328	2192b0e9c4f82db80402960726f295ded55dda5c289c7c59a1d10163c952de08
runtime/dist-arm64ec-spike/lib/wine/x86_64-windows/liburl.a	file	2748	58e907dfcadb7394a43910ec9fe8a757b2a031c20cc70df883dd49b0c1e498b7
runtime/dist-arm64ec-spike/lib/wine/x86_64-windows/liburlmon.a	file	15906	dbdbeeb09c522da9d1ee2f3fc9562f2540baaeb2e6694d50260e0379509a38f2
runtime/dist-arm64ec-spike/lib/wine/x86_64-windows/libusbd.a	file	4154	8554f008631fcdca2b3e7ea9f866a8dc47baf3be47573da3e78d7d6f7d3d923e
runtime/dist-arm64ec-spike/lib/wine/x86_64-windows/libuser32.a	file	162070	e3e8b771348013ba540ca43951a1cc9162b35b3883acc499fb2d7a966c766965
runtime/dist-arm64ec-spike/lib/wine/x86_64-windows/libuserenv.a	file	6538	2859189dcfbfe699c7136d6505371e413aac909904cca8b1f966eb92cf40e8f3
runtime/dist-arm64ec-spike/lib/wine/x86_64-windows/libusp10.a	file	10604	f8c5387b3a9b071818def3ebd0ce3bb7a4b3deca0420ff85d89d6dddd4487127
runtime/dist-arm64ec-spike/lib/wine/x86_64-windows/libuuid.a	file	619672	6c082879966d12871749fa09d6df9b472ea6a04234034ce04349265c505a07c7
runtime/dist-arm64ec-spike/lib/wine/x86_64-windows/libuxtheme.a	file	20462	1c6923d76005e15a501762e4fd0bbfa66f0ad24649fd2742d47200cc47bd702f
runtime/dist-arm64ec-spike/lib/wine/x86_64-windows/libvcruntime140.a	file	13658	fc75f72abb5255d890462621ee2492c38022eba1bb385b6ef0a8bc8672153774
runtime/dist-arm64ec-spike/lib/wine/x86_64-windows/libvdmdbg.a	file	1564	9c9a513d7adb15367ac63f9249834532cfcb548723c166c4e440bf0825623f64
runtime/dist-arm64ec-spike/lib/wine/x86_64-windows/libversion.a	file	4624	8dee7c11f905e845cfffe439f9bb1d4fa2be52d9fc53407afbf59782ab16bd22
runtime/dist-arm64ec-spike/lib/wine/x86_64-windows/libvulkan-1.a	file	61968	d838c6fcf50d5db81fe17a8639720b5d52da0e7134767c8f5dbd08d6f065a780
runtime/dist-arm64ec-spike/lib/wine/x86_64-windows/libwbemuuid.a	file	9464	696aab0891af102974a0358f71b3cfceb7508d7c98554823872ffb14a610f110
runtime/dist-arm64ec-spike/lib/wine/x86_64-windows/libwebservices.a	file	31212	d02ed16b296139c9a1996fb050129207facfcc3ad3e9a61b8b9bf9665aca487c
runtime/dist-arm64ec-spike/lib/wine/x86_64-windows/libwer.a	file	3110	dd937783895f9a665da9de740894e11e704995c5ee0cb5a87a70714d0d66d3b8
runtime/dist-arm64ec-spike/lib/wine/x86_64-windows/libwevtapi.a	file	4254	f525435d8a8ccbf9d62d9c09d7b0cb8fc17134a4ef3dcdecbd4ad6ec9118db4a
runtime/dist-arm64ec-spike/lib/wine/x86_64-windows/libwin32u.a	file	113082	6a4d74b9358351a6910cbbed49831e109e332ee6d18ce3e5f5e81f7340179bbd
runtime/dist-arm64ec-spike/lib/wine/x86_64-windows/libwindowscodecs.a	file	100386	2b15deeaf352ac29ced5bc0fdd5b56159d42ebce723da73ea88446afd9371a0b
runtime/dist-arm64ec-spike/lib/wine/x86_64-windows/libwindowscodecsext.a	file	1912	29e0d807bcde15e4bb09dc60c58c65fb81b740eb59be8640756ea67534cc656b
runtime/dist-arm64ec-spike/lib/wine/x86_64-windows/libwinecrt0.a	file	116354	f4d934384ad85c0767f632b99c6344260f475ad050ac4a86c1820408a50e7b0c
runtime/dist-arm64ec-spike/lib/wine/x86_64-windows/libwined3d.a	file	106078	c78304c6789d038a8949fa549c63a8c62e1373f85d9fc6466fafc572944d4824
runtime/dist-arm64ec-spike/lib/wine/x86_64-windows/libwinedmo.a	file	3106	2ad3a16d6868dc2a0e93a47e9a7872506562ff96f80e71a454b170306a7967fa
runtime/dist-arm64ec-spike/lib/wine/x86_64-windows/libwinegstreamer.a	file	1902	d0b564fba386e8b2c461d63d27526ef951664bacc3dbfcb3d58d260c7cccc936
runtime/dist-arm64ec-spike/lib/wine/x86_64-windows/libwinevulkan.a	file	62488	25109ebf6ea7f781e21c97ddd9ef0dd4aaa00d212c218ea53dc86016386d47e9
runtime/dist-arm64ec-spike/lib/wine/x86_64-windows/libwing32.a	file	3298	fbcfade4e941dd668ead741d81313861fc3325c67ece8c9583f07dd3931dc840
runtime/dist-arm64ec-spike/lib/wine/x86_64-windows/libwinhttp.a	file	11896	2aa05bc688d973a8e98dc2c34dfbe2a9b088f5bd4926cdf34bdab10ec42f882e
runtime/dist-arm64ec-spike/lib/wine/x86_64-windows/libwininet.a	file	48794	aac3b3d4bacd30f5d72c15b84874f737a55fee1e342cf1babb5d1b17064f0d71
runtime/dist-arm64ec-spike/lib/wine/x86_64-windows/libwinmm.a	file	37666	88ade72bc380729cd274d3f0d1b6e54300bdf481a692ead94528070b1ec6a2b3
runtime/dist-arm64ec-spike/lib/wine/x86_64-windows/libwinnls32.a	file	1630	4d953cfeebb530bafb60466eef1b96f5e5accb30c33d747c5a352dc41e9f5380
runtime/dist-arm64ec-spike/lib/wine/x86_64-windows/libwinscard.a	file	7620	90f01a80391d3385becb2595de032dfc2f571f8f40989cff16b6d896ca23e272
runtime/dist-arm64ec-spike/lib/wine/x86_64-windows/libwinspool.a	file	29436	38fdf2ee2de86d24db0308e1e85b7db0c8f6dea28690a483eb3b9cede798d47a
runtime/dist-arm64ec-spike/lib/wine/x86_64-windows/libwintab32.a	file	9490	9fa8fc53c6e2ab174465750884f58139d007a205f106bbc02debfd3186691c2d
runtime/dist-arm64ec-spike/lib/wine/x86_64-windows/libwintrust.a	file	22612	add9a01402847544b64c47facb763577ee0884723bd35505fea6cd27b901744d
runtime/dist-arm64ec-spike/lib/wine/x86_64-windows/libwintypes.a	file	1890	0617fec1f7bff833a4ff6eef2af7033fc0bf98d8a7d0f64c238c53b9050d94e8
runtime/dist-arm64ec-spike/lib/wine/x86_64-windows/libwlanapi.a	file	3918	763e7717208764d335d1fb1a862641fbd4c386ccc5dd41d742c72e7adfb74462
runtime/dist-arm64ec-spike/lib/wine/x86_64-windows/libwldap32.a	file	51422	779347c4a7f1199805dd9927624a822aa910e5a12b16d9a2af35f997921e6c1a
runtime/dist-arm64ec-spike/lib/wine/x86_64-windows/libwmcodecdspuuid.a	file	7720	9dfbbbf3543f1274ee3757d8552a11e35c8f941595ccc801e8f4f324a6aa28f3
runtime/dist-arm64ec-spike/lib/wine/x86_64-windows/libwmvcore.a	file	4034	1d58146899c4120aafb40d2b097043f841eb49b8e6bb4fac93bceb4c0632b839
runtime/dist-arm64ec-spike/lib/wine/x86_64-windows/libwnaspi32.a	file	2480	f8a17025680d6e3c1cb07d7e8ecc1d2225db8838b3be056509fbe986e01fcbc7
runtime/dist-arm64ec-spike/lib/wine/x86_64-windows/libwow64.a	file	3282	c6ff0b0bdc1e933a732f8362096b5b51f9ff1d301389c6e5c76d4a6fe23bd9ea
runtime/dist-arm64ec-spike/lib/wine/x86_64-windows/libws2_32.a	file	33484	e1f67dc9eed7124b93043119093fd3ffd7d93c61fcd154d8fbc898e62b4859bd
runtime/dist-arm64ec-spike/lib/wine/x86_64-windows/libwsdapi.a	file	4430	8a707e4c1b3fd85ee591fedbaba470e324ee297cd3c5811305082c99696ad8d3
runtime/dist-arm64ec-spike/lib/wine/x86_64-windows/libwsnmp32.a	file	2150	6b7d30abe7e774937d3c5596d206fc0bddae2ad6884fa4b92a0f9d46a8904c87
runtime/dist-arm64ec-spike/lib/wine/x86_64-windows/libwsock32.a	file	13384	400b8e7d429dbcbf473cd4aff797528ae3c545f562a5b71fecd6459618756412
runtime/dist-arm64ec-spike/lib/wine/x86_64-windows/libwtsapi32.a	file	12794	15208af08b4c4944593bb3d10b229cb6bb07907ca77b01726f0eeb40b7f89f3d
runtime/dist-arm64ec-spike/lib/wine/x86_64-windows/libxaudio2_8.a	file	2692	b8f3a4f8362d5a59acafc88a01298a1b5b9c1a97e02a10725d3159be436846a0
runtime/dist-arm64ec-spike/lib/wine/x86_64-windows/libxinput.a	file	2970	1fa6ff6cd6114a5d73c33458c9780c3917b0a9b0850cec9f72230338000d910c
runtime/dist-arm64ec-spike/lib/wine/x86_64-windows/libxmllite.a	file	2840	35fe3f4541c5416ba24eacabe0861c3d1a8d898b97a6e74a354ba515f1bed52d
runtime/dist-arm64ec-spike/lib/wine/x86_64-windows/light.msstyles	file	7585792	c0b828743077ca902afd54fe88fe3324ac05a45f9f1865db90653b615cb082f0
runtime/dist-arm64ec-spike/lib/wine/x86_64-windows/loadperf.dll	file	81920	cb085e79649ea0b12f59f5f5e3af7d13b042b8dcc13b5c4506b066566800141d
runtime/dist-arm64ec-spike/lib/wine/x86_64-windows/localspl.dll	file	442368	77b1970a67f1e452558b366f201393fb72c81a8a1726ae016b9553c36acf8711
runtime/dist-arm64ec-spike/lib/wine/x86_64-windows/localui.dll	file	143360	c2514e20c81fb16fe7402901410c5704b66e93c474cdafe570c58054a6ac0dea
runtime/dist-arm64ec-spike/lib/wine/x86_64-windows/lodctr.exe	file	61440	cbdf6e249eb3b4a42069276ad9ef0cdaafc2a0a0da887cdd76de81f60ce65fbb
runtime/dist-arm64ec-spike/lib/wine/x86_64-windows/lz32.dll	file	12288	440977bde3109fdfafd8639380fccb522cb5e275bf4658d22db34d2a707fea39
runtime/dist-arm64ec-spike/lib/wine/x86_64-windows/magnification.dll	file	73728	7f8fd2b3023cbf8295c3d0ed052f9f7f16d68894ebb00e2dac05bc28e4550204
runtime/dist-arm64ec-spike/lib/wine/x86_64-windows/makecab.exe	file	86016	ebe11ff57612db7a38d99d4ebf154de1f534c091a9c9e30785fecb22ffe47ffe
runtime/dist-arm64ec-spike/lib/wine/x86_64-windows/mapi32.dll	file	688128	9fb130488f5b6687c699ea100dbf497dde2afbd2324ab3549e2c8fae35b418fb
runtime/dist-arm64ec-spike/lib/wine/x86_64-windows/mapistub.dll	file	81920	5556609afa87ac9f8571f8ffca2e868f500506c00f8be17091a18b002af013ba
runtime/dist-arm64ec-spike/lib/wine/x86_64-windows/mciavi32.dll	file	233472	7114d30ed3baa27f7151403cfd82dc15c8cc595cf8e293e8b702e07b5898d4f7
runtime/dist-arm64ec-spike/lib/wine/x86_64-windows/mcicda.dll	file	159744	2d378b75a4abe12d5470622589bcdd56e2bc1532c5584ec8c06ba88b8037b878
runtime/dist-arm64ec-spike/lib/wine/x86_64-windows/mciqtz32.dll	file	237568	3b7e9973064869b2ad023a8e88a3cc675b612b7e61d9be74876a77be1a66363e
runtime/dist-arm64ec-spike/lib/wine/x86_64-windows/mciseq.dll	file	143360	949f56994363cad4cbbaa323262d513b90a1e9872cba3e850840564ed9be76fd
runtime/dist-arm64ec-spike/lib/wine/x86_64-windows/mciwave.dll	file	151552	22f82314602b0fadea0fcc064235f88fb1221aad15cf5d4b2de9c3a02f63bdab
runtime/dist-arm64ec-spike/lib/wine/x86_64-windows/mf.dll	file	2301952	3f7e7c34ae57e608a783dba15a3f9b28b0ad871f61ef3beed62dfa2fed36e938
runtime/dist-arm64ec-spike/lib/wine/x86_64-windows/mf3216.dll	file	57344	10f9247541970f26c29e4d56fa01e7b070050e2b2b54a149fcfaf7fbed6d0904
runtime/dist-arm64ec-spike/lib/wine/x86_64-windows/mfasfsrcsnk.dll	file	675840	da8e5e665a73d84cd0b92d35d60f8b7eec365c4772d41496ee3e9973a4e77683
runtime/dist-arm64ec-spike/lib/wine/x86_64-windows/mferror.dll	file	229376	6adce2146671f0dd57dab39088f27ea22fa6ee54b58cb68eadfbc77d88d6724d
runtime/dist-arm64ec-spike/lib/wine/x86_64-windows/mfh264enc.dll	file	479232	b2ac7b10bbe723d8d9176251563b8088912e1067d2f728101ea6472965ea79fc
runtime/dist-arm64ec-spike/lib/wine/x86_64-windows/mfmediaengine.dll	file	933888	00929b227daad20b0567f110bc25c63a1161ffa46fd91f1bc8f8eb5d0cbcdf74
runtime/dist-arm64ec-spike/lib/wine/x86_64-windows/mfmp4srcsnk.dll	file	720896	c018409408a4c1508f811ae25a394666b8060e4e8f5a93f6d3dddc3ae0230077
runtime/dist-arm64ec-spike/lib/wine/x86_64-windows/mfplat.dll	file	1814528	f79e3caf2305a904fe51bf5e3e707bde117730e2310afa66f6c6991c8084538c
runtime/dist-arm64ec-spike/lib/wine/x86_64-windows/mfplay.dll	file	634880	1f5d4119e9fb52f413240381f20fbcb6afb5e37ae1fc3e3a40bde5172cf1bd88
runtime/dist-arm64ec-spike/lib/wine/x86_64-windows/mfreadwrite.dll	file	815104	8468475af506b99638edf035bc0eac861c2a845937c0a5d1d916147b6d743b76
runtime/dist-arm64ec-spike/lib/wine/x86_64-windows/mfsrcsnk.dll	file	823296	dd1e7e4089306add29ea05ce653f8e4b423dcf1781d8712c7010e8767df6561f
runtime/dist-arm64ec-spike/lib/wine/x86_64-windows/mgmtapi.dll	file	69632	e3604553f215af7229015b31e9665a2f22c4aeeb92a63a21529298f393ac65a7
runtime/dist-arm64ec-spike/lib/wine/x86_64-windows/midimap.dll	file	106496	3f6d252699b9cd2d0b0907d592e65bf2029e0745fb8c15331bf82a387f6ef052
runtime/dist-arm64ec-spike/lib/wine/x86_64-windows/mlang.dll	file	618496	c5a2f9871e54ec8f94c6eec583d216765957ea064faca5bd2fd80bd245e8d8d1
runtime/dist-arm64ec-spike/lib/wine/x86_64-windows/mmcndmgr.dll	file	397312	876f509a6f27c1310fce64abf92201d3667ed20ecbd0f46094a9ba6908df2176
runtime/dist-arm64ec-spike/lib/wine/x86_64-windows/mmdevapi.dll	file	880640	ef0269081d84b1cb2586f139df835e8b1202baac625da508f4e2aa48c8cf0402
runtime/dist-arm64ec-spike/lib/wine/x86_64-windows/mofcomp.exe	file	86016	22a24c22fb50a65ac4d5391f42b68b3e7e700b882827f225ec91bad3c34ad4c9
runtime/dist-arm64ec-spike/lib/wine/x86_64-windows/mono-profiler-hk_language.dll	file	23040	ca5a6e2259fe3875c58eebdebc0ccdae922c5621e6782f84ae11870fb111bb69
runtime/dist-arm64ec-spike/lib/wine/x86_64-windows/mouhid.sys	file	122880	f853e3cf6ffbf228df8a54486042268adc059ba2282c0877a2f79b50eae49767
runtime/dist-arm64ec-spike/lib/wine/x86_64-windows/mountmgr.sys	file	274432	abf4065fac6ba0ed486abe4f2de1d22ee5439d447cb050ff9fc8028c8b89a88a
runtime/dist-arm64ec-spike/lib/wine/x86_64-windows/mp3dmod.dll	file	1601536	e5673ef6c0221565d9524cc11b5f8c06ae4186dc5d2cba589d5317f2ad32f7fa
runtime/dist-arm64ec-spike/lib/wine/x86_64-windows/mpr.dll	file	315392	dd3f984f2038da379aa650f895fb02e05792ba92e0291dc3715028285731af29
runtime/dist-arm64ec-spike/lib/wine/x86_64-windows/mprapi.dll	file	106496	f794e1ebc29db0e2e1d870df52255998180c061fd2a45ae0e2d197d75df5fe2f
runtime/dist-arm64ec-spike/lib/wine/x86_64-windows/msacm32.dll	file	389120	b73aeb9b53ea824026ddf46e7b9130d524f348dd794275a1b7cacbdd470fea12
runtime/dist-arm64ec-spike/lib/wine/x86_64-windows/msacm32.drv	file	126976	918fb55207de952f03c7854b7d62afaecaf71fd8c773897d3737802820bdb1cc
runtime/dist-arm64ec-spike/lib/wine/x86_64-windows/msado15.dll	file	884736	445167f61c223070e011bbbc1d6887cbb1f93c32850df920765b9ee52ea500e8
runtime/dist-arm64ec-spike/lib/wine/x86_64-windows/msadp32.acm	file	102400	07142302199ba74cc9b9a8358e51c3734ddd5cd97a1174b631ddb0e3a6d8b239
runtime/dist-arm64ec-spike/lib/wine/x86_64-windows/msasn1.dll	file	159744	eeeeb50daab3adf20d362a80f46254751e127b1ee33fdef872fd52b5e1d7ce5d
runtime/dist-arm64ec-spike/lib/wine/x86_64-windows/msauddecmft.dll	file	479232	819d00148e40226afce4f81cf1353b0570c8d35e011e3abe5bc329523982f25d
runtime/dist-arm64ec-spike/lib/wine/x86_64-windows/mscat32.dll	file	57344	937458533ec57c702e2e41e458cb6a56bbb0a27dc7bb0db890a326efd28b06c6
runtime/dist-arm64ec-spike/lib/wine/x86_64-windows/mscms.dll	file	1658880	87950524f2eec525eb71880d58a10553aed30b794c929274fdd90204b4f21781
runtime/dist-arm64ec-spike/lib/wine/x86_64-windows/mscoree.dll	file	933888	4a098f6dabd0d017e44e17b8aa1168ce85bc2e619a4896b46b961aff1d1bb711
runtime/dist-arm64ec-spike/lib/wine/x86_64-windows/mscorwks.dll	file	77824	da5f015352195801309263fe65455e141143acaf7c6ea08724fb8f99f7e4133a
runtime/dist-arm64ec-spike/lib/wine/x86_64-windows/msctf.dll	file	1073152	eb28156d00025e5671adab254894c3887c9a91fa2ff555dc8664a918a40b1abb
runtime/dist-arm64ec-spike/lib/wine/x86_64-windows/msctfmonitor.dll	file	81920	e5c0e551a84133863df0b4c7e9b3f676e60cfc508c76a4a1e55a54d484ebeecb
runtime/dist-arm64ec-spike/lib/wine/x86_64-windows/msctfp.dll	file	159744	6efbdb2afaeb23c4132349251906ff27d45f17dd59e6a8cc844d311505f1d616
runtime/dist-arm64ec-spike/lib/wine/x86_64-windows/msdaps.dll	file	790528	a8163599610796dc80b2355847b1ef24ced9476408c42c4588764b1c0999f61c
runtime/dist-arm64ec-spike/lib/wine/x86_64-windows/msdasql.dll	file	610304	a703da86b94fc568eef8e880f545f6cb1b57bc34dab24bd25742607ac2869401
runtime/dist-arm64ec-spike/lib/wine/x86_64-windows/msdelta.dll	file	57344	8a62d301535e23a727c5d521f39b7b5669368a0028c1dfa4a796e0981f1203df
runtime/dist-arm64ec-spike/lib/wine/x86_64-windows/msdmo.dll	file	430080	db1d9179d063e0e6d08f7e442296f20c7bc36bdadadbd0da9ac41a55c5f54944
runtime/dist-arm64ec-spike/lib/wine/x86_64-windows/msdrm.dll	file	102400	42b874bd3c0b78264a968b043403e21c8c9e273dbb97e5f3b4a5bff3027f5749
runtime/dist-arm64ec-spike/lib/wine/x86_64-windows/msftedit.dll	file	356352	ecac1fde404dd25c52f431e9aa14de80d669d12311fd9c397601a701593117cd
runtime/dist-arm64ec-spike/lib/wine/x86_64-windows/msg711.acm	file	102400	538f13f219ccd95dfbcfdd87dc60809622f8e61a762c5a4c21d67ab94d45ee58
runtime/dist-arm64ec-spike/lib/wine/x86_64-windows/msgsm32.acm	file	229376	feabd925d63030c54acf1387ed657ec8bb53775c9ccc62bf0783fb6edb0b2ce0
runtime/dist-arm64ec-spike/lib/wine/x86_64-windows/mshta.exe	file	86016	faf30b2901d5d032a96248a5856cd7b75ae4d80c0eb897a3311d359048d646c0
runtime/dist-arm64ec-spike/lib/wine/x86_64-windows/mshtml.dll	file	22401024	30dcac7b41052bb35f15f6b4420a24ae87977c0b0364f94ceb4c95258d77c142
runtime/dist-arm64ec-spike/lib/wine/x86_64-windows/mshtml.tlb	file	1241088	e74fb99d906694d28e1d8facc06cb5738ff21de3e658e271e63b2e8bc77e1d8d
runtime/dist-arm64ec-spike/lib/wine/x86_64-windows/msi.dll	file	4431872	596499f153b339d943ce3d11370c6ba8b21bcd9fa5b18142ba97838473dc14ba
runtime/dist-arm64ec-spike/lib/wine/x86_64-windows/msidb.exe	file	118784	ad3cf627e565d6bf61f32805b9f8992c2e474c40606ca1fb98f216cff4213c6e
runtime/dist-arm64ec-spike/lib/wine/x86_64-windows/msident.dll	file	126976	e73afc71b414b7e3a54706a45420f8d5b55cb223b5a810886bf097c45df313fd
runtime/dist-arm64ec-spike/lib/wine/x86_64-windows/msiexec.exe	file	221184	07f0d5b911a9c583282c7d7ad2a3deea30073781c39c543239c44dd123ecc6dc
runtime/dist-arm64ec-spike/lib/wine/x86_64-windows/msimg32.dll	file	65536	e1ebc17ff867bcc2728f0ed26139b713e595876746dcbe43baa822ad112e100f
runtime/dist-arm64ec-spike/lib/wine/x86_64-windows/msimsg.dll	file	8192	80d8b8a9419d818475e686fba7cc2d1aa57a668aa416ae4c7336ef3b63e7ea1d
runtime/dist-arm64ec-spike/lib/wine/x86_64-windows/msimtf.dll	file	458752	4aea7071e64d3ddf297c41ecb05e88fdcedfd18215b4f0b25c21bd6d620d3ecc
runtime/dist-arm64ec-spike/lib/wine/x86_64-windows/msinfo32.exe	file	90112	ea731aa4a303167acdf99e6bdbe0b9d1a0ecddd5eaca81d26b37e27c852c3e1b
runtime/dist-arm64ec-spike/lib/wine/x86_64-windows/msisip.dll	file	90112	6722a55a5c0942b989ec75d0ba162138ecac5506a23b5df0a769c06f69c42a4e
runtime/dist-arm64ec-spike/lib/wine/x86_64-windows/msisys.ocx	file	77824	adaff79b967079a746d83db6fa594e181878abb15d8670a21b044f29180d8e92
runtime/dist-arm64ec-spike/lib/wine/x86_64-windows/msls31.dll	file	69632	00023bb1881818211f6f9929b816f8819983052bad9a905f83639a096ecd8a30
runtime/dist-arm64ec-spike/lib/wine/x86_64-windows/msmpeg2vdec.dll	file	483328	3039be69399f7edbabd66671270063642b07a11dea75c83316a64c68b4643d62
runtime/dist-arm64ec-spike/lib/wine/x86_64-windows/msnet32.dll	file	81920	b5ed75175e96ce0d8e9f43685b861ab8ec4a5c27eac0b317082529eedc981323
runtime/dist-arm64ec-spike/lib/wine/x86_64-windows/mspatcha.dll	file	204800	e94347fea8525adb669e39050ec1c14a3a28d4c8afbdfaaa80972b37804a9d64
runtime/dist-arm64ec-spike/lib/wine/x86_64-windows/msports.dll	file	57344	ac241d3a80c04d28c1e50ebad7cd0811a397ea48cf996f1cc8bcf9276a81e83c
runtime/dist-arm64ec-spike/lib/wine/x86_64-windows/msrle32.dll	file	159744	e776e2373b0646c7df54e6ff6a5b1840be72b002938806f5103cd4c6287ab8b5
runtime/dist-arm64ec-spike/lib/wine/x86_64-windows/msscript.ocx	file	446464	348140dc791c67b8267284818fecf67d18b50efd585d151ed5a850015d8ceef2
runtime/dist-arm64ec-spike/lib/wine/x86_64-windows/mssign32.dll	file	102400	0ba9e4626f18b537ed70d9e9e23baff42e89f78e51eb939570590469dcdd032e
runtime/dist-arm64ec-spike/lib/wine/x86_64-windows/mssip32.dll	file	61440	74019b2424895f74ee0a50ccae6ee126d31b6f1abd1303a5461ccc106666363f
runtime/dist-arm64ec-spike/lib/wine/x86_64-windows/mstask.dll	file	380928	4b5b9f0ddbe8f648259f78e33b2c56bae55fea50529427469ad9503b67d45e13
runtime/dist-arm64ec-spike/lib/wine/x86_64-windows/msttsengine.dll	file	147456	8aca39a2c9d908a1a749c9ee4bff20efa57c64cb6578f2d55172934949f79cb9
runtime/dist-arm64ec-spike/lib/wine/x86_64-windows/msv1_0.dll	file	200704	4994883fcd85ed12edf76190c5c568d2590e21bdd35d58e5c126b943ef57ea27
runtime/dist-arm64ec-spike/lib/wine/x86_64-windows/msvcirt.dll	file	520192	aff0a376623df138b926763a26b30bfdcae2adc0fa0b04dc1daa925c3b8362d2
runtime/dist-arm64ec-spike/lib/wine/x86_64-windows/msvcm80.dll	file	118784	87ec27258b688306f7d7f8f429f825e5d6a05260bc83b9e6b178d8ec527bd711
runtime/dist-arm64ec-spike/lib/wine/x86_64-windows/msvcm90.dll	file	98304	5e48a12f0b90a12cd384c28c96053ee58d2bae74186b51f6a3f569f27d6a0d26
runtime/dist-arm64ec-spike/lib/wine/x86_64-windows/msvcp100.dll	file	2953216	ee612d1ee6044c406461b788b004420b3e005ebdf6ea7d292a62b1635e37cd2c
runtime/dist-arm64ec-spike/lib/wine/x86_64-windows/msvcp110.dll	file	3039232	062fec757999ae2d4c72f71072e9ad788c1d6204cd64dc0a7f12df5b108b4621
runtime/dist-arm64ec-spike/lib/wine/x86_64-windows/msvcp120.dll	file	3043328	1f4221e5588b0c9194cfa807734641e78529ad27531c0e81c64c8332543fb1f0
runtime/dist-arm64ec-spike/lib/wine/x86_64-windows/msvcp120_app.dll	file	335872	8000124b7877ba2284ea547d852497969cb5547c25f12b74711ceac2acca9af3
runtime/dist-arm64ec-spike/lib/wine/x86_64-windows/msvcp140.dll	file	3121152	76eed109d2eaea5fe1c4342a0cf5198284244bb7cdcfa504f1bdb9e58a4a3635
runtime/dist-arm64ec-spike/lib/wine/x86_64-windows/msvcp140_1.dll	file	81920	6ea77b23f7a4c846eba7228533e58d2454df6f19983a53bf7814f31773d6a179
runtime/dist-arm64ec-spike/lib/wine/x86_64-windows/msvcp140_2.dll	file	69632	33a7156d176e93ca67c7523cbd8824284e904cb785643a04987445b0379c5830
runtime/dist-arm64ec-spike/lib/wine/x86_64-windows/msvcp140_atomic_wait.dll	file	94208	7f86ad4df97e6c93dead7ce2ccde7fe50b632a2659e8c95320bb96f84a486de9
runtime/dist-arm64ec-spike/lib/wine/x86_64-windows/msvcp140_codecvt_ids.dll	file	45056	e6969b5b8f0b84cf70f4982fc31e24a594a02729ef7610442fe5a910f277e279
runtime/dist-arm64ec-spike/lib/wine/x86_64-windows/msvcp60.dll	file	2748416	26dba8d2ae0fdd5cb73b5124d4b65caf884b2bfa417c46e4e5400b2c34b6ccd0
runtime/dist-arm64ec-spike/lib/wine/x86_64-windows/msvcp70.dll	file	3158016	288a8231eaab912c471e2225c4247ab90e52360691d77c537a29ba90d9a5660d
runtime/dist-arm64ec-spike/lib/wine/x86_64-windows/msvcp71.dll	file	3162112	f137542b524d112f806bd866f026cf45be31b968de8b46f028589a4c73a2853a
runtime/dist-arm64ec-spike/lib/wine/x86_64-windows/msvcp80.dll	file	3252224	2a6606cdd6f39dbe8abcd0630a7f0b65cf8c9e4b22a53934b64a744a25f1abd6
runtime/dist-arm64ec-spike/lib/wine/x86_64-windows/msvcp90.dll	file	3248128	1e47196ae5ff7a5f5993821e2423105661c6eecc418f8f25a372f4732fe0163d
runtime/dist-arm64ec-spike/lib/wine/x86_64-windows/msvcp_win.dll	file	331776	10cef488a988c7ac1141da9562cb29bb08a5a3e1c73bdf94b546fa2a8b09d756
runtime/dist-arm64ec-spike/lib/wine/x86_64-windows/msvcr100.dll	file	3354624	b88669e7d1d9a5618ae76aa591f187b5f961fbdc6836ed6f111d2c76f91500e5
runtime/dist-arm64ec-spike/lib/wine/x86_64-windows/msvcr110.dll	file	3407872	f7b95e012da86ab14c5d532d9a7b5f897e045347cb69167bc86fc7fc6f9c844a
runtime/dist-arm64ec-spike/lib/wine/x86_64-windows/msvcr120.dll	file	3633152	ad682d5855e035ee25a6f7726e78594ce6b0b168a35b22205dc27978070ae8e6
runtime/dist-arm64ec-spike/lib/wine/x86_64-windows/msvcr120_app.dll	file	196608	cc391579dbf47db74d463bd79b38f381e32ac4d3d85f862e9e65323b4fc9b96a
runtime/dist-arm64ec-spike/lib/wine/x86_64-windows/msvcr70.dll	file	2830336	18641c6161a06485170282529b1c295b7fb2be8aa3b105c1c51278d3ef4e087a
runtime/dist-arm64ec-spike/lib/wine/x86_64-windows/msvcr71.dll	file	2838528	515ec82f0724f3b90f761dfb6adfc057e15886336b360479b309100e2ef8c053
runtime/dist-arm64ec-spike/lib/wine/x86_64-windows/msvcr80.dll	file	3043328	86e6c1697c015fe06e3fd14c6ff34bd0c42e2b4116e462886eb5bf861c374fb5
runtime/dist-arm64ec-spike/lib/wine/x86_64-windows/msvcr90.dll	file	3039232	8e5b3292d075ed6f8626f830bd32ccfd92d820132c714e9f07600e219e786e7f
runtime/dist-arm64ec-spike/lib/wine/x86_64-windows/msvcrt.dll	file	2973696	3a0566ea033b9b5064cc6c9e3346c8945caf0be70d59f152702339541b412d7e
runtime/dist-arm64ec-spike/lib/wine/x86_64-windows/msvcrt20.dll	file	110592	6c89138cd9f1e8cd7081855e110ac0f18320396286c0ff345ce8ae0ee1ef78c6
runtime/dist-arm64ec-spike/lib/wine/x86_64-windows/msvcrt40.dll	file	98304	cf9981d398c00a88a5e4516050a8c3e54683b56935cdd9df96cf25c06bdc014c
runtime/dist-arm64ec-spike/lib/wine/x86_64-windows/msvcrtd.dll	file	2850816	85824f39b793c15e1485fd25bd697dd29c134935ea8171f2640f91d00badea57
runtime/dist-arm64ec-spike/lib/wine/x86_64-windows/msvdsp.dll	file	258048	87e0890c8b6ef66802911be90a62e27070867a08c3c8584938af571b4e7ba368
runtime/dist-arm64ec-spike/lib/wine/x86_64-windows/msvfw32.dll	file	335872	af6212d78ce66eae0f4388058b0ca012aedf5a8629c9df0c5def9ee47ffa049b
runtime/dist-arm64ec-spike/lib/wine/x86_64-windows/msvidc32.dll	file	106496	8b886b1c58ec9603f8428ae5622cf31e1219f67ed19029e8049cc7588b8f05e0
runtime/dist-arm64ec-spike/lib/wine/x86_64-windows/msvproc.dll	file	479232	77666879b65ac9434a76c062fb1928f2567addde5a5991337906875a952eea5f
runtime/dist-arm64ec-spike/lib/wine/x86_64-windows/mswsock.dll	file	86016	2ecdaead7555bdf8140c24fd4e4c222ac74f408671f419a05871e795a1bdae18
runtime/dist-arm64ec-spike/lib/wine/x86_64-windows/msxml.dll	file	98304	1ea7715a09a53a67dad60db6f51c20278c0a0249a18542b33084c3c7c467786c
runtime/dist-arm64ec-spike/lib/wine/x86_64-windows/msxml2.dll	file	94208	c03e4d74fc867597f65fb67de1ecf0fe1ec10e53dc32aafff5e629bc0c3db953
runtime/dist-arm64ec-spike/lib/wine/x86_64-windows/msxml3.dll	file	10649600	405df7e1759b0e41df5faa980c4053858a7dddec210239b75adf29ed35b542d0
runtime/dist-arm64ec-spike/lib/wine/x86_64-windows/msxml4.dll	file	159744	6fad687fa51148dfc2311104352cd6bfe07ad11c7f352742ee789a676f6adf92
runtime/dist-arm64ec-spike/lib/wine/x86_64-windows/msxml6.dll	file	155648	5e910c9af199a9392d39b7a148aeae2278523019e607c54e8254b946024a80f1
runtime/dist-arm64ec-spike/lib/wine/x86_64-windows/mtxdm.dll	file	364544	02fa52c2ba38bda350d3d4c0a5689b548028feb366036eb14c15a507931f454c
runtime/dist-arm64ec-spike/lib/wine/x86_64-windows/ncrypt.dll	file	139264	c0500ce5603955b27ebc1a27745927bf48e90ea0e43ec2535e7c051da0d11318
runtime/dist-arm64ec-spike/lib/wine/x86_64-windows/nddeapi.dll	file	106496	a9396e2b46de35c37ee1edca3bb2010eb0f168b07db7a45ffe4a50e7a87d2005
runtime/dist-arm64ec-spike/lib/wine/x86_64-windows/ndis.sys	file	184320	8104f062fa39ffb80463646738ed172528db1e6825557541489d4bd6661c6b94
runtime/dist-arm64ec-spike/lib/wine/x86_64-windows/net.exe	file	184320	5294c22743311f304a3c63394161be02bae2c22e4bc5a44696f423d686b7aa47
runtime/dist-arm64ec-spike/lib/wine/x86_64-windows/netapi32.dll	file	462848	448c0505250337a599ad029003eafea53c4b8e4b070560f00c6765090c425d5a
runtime/dist-arm64ec-spike/lib/wine/x86_64-windows/netcfgx.dll	file	413696	1f5d3555219c967680e5178bbabf223e8f2733a2531e8260f4ba2f8cc0e794dc
runtime/dist-arm64ec-spike/lib/wine/x86_64-windows/netio.sys	file	270336	2de5cb9fdceafac85ad1e93fbe1c5ca705323cccebab5a9717bac57b3a48c424
runtime/dist-arm64ec-spike/lib/wine/x86_64-windows/netprofm.dll	file	241664	da4cf7d1c815ce4c8e5c79bedee13565667e4714e90a9a638e42393a6385e75d
runtime/dist-arm64ec-spike/lib/wine/x86_64-windows/netsh.exe	file	86016	b10cd05a5f621162b0eda7ddbff1dbab047d852890328f1f062e7eaa9028b374
runtime/dist-arm64ec-spike/lib/wine/x86_64-windows/netstat.exe	file	143360	f2cccb083106339912439ac3469406f4bbffa0710ec5733088a10ad994ec7202
runtime/dist-arm64ec-spike/lib/wine/x86_64-windows/netutils.dll	file	94208	ddfb727cf3d62c9a2575df732c2c1b26f32a71870259e1de2bd173d9911a12fc
runtime/dist-arm64ec-spike/lib/wine/x86_64-windows/newdev.dll	file	86016	ea988b695dd7a56143928d48cbc6d617996c3f6579b2c28d4f84c5c31e4d4f8b
runtime/dist-arm64ec-spike/lib/wine/x86_64-windows/ngen.exe	file	90112	faa0e8df4417f76b07463a817596f95c26a3463c50e62c6b99a5f45e7e7ff00f
runtime/dist-arm64ec-spike/lib/wine/x86_64-windows/ninput.dll	file	94208	d6fc6ab786b0b4fb268018f7b7433a70f9f4c8b2b6ed10d0d7f83e9137921bb1
runtime/dist-arm64ec-spike/lib/wine/x86_64-windows/normaliz.dll	file	8192	671eb32e78b91a374d02fbeaf7a56badc88aa7d8dbacf50e0d908d4947ef8e7c
runtime/dist-arm64ec-spike/lib/wine/x86_64-windows/notepad.exe	file	401408	63c7d172b676e5f3e0b4885afa0b26d0ae90a7c84d51a88b3595189a6157ee9e
runtime/dist-arm64ec-spike/lib/wine/x86_64-windows/npmshtml.dll	file	61440	d604be6c1d6763a57edb028801a58e5a0a3eb318c17cfaefa013c11a3bcfd229
runtime/dist-arm64ec-spike/lib/wine/x86_64-windows/npptools.dll	file	65536	586b5bb0d3e43cc551c1ce74b9f26ed2964def14a41a3bdaaf9ad8b94fc90e69
runtime/dist-arm64ec-spike/lib/wine/x86_64-windows/nsi.dll	file	131072	dce3dd54a1fe8401a194b530ba2484f4d0bcd2b191fc88e7712724af018abe58
runtime/dist-arm64ec-spike/lib/wine/x86_64-windows/nsiproxy.sys	file	110592	7da31863a76b940e3f6f060d6815722af922557fa815a0b4031d8f1b018d89c7
runtime/dist-arm64ec-spike/lib/wine/x86_64-windows/ntdll.dll	file	3588096	b08516ba28c2d0d884b22673301bfc6eb3b5b48ee7458cd1248303289e431b78
runtime/dist-arm64ec-spike/lib/wine/x86_64-windows/ntdsapi.dll	file	135168	a884d2842fb19d6b5806cc3936c2d420c793f26a06b022583f3cda6d8896b800
runtime/dist-arm64ec-spike/lib/wine/x86_64-windows/ntoskrnl.exe	file	1253376	aa50a2439d7e58acabfb9d7736950b921f45d94180bea9210ffb7ac5295f2bcf
runtime/dist-arm64ec-spike/lib/wine/x86_64-windows/ntprint.dll	file	94208	33d98a027a88b8983ad45e43c9c06496dae32e381741868448a131db3b44eb8a
runtime/dist-arm64ec-spike/lib/wine/x86_64-windows/objsel.dll	file	397312	4c1fa9c24af870128e56830ade4889cfcf69587bf43e490460726999714638ed
runtime/dist-arm64ec-spike/lib/wine/x86_64-windows/odbc32.dll	file	663552	6ecd6ecc8e63bd115c9ab8a718af15cba6e5abc41304805ee4f0a641ebf10503
runtime/dist-arm64ec-spike/lib/wine/x86_64-windows/odbcbcp.dll	file	57344	dbdf216f9ccf34ec6d2c4dac20c5d9c9db73e600c49a0d33f349dd5c1153807d
runtime/dist-arm64ec-spike/lib/wine/x86_64-windows/odbccp32.dll	file	192512	bcb6c5bbbfdb06378bf6aa2063165faf4a602cf0fdd36a0daa2f062786e69f1c
runtime/dist-arm64ec-spike/lib/wine/x86_64-windows/odbccu32.dll	file	61440	f771d39ec9a1db443fa6327d4cd1218dbf34e0c1ed43e7a9e70dc1e772802c67
runtime/dist-arm64ec-spike/lib/wine/x86_64-windows/ole32.dll	file	3190784	54f9fa06193d6e2e82b6686d61b39bb76c3beb064b468b8418dc8d4dc64b9e6a
runtime/dist-arm64ec-spike/lib/wine/x86_64-windows/oleacc.dll	file	495616	6e2fc038937ba20d1a8771264ae0b48ed5c3b1c4cef05490a33280f28ee61d7b
runtime/dist-arm64ec-spike/lib/wine/x86_64-windows/oleaut32.dll	file	2715648	4461af2b019c22c785d1e623221659a4f39ebd7186a71ac32d06ee8a522bdc5b
runtime/dist-arm64ec-spike/lib/wine/x86_64-windows/olecli32.dll	file	94208	c671833dd18a63ea4ac845ce2f13c7ada66f5c3bbbd69bab146fd454b4679357
runtime/dist-arm64ec-spike/lib/wine/x86_64-windows/oledb32.dll	file	851968	3722dfa19ad74063fda8c2719501b8971f6564f4324f7be7d6278c3a0b47f3d0
runtime/dist-arm64ec-spike/lib/wine/x86_64-windows/oledlg.dll	file	364544	45770cbc89af0b16c1d5d41d23f1a9d27a162465af07618cb0cf290c1d43cf81
runtime/dist-arm64ec-spike/lib/wine/x86_64-windows/olepro32.dll	file	90112	0eb7b6d0f32565d19a1b44a85fdfc9834fb9e17b6ed5129570ba5c66401d3052
runtime/dist-arm64ec-spike/lib/wine/x86_64-windows/olesvr32.dll	file	81920	0b42fc393aa50482e253f624c6a775ac60bd23e294a9b27241075aa6427c21a3
runtime/dist-arm64ec-spike/lib/wine/x86_64-windows/olethk32.dll	file	61440	2a1b71981030cb312678d8796ec13cc6d8b2e6b292f57fea9957b2e2081072ca
runtime/dist-arm64ec-spike/lib/wine/x86_64-windows/oleview.exe	file	888832	28d679456829d378944a3288ff1c87e78385aeb9d1d50ef91cfea714e9a19288
runtime/dist-arm64ec-spike/lib/wine/x86_64-windows/opcservices.dll	file	491520	11480a5ebf8bede069838a0ebe09ccde6f6bc59632fdb034a077f6c1e64c0d76
runtime/dist-arm64ec-spike/lib/wine/x86_64-windows/opencl.dll	file	204800	69427671af8dc30ec933a43feb714ac777a848ff495d254dfce9c385f72ef78a
runtime/dist-arm64ec-spike/lib/wine/x86_64-windows/opengl32.dll	file	4075520	dc9cab7689469a17a8bda382bfc578d0b33292a7f9c21664c70c042af08cee26
runtime/dist-arm64ec-spike/lib/wine/x86_64-windows/packager.dll	file	151552	4d08f581c60555586ac590001c21125dde53677f7496f2499ece3ceb85707249
runtime/dist-arm64ec-spike/lib/wine/x86_64-windows/pdh.dll	file	180224	be454d1df4d0745c0c7566a3153f110dc96453040b149952d8a4b7bf84c29b42
runtime/dist-arm64ec-spike/lib/wine/x86_64-windows/photometadatahandler.dll	file	65536	9ce02ba77170070c9162fb5ed74ce5a82544d686fa105b13cea21af35598122c
runtime/dist-arm64ec-spike/lib/wine/x86_64-windows/pidgen.dll	file	81920	98ff1617cfad2b3bfbb026bab531a927bed91524d32d7ec7905d18c308274baf
runtime/dist-arm64ec-spike/lib/wine/x86_64-windows/ping.exe	file	94208	a8ec2d4bbe04999577298d503884ecf549435ac8571a608a5c1784d35bbc879e
runtime/dist-arm64ec-spike/lib/wine/x86_64-windows/pnputil.exe	file	86016	42d4bbe0b77f600fba97711a19dd7b44920110fc1c86022d5e1c6697329ff1fc
runtime/dist-arm64ec-spike/lib/wine/x86_64-windows/powershell.exe	file	94208	7fad4a4f2598c135dadfafdbd823b403b9ff0e5d05d3126119c50f7a11b61f0d
runtime/dist-arm64ec-spike/lib/wine/x86_64-windows/powrprof.dll	file	131072	a4e900cee863481fd68f2158dda7b882984b6ff732b69584570ad8360a39a3c3
runtime/dist-arm64ec-spike/lib/wine/x86_64-windows/presentationfontcache.exe	file	90112	07ea6abf7a2d3e4e6dbd6eddd206b0ec91d36e77725e83b5df3533e5502b672f
runtime/dist-arm64ec-spike/lib/wine/x86_64-windows/printui.dll	file	94208	9252b7379be68f8385366c528660beebf25870b04390358957efff6871bbfa83
runtime/dist-arm64ec-spike/lib/wine/x86_64-windows/prntvpt.dll	file	290816	868cc2864b38427f3999ffa99ce23e31c7d0c1302bc84f4d4670b90ed9edd851
runtime/dist-arm64ec-spike/lib/wine/x86_64-windows/profapi.dll	file	57344	d4e93ec8a48deb2683a3695ebcbac44df58235e7c3dfffb6c59b86ea6916771c
runtime/dist-arm64ec-spike/lib/wine/x86_64-windows/progman.exe	file	413696	23ccd5ab90002e66944a8a7415894be7b83e8b257d05c4c47ff7d64b6df3cfbb
runtime/dist-arm64ec-spike/lib/wine/x86_64-windows/propsys.dll	file	667648	1cad325eab378caba6bdb9aa2b5f649f18db70d6954b0333774366a917e7ef11
runtime/dist-arm64ec-spike/lib/wine/x86_64-windows/psapi.dll	file	61440	35bd00e7f418c774a129b7439683841c47d5ee33dcdea709e60795d7ebad4a6f
runtime/dist-arm64ec-spike/lib/wine/x86_64-windows/pstorec.dll	file	139264	fad2b4e2825d76e80c16bef58e385933c8e95b4cfcc9aae507a8ec9de49702b6
runtime/dist-arm64ec-spike/lib/wine/x86_64-windows/pwrshplugin.dll	file	61440	6e842ea627f2e4b11d2967e368aee1a6abe80826a075ad294262c4a05a9880cc
runtime/dist-arm64ec-spike/lib/wine/x86_64-windows/qasf.dll	file	942080	3f72dcd3d36a6779dc8374e69e9d7e6dd52268cde1842d1f63e407e37f13c1e1
runtime/dist-arm64ec-spike/lib/wine/x86_64-windows/qcap.dll	file	1187840	477fa946bc9649d0fe3d4e837387329473a6ef93e3fe280ffd91d5dc6f24b323
runtime/dist-arm64ec-spike/lib/wine/x86_64-windows/qdvd.dll	file	614400	4614c20219058146157bf80578561f0e116bc20cb3fe9112f5074425336545ab
runtime/dist-arm64ec-spike/lib/wine/x86_64-windows/qedit.dll	file	1077248	acf98dedb6018c3540d3b08fdbdecd73ebd14ab397ed60512ca17fb11524bfe6
runtime/dist-arm64ec-spike/lib/wine/x86_64-windows/qmgr.dll	file	622592	4d7f16a77b855ebd0fdd3d0b39d4417c8bfc871490b96e52083307760b5073e4
runtime/dist-arm64ec-spike/lib/wine/x86_64-windows/qmgrprxy.dll	file	110592	60fb14610d65f7c43f2674043ef7f5b65dd276f212b807566054899d8d8132a9
runtime/dist-arm64ec-spike/lib/wine/x86_64-windows/quartz.dll	file	2547712	4a5224fbf2ae1c88aaee1495ba349cdbdb217943c0e6c67cd8665d5071582516
runtime/dist-arm64ec-spike/lib/wine/x86_64-windows/query.dll	file	98304	5123b5bdad8232c902ceecdacd43a23ffae7d025e34036330a6a60fd43b6b419
runtime/dist-arm64ec-spike/lib/wine/x86_64-windows/qwave.dll	file	69632	2382b50a6e2bd7f23ad58fb174310b5df201de7ce088efb543ec0c560cc589c3
runtime/dist-arm64ec-spike/lib/wine/x86_64-windows/rasapi32.dll	file	143360	19af425af28e1dff9137040fd6b975644b24a7491ac30265d680195507b2aedb
runtime/dist-arm64ec-spike/lib/wine/x86_64-windows/rasdlg.dll	file	81920	dd37245f1518a181d3e695e186102a9e7465047ada90eeca8d3517b16b11bd31
runtime/dist-arm64ec-spike/lib/wine/x86_64-windows/reg.exe	file	577536	1ee3051acf1fe6206852de9b75f7bd1b3bd9f942c1d611709ff1ce2f4b391ebd
runtime/dist-arm64ec-spike/lib/wine/x86_64-windows/regapi.dll	file	65536	436915bf476052c341bceb1f2839337b702c1e50267650d53113003239958dca
runtime/dist-arm64ec-spike/lib/wine/x86_64-windows/regasm.exe	file	86016	e6944871cc9302aec0e62dec803ed4b857ed221e04911f1fdbdb052c45c716a1
runtime/dist-arm64ec-spike/lib/wine/x86_64-windows/regedit.exe	file	1003520	70843cbf3c0fc30e9b67686d39b79b63af94dadd28a2cbeef02147f953a24d7e
runtime/dist-arm64ec-spike/lib/wine/x86_64-windows/regini.exe	file	86016	a7bf3084e465074530543941280cf9c7834e1bc3674a288a5a9590c1bdd4f321
runtime/dist-arm64ec-spike/lib/wine/x86_64-windows/regsvcs.exe	file	86016	5429743b73e93b7a6d33d5bf5cf5f60af3249948594d76a5ddf4a85d652b1eee
runtime/dist-arm64ec-spike/lib/wine/x86_64-windows/regsvr32.exe	file	188416	481757352af62e495cc3be4510dc3dfe937c06cb27c2d2158339c8b1a32d0991
runtime/dist-arm64ec-spike/lib/wine/x86_64-windows/resampledmo.dll	file	544768	f1172a48ce482eb5307a8cbfe8427c14cfc58c3efc7cc08a8927edbd7f2cf1ab
runtime/dist-arm64ec-spike/lib/wine/x86_64-windows/resutils.dll	file	65536	c6d933bfe6071c2af1e728e8291ae2e2118354f11ec7204a3f9f928a2554c1a6
runtime/dist-arm64ec-spike/lib/wine/x86_64-windows/riched20.dll	file	2310144	0926269ea897eff29755a77dd6b84be20cc7a773bd06a68cfd545c184f1132fa
runtime/dist-arm64ec-spike/lib/wine/x86_64-windows/riched32.dll	file	69632	ac40a89dd293765b82efd04f6d63a21b80c3bdae0f253e5cf50c4355ed6587e0
runtime/dist-arm64ec-spike/lib/wine/x86_64-windows/robocopy.exe	file	90112	2a8a2ab5c2dfe95dbeb65c5a270bf943bec45888b82a3e3a3a13ed77100af296
runtime/dist-arm64ec-spike/lib/wine/x86_64-windows/rometadata.dll	file	352256	dfae40d9870d0825b6841d0515793bea97b515a6cfdb5fee961a6d73ecf90587
runtime/dist-arm64ec-spike/lib/wine/x86_64-windows/rpcrt4.dll	file	2248704	86bf960be9ec0e0bc1389e0a1a112e59859f600715f900123573b6445feac689
runtime/dist-arm64ec-spike/lib/wine/x86_64-windows/rsabase.dll	file	49152	c6342683330aa2cfcbc0ca81e7bae58a594cb75cd7e1561965d992b66b1637a2
runtime/dist-arm64ec-spike/lib/wine/x86_64-windows/rsaenh.dll	file	1110016	60ffb2284744d27c94b4a24996d271a11f1679991622843bd317d6c19d6d970b
runtime/dist-arm64ec-spike/lib/wine/x86_64-windows/rstrtmgr.dll	file	81920	89a7581568c35b0770043eeda0e925a4cf98fbe21eff745de1955d4b2746aff0
runtime/dist-arm64ec-spike/lib/wine/x86_64-windows/rtutils.dll	file	86016	b40088052ae9fb911f23dd788000f6e15224bf7e1637ddd8823a91616c3ecfe6
runtime/dist-arm64ec-spike/lib/wine/x86_64-windows/rtworkq.dll	file	184320	5b0d6176f6f3f0806fb044ad897ff5ac987b4f834a9517a91d153270e3ba81eb
runtime/dist-arm64ec-spike/lib/wine/x86_64-windows/runas.exe	file	90112	b40d3764db3d4be735ea0562bd48a512272d6d6ce47e64e9a5e6bc8c306ad8e8
runtime/dist-arm64ec-spike/lib/wine/x86_64-windows/rundll32.exe	file	131072	cbe619aecb6cd93e66e889880459b9be2168862a71e4cc518813770845dabc90
runtime/dist-arm64ec-spike/lib/wine/x86_64-windows/samlib.dll	file	65536	33077515af63e8747d19f6b3d3960f990f6c267e53e1bb4c4a2e087c8f836731
runtime/dist-arm64ec-spike/lib/wine/x86_64-windows/sapi.dll	file	1179648	dacae7b4117bd1bcd3adfe3d915b12a0f0555d94369c5679f66e25a991e23eb5
runtime/dist-arm64ec-spike/lib/wine/x86_64-windows/sas.dll	file	57344	d7230e292e683f6f1aa4f7d90194e82b18a5d16fad2a6a81507b82821a39e935
runtime/dist-arm64ec-spike/lib/wine/x86_64-windows/sc.exe	file	114688	7b18c2be8fb4be0d199457092f509eb849836306a7e7aaa096520721fc80aa21
runtime/dist-arm64ec-spike/lib/wine/x86_64-windows/scarddlg.dll	file	57344	e1a98d0702b52cd634ac35ce6365e0aa85f2b1b16c0d839f51d4114d6c3a6889
runtime/dist-arm64ec-spike/lib/wine/x86_64-windows/scardsvr.dll	file	69632	628454faf3b1e49a90f69df01a66edf42be340f833de2a1e9ac187f50e675ad0
runtime/dist-arm64ec-spike/lib/wine/x86_64-windows/sccbase.dll	file	61440	400dd1319c4cd8d3cfa5fb91254d3c6bda7aca125cbfa3f615a0c7d7a4bf314f
runtime/dist-arm64ec-spike/lib/wine/x86_64-windows/schannel.dll	file	110592	d13b66c19be2511556a536c7aeab276e8ced6cca2ef857ce96e0c25240c95e7e
runtime/dist-arm64ec-spike/lib/wine/x86_64-windows/schedsvc.dll	file	282624	df38148580f001b035d0494ef17ab2c961cf1683d5281330e95e62f72450e380
runtime/dist-arm64ec-spike/lib/wine/x86_64-windows/schtasks.exe	file	163840	aa41c746747824c820f32783e1da7af5266ec8dd58de0566ef8a07eb722abd35
runtime/dist-arm64ec-spike/lib/wine/x86_64-windows/scrobj.dll	file	569344	44ad104a9e25f2813f5467553096f000316254346f4b06a7731badff8c89eae2
runtime/dist-arm64ec-spike/lib/wine/x86_64-windows/scrrun.dll	file	798720	5a59a59f483abefcfd8d30ccdc5c58ff4153c110474826b786e049c2c761e008
runtime/dist-arm64ec-spike/lib/wine/x86_64-windows/scsiport.sys	file	106496	9084d094548a024926a31f49ffc012dd7c5104360ec525375ab2aa50db1cf075
runtime/dist-arm64ec-spike/lib/wine/x86_64-windows/sdbinst.exe	file	86016	42ca830fa60716b136b44d9a3bc387b9ebb2b588ae162b652a75fce3aedbd754
runtime/dist-arm64ec-spike/lib/wine/x86_64-windows/secedit.exe	file	61440	905a198671596be449e4515cf2e670fe984fcfdc72e0329b2b5075e911b7b4dd
runtime/dist-arm64ec-spike/lib/wine/x86_64-windows/sechost.dll	file	438272	990f90667c111e83624f9fa1cbb0ff991119ba2f5f1ba0adbb5f1ab877d254cd
runtime/dist-arm64ec-spike/lib/wine/x86_64-windows/secur32.dll	file	593920	72d5ef582247d9a2d4d9dd97bb6f251cf065a23bc8c8a9f0011f158a1eb872a4
runtime/dist-arm64ec-spike/lib/wine/x86_64-windows/security.dll	file	8192	81aa2865a5e6d6f9da5d27ac8be63bb7c2888c2c22b229e880186b26678565db
runtime/dist-arm64ec-spike/lib/wine/x86_64-windows/sensapi.dll	file	65536	f28b18e3d56bd03b6354abf9c6caca4ce3f0829f71175eb5558f9de2aaac2fd2
runtime/dist-arm64ec-spike/lib/wine/x86_64-windows/serialui.dll	file	131072	c49ed4b87f286d453dd2a5e31d232ac47817c35ca27ae7296b14531d3cd03665
runtime/dist-arm64ec-spike/lib/wine/x86_64-windows/servicemodelreg.exe	file	86016	67d8dd4216145444f1f8f4e99525e1ea5f7cb18b86086449cfb10ebe2c030807
runtime/dist-arm64ec-spike/lib/wine/x86_64-windows/setupapi.dll	file	1851392	b0f396c7d0f4fe9daa7b31702ad7de7bca372224ad480cb627a97bf6cdfa0ced
runtime/dist-arm64ec-spike/lib/wine/x86_64-windows/setx.exe	file	90112	81f8771d7601f973d7ef044e80c8c2b26a5f0a7d5a448631a301085348dca61e
runtime/dist-arm64ec-spike/lib/wine/x86_64-windows/sfc.dll	file	8192	62b13d0299ee3e57d0f36800ffa040ac60aa93a34b0d3d4d0745547eba8e48d9
runtime/dist-arm64ec-spike/lib/wine/x86_64-windows/sfc_os.dll	file	81920	055ab9919d0d05c0cbd8cad3df342e1471eafcb26fff444b6c4b656177659e2c
runtime/dist-arm64ec-spike/lib/wine/x86_64-windows/shcore.dll	file	286720	b941605f9153e5d23586a4672f29e5289849470b7aa5beb8c308c465a93a8050
runtime/dist-arm64ec-spike/lib/wine/x86_64-windows/shdoclc.dll	file	221184	02e65c0a7b23b724f8f00a813d07187ef2c4ccb99c21959c943f6a4644fd8968
runtime/dist-arm64ec-spike/lib/wine/x86_64-windows/shdocvw.dll	file	528384	8a1ae117777be9b86433a5140427955895a222ad9883b105a1346ca0de7cd05b
runtime/dist-arm64ec-spike/lib/wine/x86_64-windows/shell32.dll	file	13029376	4388741a678f6a187d69c0ed39799c7597972b4daa213dea59fb8b6e0e546669
runtime/dist-arm64ec-spike/lib/wine/x86_64-windows/shfolder.dll	file	49152	432e6a6e097b12b223ad7dec661e9cd4ec01418e284ae46cc7c3a50ec14b36e4
runtime/dist-arm64ec-spike/lib/wine/x86_64-windows/shlwapi.dll	file	1085440	b01f26baf14af8669881d9275df361fdbb93b663eaa92aa0c623ce4622258350
runtime/dist-arm64ec-spike/lib/wine/x86_64-windows/shutdown.exe	file	86016	3bfba108a1ca2900004472ca6e2e0f25987cbde57a41619418016d4c5b9a3155
runtime/dist-arm64ec-spike/lib/wine/x86_64-windows/slbcsp.dll	file	61440	9c2975b4ffa72f03fbd59eef565192a329f8f25b8152be4ff6504975b1c82e2c
runtime/dist-arm64ec-spike/lib/wine/x86_64-windows/slc.dll	file	98304	67737a52825fb67ad944819d631e58b695d2fe0407cdd2bb60409d153c51ec49
runtime/dist-arm64ec-spike/lib/wine/x86_64-windows/snmpapi.dll	file	106496	58a32217827570b9fe6cdc101aa3e675c1279736f5c759630b1e500a173365ec
runtime/dist-arm64ec-spike/lib/wine/x86_64-windows/softpub.dll	file	57344	2704c718f7855f8833ed30dd46afaa453eb6372da5c907c684eeb52790878f0f
runtime/dist-arm64ec-spike/lib/wine/x86_64-windows/sort.exe	file	106496	593e5047492beeb7e8c73deca64bf4cc8f92c98832f712a24f5c011ea7d7e285
runtime/dist-arm64ec-spike/lib/wine/x86_64-windows/spoolss.dll	file	147456	ac870b42d69882a1a688a12983f6e84933005eb2138cd0aaaf9225b2b14b32c8
runtime/dist-arm64ec-spike/lib/wine/x86_64-windows/sppc.dll	file	94208	eaf728b245eccff975c33efa2ca2a9fe592a752ca4d7cb5ab433a7e3b0f72aaa
runtime/dist-arm64ec-spike/lib/wine/x86_64-windows/srclient.dll	file	57344	c6d24915e58fc0146d244ddeee8bdadbbfc4fd85fb698c52726e71af6d2ebd6b
runtime/dist-arm64ec-spike/lib/wine/x86_64-windows/srvcli.dll	file	65536	55d4b4f93996b538da17ea33e289561d18bf5b41a61e0a2dba1529ca5a90fd19
runtime/dist-arm64ec-spike/lib/wine/x86_64-windows/srvsvc.dll	file	65536	d2987582b567579fdb93eed8502154a2db07ccf79449e2fbe4e3b68f6f6d3d04
runtime/dist-arm64ec-spike/lib/wine/x86_64-windows/sspicli.dll	file	94208	351f193f240187cea57b98c08331f130941fdb70f023501240e2ddb89ed74541
runtime/dist-arm64ec-spike/lib/wine/x86_64-windows/start.exe	file	237568	bcbf039e3ce291e329c97815fdb6f76725cd7917a5ccf4bf7f2d5e5fe4fa92af
runtime/dist-arm64ec-spike/lib/wine/x86_64-windows/stdole2.tlb	file	24576	a35a1e12a4dbb7928360ec49ee1ce05b8b2499ce50ed8c2cb8f7de3d9974bbe1
runtime/dist-arm64ec-spike/lib/wine/x86_64-windows/stdole32.tlb	file	12288	11be6ff61ca3cd2d1851099c8750c70dd128dfe234b546fc014050e967db2c6e
runtime/dist-arm64ec-spike/lib/wine/x86_64-windows/sti.dll	file	475136	6cfa5c3bdad21973ef142b1bba4864483ea9745a7587068dd12ca4837fe2346b
runtime/dist-arm64ec-spike/lib/wine/x86_64-windows/strmdll.dll	file	61440	1f57976081c39e197e7ca3cb1e62f7ab3824e92d15266c241721d10182ee6426
runtime/dist-arm64ec-spike/lib/wine/x86_64-windows/subst.exe	file	86016	0cd820d2ee7380cefd726b76e6e72b727e3b9df6982f282bac548781a1fe8384
runtime/dist-arm64ec-spike/lib/wine/x86_64-windows/svchost.exe	file	102400	1a8add7a2b3f72e09133a2191e7a2213fd2f485d916960f6d91ef4ca4a3e1b6f
runtime/dist-arm64ec-spike/lib/wine/x86_64-windows/svrapi.dll	file	57344	fe2a16ea24105751aff952d4b2cdea002d20ea91da832f452c4ac9b5b1e31258
runtime/dist-arm64ec-spike/lib/wine/x86_64-windows/sxs.dll	file	229376	219060ff64f977673d51e87e3113b14eacd93772c3d932fcbb8927415af52679
runtime/dist-arm64ec-spike/lib/wine/x86_64-windows/systeminfo.exe	file	147456	276a5ac9dac113c96b6a425e54bf47278068a29e0484829e2dcfa126a5a98eb9
runtime/dist-arm64ec-spike/lib/wine/x86_64-windows/t2embed.dll	file	94208	dc7a757aa60478a145941fee7384e9f1a43912a4fe2ecf7b917fd373b4447129
runtime/dist-arm64ec-spike/lib/wine/x86_64-windows/tapi32.dll	file	368640	4f111cf5b1b36d3cea5d014457deb01088ee1b40ab8928b3b0198db7dc8f9bf5
runtime/dist-arm64ec-spike/lib/wine/x86_64-windows/taskkill.exe	file	167936	ee02b2ab880f549aadb1483d6bb07457a77a457f928590d2981c125ba33664ad
runtime/dist-arm64ec-spike/lib/wine/x86_64-windows/tasklist.exe	file	155648	66a6aa7d55931651d252c38664a6aa01f39e2d402268677a78a6ab5954a9fa50
runtime/dist-arm64ec-spike/lib/wine/x86_64-windows/taskmgr.exe	file	1056768	305f7141b3a62a12f9b7ba2da3a75b8021476db8d2c37ca31a1392e4ce28bd92
runtime/dist-arm64ec-spike/lib/wine/x86_64-windows/taskschd.dll	file	761856	2f643e228ae3c95598697e6eecac1746ad1206310829b66497e72d0e2c2bf878
runtime/dist-arm64ec-spike/lib/wine/x86_64-windows/tbs.dll	file	73728	903472e4f3360a39fd5db8ef223c7ff42671cbcb43c928d074ca87b529d07c15
runtime/dist-arm64ec-spike/lib/wine/x86_64-windows/tdh.dll	file	86016	c0decbbe46f6d7f0b6220332ca18a3488704ed9272d8354481aca57944ec1e58
runtime/dist-arm64ec-spike/lib/wine/x86_64-windows/tdi.sys	file	106496	ff7b98a30d43cabd0c9fe4d7d55ea812b253a445e3b069936f8350e42eb8dd69
runtime/dist-arm64ec-spike/lib/wine/x86_64-windows/threadpoolwinrt.dll	file	430080	457a0abdf3135ef5da74371fd096190256cd9bb49a2ab5a36706d94ccab24035
runtime/dist-arm64ec-spike/lib/wine/x86_64-windows/timeout.exe	file	77824	fa7998af569ab7798767af380810c567e46b95a7f130fb8869be0a06f8940ba5
runtime/dist-arm64ec-spike/lib/wine/x86_64-windows/traffic.dll	file	73728	49eceaf93b5f46ec56a34c73b98fd3d2850dadfec0e8bb93791134ee88da1b85
runtime/dist-arm64ec-spike/lib/wine/x86_64-windows/twaindsm.dll	file	131072	638345886e121670f4a99a7a8afa1906b14ff4f8ea218106ac8fa7836258dbe3
runtime/dist-arm64ec-spike/lib/wine/x86_64-windows/twinapi.appcore.dll	file	401408	ea4206050f3136d060354bd4aa182a97c82026aded63dc64b9c5d8a28b652c4f
runtime/dist-arm64ec-spike/lib/wine/x86_64-windows/tzres.dll	file	532480	af45837d1fcc405794ad7f93878029aa8cfa2fb4efe5f9cbdbe876217436504e
runtime/dist-arm64ec-spike/lib/wine/x86_64-windows/ucrtbase.dll	file	3706880	32c7b81b3668c207a45fed222cad42259c22588d5397e91c3727636643517c54
runtime/dist-arm64ec-spike/lib/wine/x86_64-windows/uianimation.dll	file	483328	3bd15093c0c4099d315189ccd41cad4a1197a626d397fd205e123072c3f433d3
runtime/dist-arm64ec-spike/lib/wine/x86_64-windows/uiautomationcore.dll	file	1560576	e9f9f4f102a77d10fe5b9c684b77dfb892a59dbcbd0cd0fe5c4ec9e84b50bb9a
runtime/dist-arm64ec-spike/lib/wine/x86_64-windows/uiribbon.dll	file	417792	bf0a70227252c4cb6bc84716d32280a4509ed76036c04c47717279aa0487bb90
runtime/dist-arm64ec-spike/lib/wine/x86_64-windows/unicows.dll	file	176128	679bc61886a4abde554ceb71796e7b7873d510116b74ed7e36a69c0624de1011
runtime/dist-arm64ec-spike/lib/wine/x86_64-windows/uninstaller.exe	file	155648	39dfec4e494371dd62110338802e6da68f3d1551f79834cc24ebb2b50d43406c
runtime/dist-arm64ec-spike/lib/wine/x86_64-windows/unlodctr.exe	file	61440	654a035108d8b26ef4207ed4a24fe2cf96ca81443d7b44cef0be5f88f332aa36
runtime/dist-arm64ec-spike/lib/wine/x86_64-windows/updspapi.dll	file	73728	c7a2ed07de924c3ee57e96124935ce81215f78ed7a82c35882f29168cb0e1832
runtime/dist-arm64ec-spike/lib/wine/x86_64-windows/url.dll	file	81920	515b4cba8a0ee4119feb4b627077167298d4e1d912e6e6d7ca4e5d21e06c440b
runtime/dist-arm64ec-spike/lib/wine/x86_64-windows/urlmon.dll	file	2150400	7e97aa8fa797de98a3cefa1a0dfe6a46464868d6a80bc3076f4a8d48da2d0d9a
runtime/dist-arm64ec-spike/lib/wine/x86_64-windows/usbd.sys	file	126976	27f3e5e827367778db9a6523f9db21549c03dc082a4cf94a2e03c016a2623ebc
runtime/dist-arm64ec-spike/lib/wine/x86_64-windows/user32.dll	file	5361664	0dff98f26c1e41e9ba5629b85240a1f5430e04dcb12f6bece3f8840b096f7f0c
runtime/dist-arm64ec-spike/lib/wine/x86_64-windows/userenv.dll	file	139264	b40049b73b72422002ab85cdd07bc62329964cbb0a612be743d8d684221b7f03
runtime/dist-arm64ec-spike/lib/wine/x86_64-windows/usp10.dll	file	8192	450a3daff573bb883c2be75371e239a37bf1362a930087fa3b17df69c02db00d
runtime/dist-arm64ec-spike/lib/wine/x86_64-windows/utildll.dll	file	57344	46435f1176570246257f510688ae48c672e3019532bf6548374366b1a7d3b271
runtime/dist-arm64ec-spike/lib/wine/x86_64-windows/uxtheme.dll	file	606208	f2cf23a7eefbce63c917375ae314a1d78204bd6532c51ab97f9dafce6b7ff4bc
runtime/dist-arm64ec-spike/lib/wine/x86_64-windows/vbscript.dll	file	1556480	7305035a83880066d7249917585a5d3509981fd4c2a7b845b12da3c9fb81de66
runtime/dist-arm64ec-spike/lib/wine/x86_64-windows/vccorlib140.dll	file	446464	98fd0056006b03c4b17669abfe9673743f80850aa64121e837f96582712f62b3
runtime/dist-arm64ec-spike/lib/wine/x86_64-windows/vcomp.dll	file	184320	7d200b4da52f7a7581b7a0c8784cc03fef81fd651dd4d1b7337c2b96423e59a9
runtime/dist-arm64ec-spike/lib/wine/x86_64-windows/vcomp100.dll	file	184320	a9a848d02ad6ad8b5c813f254a31234d126fda2a95002bc015d2ca29da987b6e
runtime/dist-arm64ec-spike/lib/wine/x86_64-windows/vcomp110.dll	file	184320	92663c04fa7ca600ca560a5b61b1a9e2e3da3ffdc1be8489d71c158adbc8b9fd
runtime/dist-arm64ec-spike/lib/wine/x86_64-windows/vcomp120.dll	file	184320	1ce2c71bda79b0f71bd5aad46759ccae816faa3cdac8637fd1c15fea1f721b82
runtime/dist-arm64ec-spike/lib/wine/x86_64-windows/vcomp140.dll	file	184320	e24c2e02925cb0a2e593c179954040f53f500430497db8f3f4e457c4aedf1549
runtime/dist-arm64ec-spike/lib/wine/x86_64-windows/vcomp90.dll	file	61440	0c265c77a05bc4d56a0884488abd9a57701c2aad56fb4796b937b63bc834275c
runtime/dist-arm64ec-spike/lib/wine/x86_64-windows/vcruntime140.dll	file	77824	7ca35b2e39810ab2796c155267f87791615f556559d0bc13d103c451c0a51dad
runtime/dist-arm64ec-spike/lib/wine/x86_64-windows/vcruntime140_1.dll	file	143360	21f47034be1a3da6f15ebd4e26e63e7ee19dc29acb49f74a1531997045b075de
runtime/dist-arm64ec-spike/lib/wine/x86_64-windows/vdmdbg.dll	file	73728	139dc09872225904bb17ebabba193a046a90ef298507bcd452eca23251166a28
runtime/dist-arm64ec-spike/lib/wine/x86_64-windows/version.dll	file	94208	6f72368c455b8bdafff46eced0fe4a87ba504f7945809a6cddf23903ebe897ed
runtime/dist-arm64ec-spike/lib/wine/x86_64-windows/vga.dll	file	49152	cc35f6622d4791ccbd60827a3891ee0d099ddfaaeb5bd580f242f4f5870b3168
runtime/dist-arm64ec-spike/lib/wine/x86_64-windows/vidreszr.dll	file	258048	5631f5ab32987b291f7c98c79efb029da70665ffada70c9d7a7da848e964366d
runtime/dist-arm64ec-spike/lib/wine/x86_64-windows/view.exe	file	102400	e4556d9a25b9f5fe6182196937b5e5147d372df8eae4ad2be98dc3e29fed71ea
runtime/dist-arm64ec-spike/lib/wine/x86_64-windows/virtdisk.dll	file	90112	2ffc08657fa77f5265c6a614a4874252703cfa46ac6a591a032967f7cdc84a30
runtime/dist-arm64ec-spike/lib/wine/x86_64-windows/vssapi.dll	file	110592	f874088dcf97b7abab67ac5e44bd8c7007416e543a8bd29572a43ff3049e8ab0
runtime/dist-arm64ec-spike/lib/wine/x86_64-windows/vulkan-1.dll	file	77824	83b47f2673efc42f950c112fc126f7516be64a6c7f930bb38262f7780eab5eff
runtime/dist-arm64ec-spike/lib/wine/x86_64-windows/wbemdisp.dll	file	458752	8494a1200e407928add03d05b3e03f81b4087c31070be6f6bab9a11182255a33
runtime/dist-arm64ec-spike/lib/wine/x86_64-windows/wbemprox.dll	file	1179648	c1b69be78cb44fbedaed337ca27bce19587d95b211a5e3ee43577c1ff726c03b
runtime/dist-arm64ec-spike/lib/wine/x86_64-windows/wdscore.dll	file	73728	d7ee490a2db8e798417d4f09ab2b83467e3047e9c7c66d277eed074b101fdb47
runtime/dist-arm64ec-spike/lib/wine/x86_64-windows/webservices.dll	file	1429504	a1db876ff4c73edd5bb84a2e000674db3737c256c38662279c7d7fd20165aa7b
runtime/dist-arm64ec-spike/lib/wine/x86_64-windows/websocket.dll	file	69632	39b23d5ff31ac92bae7379243c59002fa858c8c1b8eca572a28f54af71debf07
runtime/dist-arm64ec-spike/lib/wine/x86_64-windows/wer.dll	file	106496	3ef3bb2d6e50f2ef1ee16221d45becf0023d7380c3190ec0466c5bbe30999c04
runtime/dist-arm64ec-spike/lib/wine/x86_64-windows/wevtapi.dll	file	94208	46bbaafca0a1d34bc752de0dda3e16f52e416645c474ec957655f058529738e0
runtime/dist-arm64ec-spike/lib/wine/x86_64-windows/wevtsvc.dll	file	69632	0146163cae74a8f9d2c873edd102487101d36b1617978ec7c2622ebfa0222dc9
runtime/dist-arm64ec-spike/lib/wine/x86_64-windows/wevtutil.exe	file	86016	0165c7c4f0707e6467770bb3aee7104096b644eb2503d575ad4c69fcede91a27
runtime/dist-arm64ec-spike/lib/wine/x86_64-windows/where.exe	file	94208	68bdd66bd94e8e834a91a4fb488969a533b8e5c80714d820f0dffdb8761157a0
runtime/dist-arm64ec-spike/lib/wine/x86_64-windows/whoami.exe	file	102400	5caee92ed0984be9ac04fe28274caed2c8d596c61dbee3402b5ca22acba3521a
runtime/dist-arm64ec-spike/lib/wine/x86_64-windows/wiaservc.dll	file	454656	7f4a95f7e9f72873cb3b241f09ce413526c14614e52bc639e9f5f682fac00cea
runtime/dist-arm64ec-spike/lib/wine/x86_64-windows/wimgapi.dll	file	90112	1d6c03e28611552e7e11d78e43ea0a1f68bc3eed698b2ade168af4b71f7d36f6
runtime/dist-arm64ec-spike/lib/wine/x86_64-windows/win32u.dll	file	417792	8306e8f1b2178b0b3aa7474e5e6c31293adead5a5b88eacccaf029a0cd69ee31
runtime/dist-arm64ec-spike/lib/wine/x86_64-windows/winbio.dll	file	65536	e135a0801789c7a443204eabd828554caea6d0f0abbf79768c5fffab7a499b57
runtime/dist-arm64ec-spike/lib/wine/x86_64-windows/winbrand.dll	file	94208	e04b4af3801c693cf9ac7635267792dea8ec0f6d98c08d5368cb06d81b8d77a8
runtime/dist-arm64ec-spike/lib/wine/x86_64-windows/windows.applicationmodel.dll	file	290816	4afe717d681ef74279049aae406bc594a38c5b413bfa9b64dc2c202f7ac6aca0
runtime/dist-arm64ec-spike/lib/wine/x86_64-windows/windows.devices.bluetooth.dll	file	348160	0a5cc1d265ae90149189126b679f6cf87596d81dc276743035450cbd302d8fa3
runtime/dist-arm64ec-spike/lib/wine/x86_64-windows/windows.devices.enumeration.dll	file	614400	94b148da4a4fb904e91c0b1dbd05f4b070ed6c4f4272aabe799adaa3ac33ab81
runtime/dist-arm64ec-spike/lib/wine/x86_64-windows/windows.devices.usb.dll	file	180224	9d31318def65a1f6e11a03f994464ecd21b77adba28b03ef9e6f957163ccddc5
runtime/dist-arm64ec-spike/lib/wine/x86_64-windows/windows.gaming.input.dll	file	978944	f0c325fce0fb7570f9554eba120a0f550a7fbd696c8537436c4f48835c898526
runtime/dist-arm64ec-spike/lib/wine/x86_64-windows/windows.gaming.ui.gamebar.dll	file	122880	f1513dd71868e6dc843eed0af0f4dc6b9e15c9586730f78fb64c8d824a1d3052
runtime/dist-arm64ec-spike/lib/wine/x86_64-windows/windows.globalization.dll	file	258048	b3a87a39f37abb282701f649475ba168c7a9c6b2addea1c977854dd7354dee8e
runtime/dist-arm64ec-spike/lib/wine/x86_64-windows/windows.media.devices.dll	file	167936	ac5e3651cda8d79d38210976408aac21a91846c13b5b722cefd5e6b49a43d686
runtime/dist-arm64ec-spike/lib/wine/x86_64-windows/windows.media.dll	file	262144	36af024d8482d5b074ab407f9427cd7cab8608356cb3a0162d0475ba34c94e30
runtime/dist-arm64ec-spike/lib/wine/x86_64-windows/windows.media.mediacontrol.dll	file	253952	6eb20c7ee660057adfab5bd8f60d0fc1cbb6749550a060fe29f5259cc9e55d58
runtime/dist-arm64ec-spike/lib/wine/x86_64-windows/windows.media.playback.backgroundmediaplayer.dll	file	237568	465567cfb5b8f8a164e48bf8f54c210aa48cda19da5618ba1ba7fb7eb09f1b88
runtime/dist-arm64ec-spike/lib/wine/x86_64-windows/windows.media.playback.mediaplayer.dll	file	290816	96975c6248c991158a65ff01604cb89f9328c2bac56dffc11c3a58bbaf035706
runtime/dist-arm64ec-spike/lib/wine/x86_64-windows/windows.media.speech.dll	file	720896	833a4fcc67ef5eccc9d19babc8329fd667e5a885e21452f58beb04250c452117
runtime/dist-arm64ec-spike/lib/wine/x86_64-windows/windows.networking.connectivity.dll	file	237568	1e72c04d99b28e65c92b41a090a2bb229e4f714c756b047844ad5fe9e7087294
runtime/dist-arm64ec-spike/lib/wine/x86_64-windows/windows.networking.dll	file	86016	c730998a60ebb2d5651780b48c36a454b2a8c39f79c770ea2f1d1ebeef023371
runtime/dist-arm64ec-spike/lib/wine/x86_64-windows/windows.networking.hostname.dll	file	188416	81c4203346de0dac2ac8634e95644e037f9d62d6b7ace2c89fcfbc66c25db840
runtime/dist-arm64ec-spike/lib/wine/x86_64-windows/windows.perception.stub.dll	file	389120	f9b7c466fe9fae5a82d2c87aa3e25c06bf71749bee842f31b7717e86a9f6fbf8
runtime/dist-arm64ec-spike/lib/wine/x86_64-windows/windows.security.authentication.onlineid.dll	file	208896	38005aae4741a1761636a27d8db02591fd7afd339b68d402d17114f131ee8c1f
runtime/dist-arm64ec-spike/lib/wine/x86_64-windows/windows.security.credentials.ui.userconsentverifier.dll	file	204800	b0f422115a4de2692c7b0c5151b8c60af4379bf7f3ebbb88aea1a85a96231116
runtime/dist-arm64ec-spike/lib/wine/x86_64-windows/windows.storage.applicationdata.dll	file	200704	0e0fb4f1262e04298d92859750ee9f9d7e0ca8e7fb0b0297d8787624588e572d
runtime/dist-arm64ec-spike/lib/wine/x86_64-windows/windows.storage.dll	file	294912	888fb86cfeb920ade9488ec9b75ab8b1bd8c3b6dc1f0c6d8dd90356e9a6479a2
runtime/dist-arm64ec-spike/lib/wine/x86_64-windows/windows.system.profile.systemid.dll	file	172032	a1cc814d01cc8f6c615c1a83ee1bb10cb30464c29cfba1e4bf547e6d382f55cb
runtime/dist-arm64ec-spike/lib/wine/x86_64-windows/windows.system.profile.systemmanufacturers.dll	file	143360	49e5de6f0331204168a1af48a56b46b1ac33e1d9b3704c91bb86543723ad9550
runtime/dist-arm64ec-spike/lib/wine/x86_64-windows/windows.ui.core.textinput.dll	file	233472	a9822d731d0ec1f51ee94e693c4ac531f72d2e09fe0097c457dcc550d60eeec2
runtime/dist-arm64ec-spike/lib/wine/x86_64-windows/windows.ui.dll	file	417792	40665f8c7ffb1f941b719b54ca9d94e05ebcb4e958e1c3c7b167a084439d28ba
runtime/dist-arm64ec-spike/lib/wine/x86_64-windows/windows.ui.xaml.dll	file	135168	ad6556fe27320b990544e54f233f2f1cb22990b8a6ad61a982c346237104894c
runtime/dist-arm64ec-spike/lib/wine/x86_64-windows/windows.web.dll	file	192512	86d860219f4c21313778947b5f7e8676d44d88428b3061b4484cfd847e414f57
runtime/dist-arm64ec-spike/lib/wine/x86_64-windows/windowscodecs.dll	file	6909952	d2ac0c7e8476b78444338c6646b8906c17fa8c7f280f6656c1fe14d2e47c8c1d
runtime/dist-arm64ec-spike/lib/wine/x86_64-windows/windowscodecsext.dll	file	155648	42b2d0282de1cfe44f848801c471ad9317d8ba03070ae1f0e194e1cab5df2c9f
runtime/dist-arm64ec-spike/lib/wine/x86_64-windows/winebrowser.exe	file	118784	90e4e2eb3d72299f769dd700fb8bb769a203e3152ed40acceb3f0fbcf6746173
runtime/dist-arm64ec-spike/lib/wine/x86_64-windows/winebth.sys	file	376832	b4181767ad2ba4814b03eeb402a2ce84b7db182457a73887c0dd56146b3931e5
runtime/dist-arm64ec-spike/lib/wine/x86_64-windows/winebus.sys	file	204800	c6c982c82fa389f7b4aca9ada29bbb88b5ec3b4f4a9c3a3a15ec62f2de88ff0b
runtime/dist-arm64ec-spike/lib/wine/x86_64-windows/winecfg.exe	file	1495040	373245683a83dc0c674abe2ad068b59ec220050840642e6a4c4f452896d5824a
runtime/dist-arm64ec-spike/lib/wine/x86_64-windows/wineconsole.exe	file	122880	4474ca9dfec7e03ddf18d19cf14be31f946ed8a38f3cff2030338c6e3b4ac1df
runtime/dist-arm64ec-spike/lib/wine/x86_64-windows/winecoreaudio.drv	file	49152	6635c7a873e7d19cba6e6579b0aac48dc64bc358e4a40bc0a8d5b19584328f86
runtime/dist-arm64ec-spike/lib/wine/x86_64-windows/wined3d.dll	file	23736320	982edce8b14590c210c09429b2a35f963d55dd7ed027d988c0a5520314e07c14
runtime/dist-arm64ec-spike/lib/wine/x86_64-windows/winedbg.exe	file	11055104	30e36dfe4a6dcd9eda4406b28b7c356e339501c71bad0a4ec6b4404f878f5afa
runtime/dist-arm64ec-spike/lib/wine/x86_64-windows/winedevice.exe	file	94208	f87be02fea3edce6ebbff9e3322efb5f4a01c733519e5e7fc9673a6d432e183c
runtime/dist-arm64ec-spike/lib/wine/x86_64-windows/winedmo.dll	file	200704	6327bfb131f3e36c2e913bbb5b9ffb4b97c694732688c61a5c3a1fe263fe41fa
runtime/dist-arm64ec-spike/lib/wine/x86_64-windows/winefile.exe	file	802816	5bd175ec855b23e076f68978dbba6a02521c013ea58abd2cf8b19d197a7b6675
runtime/dist-arm64ec-spike/lib/wine/x86_64-windows/winegstreamer.dll	file	2306048	0adabc9770346b0eece5be7f3526a4917201ccbad54d3fcab0f85da54c2cfd18
runtime/dist-arm64ec-spike/lib/wine/x86_64-windows/winehid.sys	file	98304	8ae9b0ffee829f0cd515c48249c8ab37499fe0171f7cbfa13553c83d4f084e86
runtime/dist-arm64ec-spike/lib/wine/x86_64-windows/winemac.drv	file	122880	3b506d3fb74ce718d0c5b49b5f336a2b7301bd729b5f5428fd3abba3c0b912d1
runtime/dist-arm64ec-spike/lib/wine/x86_64-windows/winemapi.dll	file	126976	6e96a4d64a7cce8cf7c025d18ffdcb95155c70f479cb60d90d163cf303972372
runtime/dist-arm64ec-spike/lib/wine/x86_64-windows/winemine.exe	file	315392	5344b26d9a3617e23544a703de56f483b2ff57e8570835b37a2f6e2d0cfa972d
runtime/dist-arm64ec-spike/lib/wine/x86_64-windows/winemsibuilder.exe	file	102400	9f6e08e3aca047d79ff5a6d190a1200c845c9250eca7aa3335bab6d381f32216
runtime/dist-arm64ec-spike/lib/wine/x86_64-windows/winepath.exe	file	94208	83a3c78bd39949bd6d8baf3e90434eb6f57466e83bee26e6767d524f63dfd40d
runtime/dist-arm64ec-spike/lib/wine/x86_64-windows/wineps.drv	file	1470464	8b6d6b6b68a241e6ce567ddeec8f29353a87ac326ebf5cd1dd0466e0979d9954
runtime/dist-arm64ec-spike/lib/wine/x86_64-windows/wineusb.sys	file	135168	ec5d6774c34b5e8ec7fac0901389a6da6a4bd2de68ec9e27d0716d034d57f6c6
runtime/dist-arm64ec-spike/lib/wine/x86_64-windows/winevulkan.dll	file	1257472	1dd9f8a00baf4d26d3a97942e38efdedb4f2b5d4d25236656c22d257a66f25e0
runtime/dist-arm64ec-spike/lib/wine/x86_64-windows/winexinput.sys	file	135168	f7241e0c024f57f863201408754dd565c9dfeb0c4c2a5f05e54b3aa364918bb7
runtime/dist-arm64ec-spike/lib/wine/x86_64-windows/wing32.dll	file	57344	6349cd9d64aabd4c83f6973bbe2663cbb225c8dbe094f1d48dcd37712d5150fa
runtime/dist-arm64ec-spike/lib/wine/x86_64-windows/winhlp32.exe	file	638976	99ec3453e2527386bd51526e350453fb680147d7f7b7decd9fb5c9e6dfc3a59c
runtime/dist-arm64ec-spike/lib/wine/x86_64-windows/winhttp.dll	file	1114112	82aba69750023a6e76faae5c8d899ff63aef1586c488780090b1ac6df9fe173b
runtime/dist-arm64ec-spike/lib/wine/x86_64-windows/wininet.dll	file	1585152	2261014c2a0f3602fc59227408a99e699c6c18f7b6738bcab917fc42a11ea3c5
runtime/dist-arm64ec-spike/lib/wine/x86_64-windows/winmgmt.exe	file	90112	f30b65ed2d8cb07b60517db95773f4d3e249136ff1df9d1210a19c76a157afb3
runtime/dist-arm64ec-spike/lib/wine/x86_64-windows/winmm.dll	file	1409024	8376d17fdef0f1738264d33b1c8db69d4153dbae559a0c22c9d3233e49669d90
runtime/dist-arm64ec-spike/lib/wine/x86_64-windows/winnls32.dll	file	61440	048819e8558413d2d83c06bcd310da4a4f4459ecc9756f218a0572f93dfe8cf8
runtime/dist-arm64ec-spike/lib/wine/x86_64-windows/winprint.dll	file	86016	d55f389325205c6082138025381c32801f5a7aa20e877098d6ee7fe30d4418a5
runtime/dist-arm64ec-spike/lib/wine/x86_64-windows/winscard.dll	file	172032	eb978e023754ec37abb8ba3c55746075988f421e55ec9792272b6f814a32f32a
runtime/dist-arm64ec-spike/lib/wine/x86_64-windows/winspool.drv	file	577536	2dc5568cb877dbcf7e56c6431683da3aae026e99346b20d1cc5966fe4aa741b4
runtime/dist-arm64ec-spike/lib/wine/x86_64-windows/winsta.dll	file	122880	d5bc0f3cb1877a646cd824ad410c53367ace4dc8548eb0cd51cce77da17fa761
runtime/dist-arm64ec-spike/lib/wine/x86_64-windows/wintab32.dll	file	188416	06bd437b8b82a3899c2568e13993f9fb6e38376c7777822a15fe5150a7e88bf9
runtime/dist-arm64ec-spike/lib/wine/x86_64-windows/wintrust.dll	file	651264	b537b1b695ca3ce9df7f66807dbfef1322fb51e73ee7fc469b5db290d0c69d3f
runtime/dist-arm64ec-spike/lib/wine/x86_64-windows/wintypes.dll	file	544768	879895864649d89bdbcedb1ce7192c4aec5de63c2863a1aa071d76e9fc57ceca
runtime/dist-arm64ec-spike/lib/wine/x86_64-windows/winusb.dll	file	77824	77b33cc4681d33141f0cd4ade4d859dc23f6476bed30ab68a042118f88bc1b28
runtime/dist-arm64ec-spike/lib/wine/x86_64-windows/winver.exe	file	65536	7e8a6d99d1e75da3817b705cb1141797d9cbfb9a189c5ace178920b9655c1cb9
runtime/dist-arm64ec-spike/lib/wine/x86_64-windows/wlanapi.dll	file	102400	416ceb099971692cef7aaa6fc0d68351493add3520a566e91b3892e653df8ed4
runtime/dist-arm64ec-spike/lib/wine/x86_64-windows/wlanui.dll	file	57344	36505e04519ae3e0cde3bbb29af9e938d9aa0da4f5fb4d4c228c8b44893ddd8a
runtime/dist-arm64ec-spike/lib/wine/x86_64-windows/wldap32.dll	file	2375680	764119596727b38154b39a4d5634e61cbf265091134635ce5879f9d5c051d1a0
runtime/dist-arm64ec-spike/lib/wine/x86_64-windows/wldp.dll	file	81920	664cd90cd07933b4662ccb94a0a8fbf1f83da779b4e8b17ea2b7d0e68305de25
runtime/dist-arm64ec-spike/lib/wine/x86_64-windows/wmadmod.dll	file	544768	38d7b84d651023e37f12795a88f85105d86cdf259db14d705d5b814dc5b24d17
runtime/dist-arm64ec-spike/lib/wine/x86_64-windows/wmasf.dll	file	57344	5dc256fb45bbdd130d0dda6fb73b774d5d86cac38625895d9739e02fcb7f02f5
runtime/dist-arm64ec-spike/lib/wine/x86_64-windows/wmi.dll	file	8192	c46d2ddcd542236ea786d79aa5730c46e68a7f42035a5888ed3c36c927050f2f
runtime/dist-arm64ec-spike/lib/wine/x86_64-windows/wmic.exe	file	163840	8619294513388be8157640985fe2d39d7e04af9e510a2609f1d05f6d4fdd8407
runtime/dist-arm64ec-spike/lib/wine/x86_64-windows/wmilib.sys	file	73728	b9ae3344068374d2c9acf2b0c2a3171ae6125b058bff34236934267fa3e600f1
runtime/dist-arm64ec-spike/lib/wine/x86_64-windows/wmiutils.dll	file	217088	5d199daad12facacec7239adf2be74c7ac0358d5ac9c902cb390fec9c852ed41
runtime/dist-arm64ec-spike/lib/wine/x86_64-windows/wmp.dll	file	720896	76cdda7201d976194de6294e43654054b1e2f0ef31b16ce95229e5123da84293
runtime/dist-arm64ec-spike/lib/wine/x86_64-windows/wmphoto.dll	file	2076672	ecd47f2f237315220272e01820da1fd53aa953e1b392d4a3954e31834ce199a1
runtime/dist-arm64ec-spike/lib/wine/x86_64-windows/wmplayer.exe	file	90112	59054d7975fff9846ac6eb2c2d2aec796c162da92834b3055c2c8e1690b9453b
runtime/dist-arm64ec-spike/lib/wine/x86_64-windows/wmvcore.dll	file	425984	c54e7d5a1b6619044eb06df0717f03978c25f5eada4c57616423d9e326c3a1db
runtime/dist-arm64ec-spike/lib/wine/x86_64-windows/wmvdecod.dll	file	548864	1e1bc261d50b321d397a7b7f6778991d65130488460fc40235b1b9673c830f07
runtime/dist-arm64ec-spike/lib/wine/x86_64-windows/wnaspi32.dll	file	86016	1462898ee22f5e9ec0c65491a13f63528ac05340d49562ac92eb7b0d0cf285df
runtime/dist-arm64ec-spike/lib/wine/x86_64-windows/wofutil.dll	file	73728	f90fbd039b947024487c4cfb40f0ff269e0ef8c0fec82635982e0a5c301d9832
runtime/dist-arm64ec-spike/lib/wine/x86_64-windows/wordpad.exe	file	1073152	4f15de51e53f7ddb876c3ee84ff31b3b8ee883eda42a5e68831169f7db50378d
runtime/dist-arm64ec-spike/lib/wine/x86_64-windows/wow64.dll	file	1339392	9150d4a88b5a6fc670e7ac4e6dff026549192acd66850264abf7a22a8180df9e
runtime/dist-arm64ec-spike/lib/wine/x86_64-windows/wow64cpu.dll	file	86016	8c06ef25aa50c5315db4c56b651437423773b34c12346b18c96f457cdcfd245c
runtime/dist-arm64ec-spike/lib/wine/x86_64-windows/wow64win.dll	file	1028096	3ae92ac2131b4632bf3124b3857374409ef86e6db92d9c52cd0d3105cf7857b0
runtime/dist-arm64ec-spike/lib/wine/x86_64-windows/wpc.dll	file	131072	5641477280efe611f5455fe3409b70939f172690355b1c08d03f00671f123a50
runtime/dist-arm64ec-spike/lib/wine/x86_64-windows/wpcap.dll	file	204800	2005b04c49cf7c4b31f312086d237b7c2e333ef28190314f5519f2ccbeb41bb5
runtime/dist-arm64ec-spike/lib/wine/x86_64-windows/write.exe	file	69632	6e3296cc040db67698e2b201a8a5b2f4bf01bac6defa4fcb23efa0d12d45c52f
runtime/dist-arm64ec-spike/lib/wine/x86_64-windows/ws2_32.dll	file	577536	f692f62c049e6be4249946772cc11175b514e44312199781a60013191c8f9b07
runtime/dist-arm64ec-spike/lib/wine/x86_64-windows/wscript.exe	file	520192	83a489055096e723c62c884c77921263b6522ccaca5c363998fd862a3fc54b1a
runtime/dist-arm64ec-spike/lib/wine/x86_64-windows/wsdapi.dll	file	409600	94d081bb7ea6153368bb58dd02b68f3c3e02c3788147cac6e7752af97f549a79
runtime/dist-arm64ec-spike/lib/wine/x86_64-windows/wshom.ocx	file	647168	aa92dd9aa6dcf566d9dc581e1400c78a880b4582df2a98df5a1077fae5b529e7
runtime/dist-arm64ec-spike/lib/wine/x86_64-windows/wsnmp32.dll	file	86016	53a2ad37fa8fa075b3bc4d42f5807b4fd28e80e056baa74a3ed3e5c35099c6f6
runtime/dist-arm64ec-spike/lib/wine/x86_64-windows/wsock32.dll	file	135168	a475bf880352b2929bea0977311854069c56f4359eaa469e108c10730daddb8b
runtime/dist-arm64ec-spike/lib/wine/x86_64-windows/wtsapi32.dll	file	163840	c1c832d9f907dce51d00694adde43be52470dc9c51719d33b80a566c3e1d5c65
runtime/dist-arm64ec-spike/lib/wine/x86_64-windows/wuapi.dll	file	659456	8ee87d7403e44e3ca3c8881b357ac2062e2224bf36e665dac2b3853047ee45f8
runtime/dist-arm64ec-spike/lib/wine/x86_64-windows/wuaueng.dll	file	65536	6e9871819f47528113bc2a2a3441cf755aeb375f48322b0981bfd1446f969553
runtime/dist-arm64ec-spike/lib/wine/x86_64-windows/wusa.exe	file	258048	2172724b4f5607a177a7596c7b017b66c63dfdcbec4804c963df280df1889baf
runtime/dist-arm64ec-spike/lib/wine/x86_64-windows/x3daudio1_0.dll	file	102400	51f3d8c6d91e87b2b1f4d4e0a277d5ecaa93c73ebded60e2e44519c29b3c51eb
runtime/dist-arm64ec-spike/lib/wine/x86_64-windows/x3daudio1_1.dll	file	102400	85669740f20d14d305739bbfb7ee77b4cab1ebdca88c414cac22165ac94d3a11
runtime/dist-arm64ec-spike/lib/wine/x86_64-windows/x3daudio1_2.dll	file	102400	c69760b471782e5ce00bbec388f4b022a3b5b903d6fc4352ee18b90e975abcd0
runtime/dist-arm64ec-spike/lib/wine/x86_64-windows/x3daudio1_3.dll	file	102400	451e8a3ad121269b16df8a1a1f217020185236900cb1bdb4622d817904b8d4fc
runtime/dist-arm64ec-spike/lib/wine/x86_64-windows/x3daudio1_4.dll	file	102400	321558611820366da9536c48874d6fedacd4d4755dc2ddd7820eea42bb7132ed
runtime/dist-arm64ec-spike/lib/wine/x86_64-windows/x3daudio1_5.dll	file	102400	3843472ef1e30b394e2bb2146ad550be03b90699392042b3238d0cc8e6c0009d
runtime/dist-arm64ec-spike/lib/wine/x86_64-windows/x3daudio1_6.dll	file	102400	717e5cf9402663a39cd43c6025ef8bb2ed739ce71fd5bc5639806258b1c84295
runtime/dist-arm64ec-spike/lib/wine/x86_64-windows/x3daudio1_7.dll	file	102400	b6abff7d9509576a008898eb271553cefa23e952b1400376f83be071fc604380
runtime/dist-arm64ec-spike/lib/wine/x86_64-windows/xactengine2_0.dll	file	1335296	e8c92c9c5c5dfd0f680bcf5c430fef2f1db18cdedf4202c0b2c8622960a2be8e
runtime/dist-arm64ec-spike/lib/wine/x86_64-windows/xactengine2_4.dll	file	1335296	0ff24467432a932ba8198979250d46667a45645dd092bd25520731e5085b0f7d
runtime/dist-arm64ec-spike/lib/wine/x86_64-windows/xactengine2_7.dll	file	1372160	7f2cb7fdead6b60262eea508ca454e1393583690570b396d58447fb1d575711f
runtime/dist-arm64ec-spike/lib/wine/x86_64-windows/xactengine2_9.dll	file	1372160	b333d8e0d675f4867ffe870993c4343a8de28cb7b13ea9220e2d145cc218db7c
runtime/dist-arm64ec-spike/lib/wine/x86_64-windows/xactengine3_0.dll	file	1376256	74e7017ccab0b503368e7617069e314b44a9967caa05649ba3da5c038eb1187d
runtime/dist-arm64ec-spike/lib/wine/x86_64-windows/xactengine3_1.dll	file	1376256	a7aae21974f64b61da9f793a15f1eacd51b59b428553e8e629470e0946cd4f39
runtime/dist-arm64ec-spike/lib/wine/x86_64-windows/xactengine3_2.dll	file	1376256	4ccb0fd1766628000a9b13515a3edc7334cb4fc2b0b2b93b92943e98588b879b
runtime/dist-arm64ec-spike/lib/wine/x86_64-windows/xactengine3_3.dll	file	1376256	41b3b141410a1cdad52ad3098f3b63014418e5608920af4dbb0bb0a2ebcd24a4
runtime/dist-arm64ec-spike/lib/wine/x86_64-windows/xactengine3_4.dll	file	1376256	b217c759d745da79877e5c32b6f676be8524b3b2ca0dcc731dd831bf38e685e7
runtime/dist-arm64ec-spike/lib/wine/x86_64-windows/xactengine3_5.dll	file	1380352	e629e4e4c304f50da1e4b6fdd6167016f49cb4843ea9d212765841abe67cfeb6
runtime/dist-arm64ec-spike/lib/wine/x86_64-windows/xactengine3_6.dll	file	1380352	a16d4354a1b04d3d109b7f9a4551ad23b4f3d6b3590a17dd179d6f26589fa925
runtime/dist-arm64ec-spike/lib/wine/x86_64-windows/xactengine3_7.dll	file	1380352	9de2ae86cd8260de5d4ef79fec435cdec343e738fe463e7339e100e23687031e
runtime/dist-arm64ec-spike/lib/wine/x86_64-windows/xapofx1_1.dll	file	204800	3f75c772c16fb5bdaa2a9bb5d06e9a546a6c62fccd87f3e47ac58edf943c293f
runtime/dist-arm64ec-spike/lib/wine/x86_64-windows/xapofx1_2.dll	file	200704	e0520853a5a98c3994802b37b67411b5315598d07248b931e1f85d595a26deed
runtime/dist-arm64ec-spike/lib/wine/x86_64-windows/xapofx1_3.dll	file	204800	784e6ac3abf073cbd9a954169ba08ade0bc0a5401ce7eee2f7cc071badf983eb
runtime/dist-arm64ec-spike/lib/wine/x86_64-windows/xapofx1_4.dll	file	200704	29f0e1382afb655d50c22c50e286a50b05018075488c41a73aade0bbae386575
runtime/dist-arm64ec-spike/lib/wine/x86_64-windows/xapofx1_5.dll	file	200704	88b6394cb201f2821c5bb3e248acc99d257d640385d09d4d0c6b98b55ccdf520
runtime/dist-arm64ec-spike/lib/wine/x86_64-windows/xaudio2_0.dll	file	1159168	747fe5b92da68fead0a0d1689442c881f65cd173883df78857a9a7c2470531ab
runtime/dist-arm64ec-spike/lib/wine/x86_64-windows/xaudio2_1.dll	file	1159168	bc56d00c9b973062d146e3ff2f785447f4045d217ae087a2cb53501938825ef4
runtime/dist-arm64ec-spike/lib/wine/x86_64-windows/xaudio2_2.dll	file	1159168	53c7081eb36ea9bb81cd74126e40140eaf87da63a84f8e2d7ad0939922a30543
runtime/dist-arm64ec-spike/lib/wine/x86_64-windows/xaudio2_3.dll	file	1159168	0fda138139f1d84cc7185bd8df1a4ef6c2c66f534889d86894ebb653a3410d54
runtime/dist-arm64ec-spike/lib/wine/x86_64-windows/xaudio2_4.dll	file	1167360	951d875e3d95c9bf87f41634283d17b2f7023142bf4fcfe3d4fac29660f51490
runtime/dist-arm64ec-spike/lib/wine/x86_64-windows/xaudio2_5.dll	file	1167360	22564e73045e95ba144c306a198fe5ba3e63326f3cd11446f115ea7bf136e4c1
runtime/dist-arm64ec-spike/lib/wine/x86_64-windows/xaudio2_6.dll	file	1167360	e7d5ed72c18daa56a712989ceebfaa3188176e51701e21331ca885386c73779f
runtime/dist-arm64ec-spike/lib/wine/x86_64-windows/xaudio2_7.dll	file	1167360	50a4486fdfe1b0fe441f8b65f6a8ddc02a9909324920f62b8e66362dcb18b79b
runtime/dist-arm64ec-spike/lib/wine/x86_64-windows/xaudio2_8.dll	file	1257472	b678128be9fdc7a64adab1d27951e0e9ed7bb1348d151721f4e1b92c34488838
runtime/dist-arm64ec-spike/lib/wine/x86_64-windows/xaudio2_9.dll	file	1261568	741551d0d3c8c6ddaeef5adaa78c165c2975852ba329acad794d2f24f000e0df
runtime/dist-arm64ec-spike/lib/wine/x86_64-windows/xcopy.exe	file	286720	2bacb7b30b6ded3d28156673863a4c0387022290b8b18dc1184cb76e0120c2b3
runtime/dist-arm64ec-spike/lib/wine/x86_64-windows/xinput1_1.dll	file	184320	7d9a191e4657781344a88fb070890d3e5904125724c578bfc0d07a0785667458
runtime/dist-arm64ec-spike/lib/wine/x86_64-windows/xinput1_2.dll	file	184320	b55d315955f23b1293c9e30c4202bcbaf49194d5ff30233883110da192769ee8
runtime/dist-arm64ec-spike/lib/wine/x86_64-windows/xinput1_3.dll	file	184320	b3f70f581814ba994da48709b54cc0885375b6dde597d01f5305196fb1eb3a03
runtime/dist-arm64ec-spike/lib/wine/x86_64-windows/xinput1_4.dll	file	188416	7801ae238f1c7ef32b3544e70848fc239a1cbf5406ca7ee1830955cb4377919d
runtime/dist-arm64ec-spike/lib/wine/x86_64-windows/xinput9_1_0.dll	file	77824	f3b88a97e51f986bc2c5c167a5a064d8547cef2b486b81bbc0222e86d8944409
runtime/dist-arm64ec-spike/lib/wine/x86_64-windows/xinputuap.dll	file	188416	df4dcae0b5378c3a92d7b480e1ffee82c525ee6677184786e94e1b1be8c417af
runtime/dist-arm64ec-spike/lib/wine/x86_64-windows/xmllite.dll	file	524288	c3019d6a32df03e6fba9745d4c89457b217a2155c4a907163497c90f95fda2f8
runtime/dist-arm64ec-spike/lib/wine/x86_64-windows/xolehlp.dll	file	442368	3d121d36acd95469d7e877cf9f5e246730325007af8e10411cfcb7b000f57db3
runtime/dist-arm64ec-spike/lib/wine/x86_64-windows/xpsprint.dll	file	61440	2db17b23492454e2824f842548da711c67ba821c8eea65d0b205898608356d4a
runtime/dist-arm64ec-spike/lib/wine/x86_64-windows/xpssvcs.dll	file	57344	c4dc54fedf7a15b0f0e31865c76fd2286b5ee6e0d4b8d57884b01e0b0f722a1d
runtime/dist-arm64ec-spike/share	directory	-	-
runtime/dist-arm64ec-spike/share/man	directory	-	-
runtime/dist-arm64ec-spike/share/man/de.UTF-8	directory	-	-
runtime/dist-arm64ec-spike/share/man/de.UTF-8/man1	directory	-	-
runtime/dist-arm64ec-spike/share/man/de.UTF-8/man1/wine.1	file	8244	cbd72f637546b92bf4873776dfef9cb4769025242ed95ea0bf4d9e6ac9c457e0
runtime/dist-arm64ec-spike/share/man/de.UTF-8/man1/winemaker.1	file	9510	4102984919653c27bd51ed7ec94cb78757afa48abf3dee4c131e65b96da03ec5
runtime/dist-arm64ec-spike/share/man/de.UTF-8/man1/wineserver.1	file	3568	d658fa6d30f0ea08ce62cffcf4ce775e58a2cfc058f96958992fc382bc3534ab
runtime/dist-arm64ec-spike/share/man/fr.UTF-8	directory	-	-
runtime/dist-arm64ec-spike/share/man/fr.UTF-8/man1	directory	-	-
runtime/dist-arm64ec-spike/share/man/fr.UTF-8/man1/wine.1	file	10317	2707b195c339f610187018fb2bcdb1986c36b88c3871a269c9d9d053b4c37caf
runtime/dist-arm64ec-spike/share/man/fr.UTF-8/man1/winemaker.1	file	9642	b1251f668f5b80afad560d51cb59237217ebe22567129018c016b362a667de66
runtime/dist-arm64ec-spike/share/man/fr.UTF-8/man1/wineserver.1	file	3788	c20133f245676d90956bbe96297dc12d21e9f58b680465e2fe836f1353f736db
runtime/dist-arm64ec-spike/share/man/man1	directory	-	-
runtime/dist-arm64ec-spike/share/man/man1/widl.1	file	6077	6079ba771507845577351cc7c40ea9136ca3d749409702544a977614d0905fd9
runtime/dist-arm64ec-spike/share/man/man1/wine.1	file	9840	2007f35fb899e55f979547d1f9d009815d1bfb1aa14c06576a8455721fd4d180
runtime/dist-arm64ec-spike/share/man/man1/winebuild.1	file	17905	8c4e2247e536dfd225099090f77469fa08e93de94fcfb0f0e5ef5bbc17009114
runtime/dist-arm64ec-spike/share/man/man1/winecpp.1	symlink	winegcc.1	eab9814e61589e0dc7ad75db465324ac4f1e5b96b17f24a044c585e84dac2767
runtime/dist-arm64ec-spike/share/man/man1/winedump.1	file	8732	2be6c77cb4400f827abf223d11e8ed7c97524654d97eca2064c5c5dec3fe73bb
runtime/dist-arm64ec-spike/share/man/man1/wineg++.1	symlink	winegcc.1	eab9814e61589e0dc7ad75db465324ac4f1e5b96b17f24a044c585e84dac2767
runtime/dist-arm64ec-spike/share/man/man1/winegcc.1	file	4617	aa05c7ac0372c808623662a0d5f33b840853ba8f485932b8d066604a2eb253f0
runtime/dist-arm64ec-spike/share/man/man1/winemaker.1	file	8345	2e93b762e9a0fac4f2e98c6e99aa9cc86525a05524b7103eef163aac23a3c486
runtime/dist-arm64ec-spike/share/man/man1/wineserver.1	file	3359	994c717b22d4b7614fa3f4561e12cee6c819e75cb89f1f4d3931a7188194d9a0
runtime/dist-arm64ec-spike/share/man/man1/wmc.1	file	3894	4936bd3b11a5fc59830a39ac33c0664369659a8beb3668009a59dfa3d3b93f37
runtime/dist-arm64ec-spike/share/man/man1/wrc.1	file	7853	819e34fc1af04381bad76f10b1c5037d0ea133942d92d84cb19ca26c8dcb6cb8
runtime/dist-arm64ec-spike/share/man/pl.UTF-8	directory	-	-
runtime/dist-arm64ec-spike/share/man/pl.UTF-8/man1	directory	-	-
runtime/dist-arm64ec-spike/share/man/pl.UTF-8/man1/wine.1	file	9616	1c966107ab388f79856a87a8a61255cfc75dcc002685694cb430812ba0f3ed1d
runtime/dist-arm64ec-spike/share/wine	directory	-	-
runtime/dist-arm64ec-spike/share/wine/fonts	directory	-	-
runtime/dist-arm64ec-spike/share/wine/fonts/coue1255.fon	file	4912	db11f966b5e1413d66bc116f589f8698396af94104211ab94cd0b25014749b87
runtime/dist-arm64ec-spike/share/wine/fonts/coue1256.fon	file	4912	9afdb41a16ccb371fba76cafa7332671e1954ecf1eff6096ed6b0c5f021e60d1
runtime/dist-arm64ec-spike/share/wine/fonts/coue1257.fon	file	4912	6df92d257757dec1d93913c4ee55d3a9418d414dbdaac3e6885880be00fc057c
runtime/dist-arm64ec-spike/share/wine/fonts/coure.fon	file	4912	e55d2d1f38f85f6c182409a857e505eab71d053d24970c12c6cf0820760439b1
runtime/dist-arm64ec-spike/share/wine/fonts/couree.fon	file	4912	34d5eef9c3d07108089c74d09c0373a7be67369d5347d116193f7ce50acb7a5c
runtime/dist-arm64ec-spike/share/wine/fonts/coureg.fon	file	4912	9a4caa8dda32e1d0eda0e64bec824445a9ca74c164cf56e2925e2ddb330d49f7
runtime/dist-arm64ec-spike/share/wine/fonts/courer.fon	file	4912	3ac6f651a5a3b682cfec97ff0a046ec9bfa0b255cc03517059eab8f1d7d23e3c
runtime/dist-arm64ec-spike/share/wine/fonts/couret.fon	file	4912	c7f2a90cdb0c28ec1193e1c7401f7711b7aab39d1f22b851453627fe717d9b64
runtime/dist-arm64ec-spike/share/wine/fonts/cvgasys.fon	file	12704	665f2a694dae7e408cbd592da2ef8dc2a07d5ae0908a7548c3fb1e2390528afb
runtime/dist-arm64ec-spike/share/wine/fonts/hvgasys.fon	file	6512	1bfd8c89f6ec72dc1322a1a12d02fb8d4e89627ac9be00f4df73ad8f32f14815
runtime/dist-arm64ec-spike/share/wine/fonts/jsmalle.fon	file	4480	edd598c955bf7588b71d02c1bba528f14ccea42af15997c061f4ec7d07e11418
runtime/dist-arm64ec-spike/share/wine/fonts/jvgafix.fon	file	6032	9d84ad6a697c9de0863120bf8016c11a94ee9190cd3a2b1d61f6c69acd3f57ea
runtime/dist-arm64ec-spike/share/wine/fonts/jvgasys.fon	file	7360	5a65aa8e211c568b08f032e52be43a6511a7644ac6701248825b70beb93c61ac
runtime/dist-arm64ec-spike/share/wine/fonts/marlett.ttf	file	6136	1a9b951ca1815344050ae6158263991e2145918bc74ad65d82bc6ec4056a57d1
runtime/dist-arm64ec-spike/share/wine/fonts/smae1255.fon	file	4512	4fd653519d3675c01d1c32e9099369048fa8eae24fe16865d32cb30b5b4bf1a0
runtime/dist-arm64ec-spike/share/wine/fonts/smae1256.fon	file	4512	3ca245654b7c904037fc51d8acf8fd122daf6942404ffcaa2243f09e29f41122
runtime/dist-arm64ec-spike/share/wine/fonts/smae1257.fon	file	4512	fa007f822ff9092785e2cd8eb7f0380835c2c28dd20d87413b8b20cd8989c10f
runtime/dist-arm64ec-spike/share/wine/fonts/smalle.fon	file	4512	244bdea4ba8ff10d9c566142544a42e084ad763e44180a5ef8a4a626e9b317b1
runtime/dist-arm64ec-spike/share/wine/fonts/smallee.fon	file	4496	d2f78226369292adfbb9ff6c62efef2b3e69e712cc6768a76242ad28e3cfb815
runtime/dist-arm64ec-spike/share/wine/fonts/smalleg.fon	file	4512	a4b53240f0f8fed4287c9e4b9c50cd7e69bbe523f392858fd3f499e0f1a0347e
runtime/dist-arm64ec-spike/share/wine/fonts/smaller.fon	file	4560	18b4e1f74db46133335631c1a7c8d1b8ed33f37f9acc242cd2a5bb49999a56c4
runtime/dist-arm64ec-spike/share/wine/fonts/smallet.fon	file	4512	64b0cefb17055722bd695a9d51804b3210381611b5cc733ffab271d3c4df1d0d
runtime/dist-arm64ec-spike/share/wine/fonts/ssee1255.fon	file	18640	113377d92812a0d5d91ed21273db27481cecfa46a48515838267f5e027ddb9cd
runtime/dist-arm64ec-spike/share/wine/fonts/ssee1256.fon	file	18944	806f10a07ab304967b0e03e98d409ce9bb5aa1de4ec7de06b50eeb98f2b6c527
runtime/dist-arm64ec-spike/share/wine/fonts/ssee1257.fon	file	20032	c6c4e017d38d5d67df5a81c22cb3b976a7d5348cd57cfaf6e9f4c6ab15c366a2
runtime/dist-arm64ec-spike/share/wine/fonts/ssee874.fon	file	18016	80b807c73c6b61aed9a957cdf58332a914fdd20a1eaf6732a41d771916763d8b
runtime/dist-arm64ec-spike/share/wine/fonts/ssef1255.fon	file	13984	ce45696f11d0f3fc14e659732e44657bef9d3f3f477f0f1fe7e1be71568af9d6
runtime/dist-arm64ec-spike/share/wine/fonts/ssef1256.fon	file	14288	4af84bc7d3cfa407ba8314c8e73625a8365d4cd01f893d7cfc1419093e7abfd7
runtime/dist-arm64ec-spike/share/wine/fonts/ssef1257.fon	file	15328	2fc75882b8f3381fb11d705c10db6d7281cd36e6cfbf06660b3cdaf4d9357836
runtime/dist-arm64ec-spike/share/wine/fonts/ssef874.fon	file	13376	5440dc23764bf2f1c64305052c89eaa544196deca5518ebf9ffe6c11e39590ff
runtime/dist-arm64ec-spike/share/wine/fonts/sserife.fon	file	20272	cc9359d812d2cf98be82af39f837fc8785862b0d78690922abb11a649ef8d4e6
runtime/dist-arm64ec-spike/share/wine/fonts/sserifee.fon	file	11248	823ffd5be4c524ff3559b327733edf872eeb1bb131bc27a6262fbbc79340ccbc
runtime/dist-arm64ec-spike/share/wine/fonts/sserifeg.fon	file	20016	d3e4c3e090a8ca9057e33d5596b5835d9ec635a19f624e20afa1df1e2f6f6c5d
runtime/dist-arm64ec-spike/share/wine/fonts/sserifer.fon	file	21040	edc1992d93c238d1f9bb584224d43bc15195994584597eb9b197bd5ebe331ec0
runtime/dist-arm64ec-spike/share/wine/fonts/sserifet.fon	file	20208	a9c4cf139b04caa73c6fe678cc5e9422e83ec04add4ed9cb147d0949b7909183
runtime/dist-arm64ec-spike/share/wine/fonts/sseriff.fon	file	15536	9f796ab65afd85cc0f9e3ec834d428c5441f5efaa3b0cc64f3ffef4be4a18f16
runtime/dist-arm64ec-spike/share/wine/fonts/sseriffe.fon	file	6576	4d4322712afafb0bc8b096cd037268f5de8e0fb623c1672946cb89a7f269589e
runtime/dist-arm64ec-spike/share/wine/fonts/sseriffg.fon	file	15328	4f9e61d6b9806d0ac65c739c4b1105581765594e9448e5cfa99e82351b28a3fe
runtime/dist-arm64ec-spike/share/wine/fonts/sseriffr.fon	file	16144	a4c3766bfadbbf04711382ef8f3bd67c5ad3682ceec4c363a0dd64a7825b1459
runtime/dist-arm64ec-spike/share/wine/fonts/sserifft.fon	file	15472	b2993be421a23fc53c68e25004e32ab6af5897dbca7e9e4c06073f884980d689
runtime/dist-arm64ec-spike/share/wine/fonts/svgasys.fon	file	12704	b5df7fe22eb94646a84fc4b5310cfe3d63975888f13e61be74c2fb045eb96fe5
runtime/dist-arm64ec-spike/share/wine/fonts/symbol.ttf	file	26028	d79da0fbd9a9f3cf806059bb1f2c9d7ce43dd9e3e4c7d4dcc5d9f2759b81196f
runtime/dist-arm64ec-spike/share/wine/fonts/tahoma.ttf	file	143884	90f1abad4da0ce03da5d2277ee75a9600ce812d37c90eab76e0838ffa7937e55
runtime/dist-arm64ec-spike/share/wine/fonts/tahomabd.ttf	file	137836	508a2acc88cd6abdd399ae79c9965db43fba75a46bb115117b55d2be2272d889
runtime/dist-arm64ec-spike/share/wine/fonts/vgafix.fon	file	5360	87b8914f116a09c37a47d67e23e41c52a59c6e7e7bc70c36844f1a92f262928d
runtime/dist-arm64ec-spike/share/wine/fonts/vgas1255.fon	file	6448	e34774b4bde724adcdcba0ca1f7a957d4599f3a47ed664f74638b0c94e74c515
runtime/dist-arm64ec-spike/share/wine/fonts/vgas1256.fon	file	6064	ed6506357d20fc50a9d755e972ceda577660b45f20952e51648dffe2ad7ee3cb
runtime/dist-arm64ec-spike/share/wine/fonts/vgas1257.fon	file	6576	a436ef28c6aff46e24f5ae6da8390296f4c62d9bc4903439b788635b2b1a7743
runtime/dist-arm64ec-spike/share/wine/fonts/vgas874.fon	file	6000	9c5dc2a279d3f156bbe52032b316563fdaf572f87a82fe921a7fb1e74b493645
runtime/dist-arm64ec-spike/share/wine/fonts/vgasys.fon	file	6512	3ecf600cad467be12df0b3d8a337b384de0d97592f1e812bc0ec406c1dc55327
runtime/dist-arm64ec-spike/share/wine/fonts/vgasyse.fon	file	6608	dbdb2b60c6c9991c3a2a644b48b345c3d89c67695fcb868c0edfc376adf1db80
runtime/dist-arm64ec-spike/share/wine/fonts/vgasysg.fon	file	6576	466fa94915cced6de0d7229386097f2fbb99b0336dc233eec747b370d48ecb43
runtime/dist-arm64ec-spike/share/wine/fonts/vgasysr.fon	file	6864	8d3b07f02e9558b75260f604bbb7ca6450ffe16798dd13b6beb54179c9a84e28
runtime/dist-arm64ec-spike/share/wine/fonts/vgasyst.fon	file	6480	853bc7ea527a36133de9ead46a5ecadaf47069b588bbe56f85d3e59bda1d3908
runtime/dist-arm64ec-spike/share/wine/fonts/webdings.ttf	file	4300	bbaf4df7911928cbb196fc48f1c7237f68aba2aec3e53c01761b89fdd038ac7a
runtime/dist-arm64ec-spike/share/wine/fonts/wingding.ttf	file	9524	cf5784b53e365ecfad1661b8b23d133effa1d3b54fb7a51137c8a9548f0db08e
runtime/dist-arm64ec-spike/share/wine/nls	directory	-	-
runtime/dist-arm64ec-spike/share/wine/nls/c_037.nls	file	66082	b9d410d973dbb040a8a7bb23898ed92c205d7e1d249bfdb0965239b97b5cffdf
runtime/dist-arm64ec-spike/share/wine/nls/c_10000.nls	file	66082	20128ffdabfca32cc5a5a06d101a1b3316764ee282cc1193bf0e0cc2828931b2
runtime/dist-arm64ec-spike/share/wine/nls/c_10001.nls	file	162850	f21285f5ee89a6d8f5355674c9e6566a064244360637bd3999baa2f726cd60bf
runtime/dist-arm64ec-spike/share/wine/nls/c_10002.nls	file	195618	fd781bd60164ea47af46321d5f4a1fcf087b92882b8d3dbbc1f82cebba651874
runtime/dist-arm64ec-spike/share/wine/nls/c_10003.nls	file	177698	ba6f053caaee7e51d1d41e72bddd689a785d25764843f38028b71fab1cbbbdbf
runtime/dist-arm64ec-spike/share/wine/nls/c_10004.nls	file	66082	431c4180e16b8efc43bedd2ead895c164e0763a64ea9fd1ef3a3ae083008a2a1
runtime/dist-arm64ec-spike/share/wine/nls/c_10005.nls	file	66082	71908c06025486f16959abad8cf6937af02c8839cdb9e543c055ffccb2ee2e23
runtime/dist-arm64ec-spike/share/wine/nls/c_10006.nls	file	66082	e7d833ec0360efd24b9e397d5cd90df8eb20fb026edc4f7e094b83d344b85466
runtime/dist-arm64ec-spike/share/wine/nls/c_10007.nls	file	66082	a856107538c7c7f6f8e31f33cabc9a52f5ecd2a984e94a34780e676cb692a750
runtime/dist-arm64ec-spike/share/wine/nls/c_10008.nls	file	173602	254037ddb9f782fbb6cb8066e7539bfd69668a2fc5f889adf3b520920910190a
runtime/dist-arm64ec-spike/share/wine/nls/c_10010.nls	file	66082	58f88a47a96e99aae5a4d5b2ab494953630facf0c53bc0f6a958b294f8a691d1
runtime/dist-arm64ec-spike/share/wine/nls/c_10017.nls	file	66082	a9d08101018e60e6ef34822e7689aed54c79bbf64fec7dadc81522fd553dd974
runtime/dist-arm64ec-spike/share/wine/nls/c_10021.nls	file	66082	641fafbacdb8d0e6fd9be7c834bed252ff3094f79384f0ad3d1162061bbc9cff
runtime/dist-arm64ec-spike/share/wine/nls/c_10029.nls	file	66082	22b18b7bca17d3131f2959a8b6b3615ff868cf697c06ac1d564549fe19c3aed6
runtime/dist-arm64ec-spike/share/wine/nls/c_10079.nls	file	66082	3b615693f00a038e80e300497ab39bc1ae2685ee1d3a0d9ea6430c134c727269
runtime/dist-arm64ec-spike/share/wine/nls/c_10081.nls	file	66082	69b3dac9104ec586758ca7d0767a53dcf314b033222eb7e3759bac32fe313e2f
runtime/dist-arm64ec-spike/share/wine/nls/c_10082.nls	file	66082	576b82b42f226ffc93a520b79a2bce500ec092b511ff011f2d4ae1b727767f1e
runtime/dist-arm64ec-spike/share/wine/nls/c_1026.nls	file	66082	ea6e5ef1cb5f7ec613fd82fa8088b8055bbdc94e003ac80bc32612fcb4f65ee1
runtime/dist-arm64ec-spike/share/wine/nls/c_1250.nls	file	66082	99ddf78fd740d5d73871f377b003245d7e21f6df6d1fc8bd729b17cfc0533b4f
runtime/dist-arm64ec-spike/share/wine/nls/c_1251.nls	file	66082	0a290fd64ff2f5176ff0582b2dad396bbf6636d408e061fae7158dd89606928b
runtime/dist-arm64ec-spike/share/wine/nls/c_1252.nls	file	66082	e2634ee32da7977d762d2d45be2053309ee718572a7d8bb0034180dc1b0b6b76
runtime/dist-arm64ec-spike/share/wine/nls/c_1253.nls	file	66082	a9543da84c7fc172a0523ae1f9f6122f36cd29d60c7a5390e97c09d574774793
runtime/dist-arm64ec-spike/share/wine/nls/c_1254.nls	file	66082	70756e5f20fe0e095e319b3c021a92a8a311847249e13f3ee88804cecc1df747
runtime/dist-arm64ec-spike/share/wine/nls/c_1255.nls	file	66082	d25f2cbf67dc8932811799c003981d6ccf479b476f612382021af3cef6113a48
runtime/dist-arm64ec-spike/share/wine/nls/c_1256.nls	file	66082	66f87b8e30c4e72f861993f48f5f34387663545a4cd23ad3e0dd9ed146467639
runtime/dist-arm64ec-spike/share/wine/nls/c_1257.nls	file	66082	6ee5c098f01433e56fd92bc66d8d5530946ad1dcee96998e09e9b6df05e7d611
runtime/dist-arm64ec-spike/share/wine/nls/c_1258.nls	file	66082	f1966c599370dac14cea80810075b260eaa4b97689c47f6317e5a4ec30c23496
runtime/dist-arm64ec-spike/share/wine/nls/c_1361.nls	file	189986	b43c800d6087589c47b86a27a7c8d1d5a665c1854321db0468b0a7cec5677fbe
runtime/dist-arm64ec-spike/share/wine/nls/c_20127.nls	file	66082	951a19ce0d3c785d12ea94cb28ce5c2c096d302e35b3fb3e8b35248a006435ba
runtime/dist-arm64ec-spike/share/wine/nls/c_20866.nls	file	66082	b2c0873fc150b83fe8656cf9058e29d73bea332bb2a46977d0499eadaf8c7c7f
runtime/dist-arm64ec-spike/share/wine/nls/c_20932.nls	file	180770	df9370898e537bf89ebedf2a5d5e8e036c081b8cfee43e9776ed23366bec1815
runtime/dist-arm64ec-spike/share/wine/nls/c_20949.nls	file	177698	0e4c5d943a12c5b4ba0924e51f41fd4d9216c76c905d1b37fe5a4e0915436fbd
runtime/dist-arm64ec-spike/share/wine/nls/c_21866.nls	file	66082	b53104a08f5e468ec95140ba243008796d9ef7e4b8595fc75bb2541859299113
runtime/dist-arm64ec-spike/share/wine/nls/c_28591.nls	file	66082	aa52cf173808f65b117f0d7af574c11dde85133cccde306ccc57b5de50961b5c
runtime/dist-arm64ec-spike/share/wine/nls/c_28592.nls	file	66082	b2d095492bcfb35edc67329ea0a233b8f8d1b83fa72269204eb09522ae70ccc1
runtime/dist-arm64ec-spike/share/wine/nls/c_28593.nls	file	66082	9effe3c56b0cf721aaf55769050fb4a80c74e553819053d00363ed3b39d15451
runtime/dist-arm64ec-spike/share/wine/nls/c_28594.nls	file	66082	3b23903cae75b7f29f87b5ec774cb3d9095e6f1464c6421e8fb3f50335dfbce2
runtime/dist-arm64ec-spike/share/wine/nls/c_28595.nls	file	66082	00619caa1f9f9d1087cb5b3884eaec39f468d0a7a0056972666ff6bdbdae8faf
runtime/dist-arm64ec-spike/share/wine/nls/c_28596.nls	file	66082	cd1018cfaaca3ee8d5e22548360c259be7b5d6678fde1cb773ba3bdaa63857d3
runtime/dist-arm64ec-spike/share/wine/nls/c_28597.nls	file	66082	7c9bf3b6ccec261fa9678d3c5fe7281572562964d6cf96c7fb257ca8c25d94b9
runtime/dist-arm64ec-spike/share/wine/nls/c_28598.nls	file	66082	e3085f4ea2409824fe0b076798cf4581200d310aecfad0cfa97549d2c5d774f0
runtime/dist-arm64ec-spike/share/wine/nls/c_28599.nls	file	66082	4ac9b6f3581cc8b66287bf3dee8cca83b25d59c7bc67bc51a81ea50f6e5c5636
runtime/dist-arm64ec-spike/share/wine/nls/c_28603.nls	file	66082	7c79e98c1cf6e1e1747715e7e32fc5745a8c800e366dac0c0bc281db2452970a
runtime/dist-arm64ec-spike/share/wine/nls/c_28605.nls	file	66082	c2e9947e4a539c9cee947138d17d72c34a058c79996f0f75491fe41234eca718
runtime/dist-arm64ec-spike/share/wine/nls/c_437.nls	file	66594	04d741575060dfcd57d8650f70e65db154944bae95e8dfbe058fadee639e21d0
runtime/dist-arm64ec-spike/share/wine/nls/c_500.nls	file	66082	03d703f5762bcf9f5b4c004dfd8424db34755d269a35b713ea8cf26cc6bbe70b
runtime/dist-arm64ec-spike/share/wine/nls/c_708.nls	file	66082	5c2d5e62bd053152f31969bb4323a030a11b55c9ff4afa836b60f5d90ea95846
runtime/dist-arm64ec-spike/share/wine/nls/c_720.nls	file	66594	d9e798db57cc062d371f3c603eef419e474039d815696547fcd85308447d4f74
runtime/dist-arm64ec-spike/share/wine/nls/c_737.nls	file	66594	e263c7c51686a204417e8b670bb1525bae5dbf73407e678ba645b3f6f2e3e22f
runtime/dist-arm64ec-spike/share/wine/nls/c_775.nls	file	66594	6fd6b7909b8f1edb3afc69bdb16c69386be0030c422a78ec8be6b53a47985112
runtime/dist-arm64ec-spike/share/wine/nls/c_850.nls	file	66594	4fd63d67d0af5d5100b3c7d74666f260546e1a616c6bc88e76fff3bc10418d5b
runtime/dist-arm64ec-spike/share/wine/nls/c_852.nls	file	66594	9eb853fb35f516f5a4197f7e34a712ca5db852c974524f235576cc931cdc14e4
runtime/dist-arm64ec-spike/share/wine/nls/c_855.nls	file	66594	305dcd61cd4927de9c0ef31b0c264485bcf01c17f7d1be62d0da5629f49d014c
runtime/dist-arm64ec-spike/share/wine/nls/c_857.nls	file	66594	779387ebcde599b5ef2baddd334e14ee22c434908f3442ab48d37d4288ad0018
runtime/dist-arm64ec-spike/share/wine/nls/c_860.nls	file	66594	3552b06f620b97fe2d73c73545095e588a2d1c933dc05737150f68d5047df1b0
runtime/dist-arm64ec-spike/share/wine/nls/c_861.nls	file	66594	16e28d7abc9c3725890ac003fe89975140e7b21f6eed12b8724f9a9ff3dcf2bc
runtime/dist-arm64ec-spike/share/wine/nls/c_862.nls	file	66594	ef58d3c30db095356941330ed149bb64389e8c01351a0e508a3d4d381c039469
runtime/dist-arm64ec-spike/share/wine/nls/c_863.nls	file	66594	6ad5df3fadd63110aea28956752e82bb1cbaa0d399d19b91d9e2b3f04f1ac660
runtime/dist-arm64ec-spike/share/wine/nls/c_864.nls	file	66594	e284c65e736440349cfef5f682c6a2fb4efdef36355439e371f65ae92a0b8ddf
runtime/dist-arm64ec-spike/share/wine/nls/c_865.nls	file	66594	aaf5f50a46f3663360f36646841ffb4046334774eb132cea098a9a7388502fdc
runtime/dist-arm64ec-spike/share/wine/nls/c_866.nls	file	66594	cee909945319045f0258f006ac37fbc76c77ca0682e5a5197c4de3948e6eb71b
runtime/dist-arm64ec-spike/share/wine/nls/c_869.nls	file	66594	8d33517dd0892b4730ff8e1d32157ce7c33fba463ac52be34b261a33c5436934
runtime/dist-arm64ec-spike/share/wine/nls/c_874.nls	file	66594	42ec3c5825a9d59009470c1aeba338e7c3ae7ba6c59d1e9e1efa7cac73116299
runtime/dist-arm64ec-spike/share/wine/nls/c_875.nls	file	66082	edc40c7c4bd6684b64a288885ced286331a0577c392e2bf5e2c627106e05b13b
runtime/dist-arm64ec-spike/share/wine/nls/c_932.nls	file	162850	dab57ece81509bb4d9f1d8df5c39e7b2ffaffda0a2d6e1028ddf822a04315d10
runtime/dist-arm64ec-spike/share/wine/nls/c_936.nls	file	196642	29f6633ee0df301fb6cc659f3941be9fcc1d9f6e633c7df24864c6d5b462f5a0
runtime/dist-arm64ec-spike/share/wine/nls/c_949.nls	file	196642	5962daff7400af816266f0eab942b5d6c3fb5603be1055911c80325f68600b26
runtime/dist-arm64ec-spike/share/wine/nls/c_950.nls	file	196642	ab1f87a022ccc5e6d063520a652a7cf1d0a3ac3c3dd1faf18285490a70b9b688
runtime/dist-arm64ec-spike/share/wine/nls/l_intl.nls	file	5564	ad190cb85aa387d3d92a9d97ff254e20bf982a2ea9c11c2cad651ba0f8d20584
runtime/dist-arm64ec-spike/share/wine/nls/locale.nls	file	794914	868e5d3a3f115c2649706f566f9741aa3e2c6927c10b3f07d5e4c76b0e403115
runtime/dist-arm64ec-spike/share/wine/nls/normidna.nls	file	86468	20f509da75ef30a8d63c2552f53db72e54755b957c8f7d3482a0700a9594b2d8
runtime/dist-arm64ec-spike/share/wine/nls/normnfc.nls	file	60194	d89888aee9e19d046d3d13aa5d385b81e86655285ce04cb7d4e6cb27132b7c0a
runtime/dist-arm64ec-spike/share/wine/nls/normnfd.nls	file	53246	8ce157d53161fc977214c1789797b752d67032e0c6d5072a8b3a1922829d8796
runtime/dist-arm64ec-spike/share/wine/nls/normnfkc.nls	file	82910	5c98603c5a571a12e024bfaaff5526775026aac6b829c5a5f3fbff89f8e13a2a
runtime/dist-arm64ec-spike/share/wine/nls/normnfkd.nls	file	76294	da1a3cd3b79d995a0ea0298d842e7e49be71bb88b068bc5408bcf35b000a5d85
runtime/dist-arm64ec-spike/share/wine/nls/sortdefault.nls	file	3380468	2e58e6165d423c8764af40ebd30a9567e4ca710e230f93817e36df7bed3fd433
runtime/dist-arm64ec-spike/share/wine/wine.inf	file	57978	0315a55b11a456590a9368f4cb8d0011d6735cc04c9093ea583570d1352e1ee1
runtime/dist-arm64ec-spike/share/wine/winmd	directory	-	-
runtime/dist-arm64ec-spike/share/wine/winmd/windows.applicationmodel.winmd	file	11776	2a9051631abe5018c7d41230fc605a6986c79d4d9677f901aaea9b7065935fae
runtime/dist-arm64ec-spike/share/wine/winmd/windows.globalization.winmd	file	18944	ec4b6dbd437e4b98d33d546cf23e1ecce744f79f2656b70f1ae41de407269879
runtime/dist-arm64ec-spike/share/wine/winmd/windows.graphics.winmd	file	2048	2fc30f68b0a7f8073a1622769bf333283d1d92d9cbf65ffe77d5021b713b6bbc
runtime/dist-arm64ec-spike/share/wine/winmd/windows.media.winmd	file	16896	7a9e5289573e88b85f1cd6513cda597ed79fafbf316fc50e3f8d8f1497c2c539
runtime/dist-arm64ec-spike/share/wine/winmd/windows.networking.winmd	file	5120	80365330666eca442533e127f332c6a0d422adc8191c0f8828877856e2432823
runtime/dist-arm64ec-spike/share/wine/winmd/windows.perception.winmd	file	2048	0e65cd2e6bfb545ee440f3ddc9928cc2947cb1cce2decb5957e09d2768bacf77
runtime/dist-arm64ec-spike/share/wine/winmd/windows.storage.winmd	file	16896	7d45023c1e811f40c76dede4ab299c4d3d3f6719e7a76aaf873d44140765696f
runtime/dist-arm64ec-spike/share/wine/winmd/windows.system.winmd	file	12288	41a8c37d2a216b9e1e7f8a0c6877efe0e1043f78e5d8c05d19015bb9792be792
runtime/dist-arm64ec-spike/share/wine/winmd/windows.ui.winmd	file	17408	26a2557d64d87e9da5eaf5ba498bb58a0beedf0dfbb3cb2505d6d5e6e75c0d3a
runtime/dist-arm64ec-spike/share/wine/winmd/windows.ui.xaml.winmd	file	7680	9c29548b8f77a25fa14eb2859c5d9d81d60562dead6afb5bf54cc7defc1b3382
runtime/dxmt-builtin-overlay	directory	-	-
runtime/dxmt-builtin-overlay/aarch64-unix	directory	-	-
runtime/dxmt-builtin-overlay/aarch64-unix/winemetal.so	file	27438896	fbfff7ce162c5db11d34b14181c31becc2feb219861faf013cd816a861db3004
runtime/dxmt-builtin-overlay/aarch64-windows	directory	-	-
runtime/dxmt-builtin-overlay/aarch64-windows/d3d10core.dll	file	1236992	95c9aabc200f3e1775ddf198df6afba4a683d47261b8f7904257137b7fc62929
runtime/dxmt-builtin-overlay/aarch64-windows/d3d11.dll	file	5050368	52f10210d45283a8b9b5e13699f72636de3bb79a8d19abb58af4c1a08c3b90cd
runtime/dxmt-builtin-overlay/aarch64-windows/d3d9.dll	file	3399680	53617fc82d8ff11045bfa8d94a982932ad1d6d26204c5f0c04b31cfae9828a83
runtime/dxmt-builtin-overlay/aarch64-windows/dxgi.dll	file	1511424	ce7f78f4c0b45cf04e01c86df173bfb52ca511e9188b2b49a48d20e0c32cadf5
runtime/dxmt-builtin-overlay/aarch64-windows/winemetal.dll	file	126976	4249abf5f7231b2c6712828107122fc0e92043c5bf48280246efedc74647b829
runtime/dxmt-builtin-overlay/x86_64-unix	directory	-	-
runtime/dxmt-builtin-overlay/x86_64-windows	directory	-	-
runtime/dxmt-builtin-overlay/x86_64-windows/d3d10core.dll	file	1482752	4e6dd97f0f08c2553da5ae703cd799af916585e11e7cf19e95f3716b7f66cb54
runtime/dxmt-builtin-overlay/x86_64-windows/d3d11.dll	file	5439488	f88868fcc464397b61549add45545ac48878e5b55b4c433cbeca9c9cb22689fd
runtime/dxmt-builtin-overlay/x86_64-windows/d3d9.dll	file	3751936	57b113acb73f03df03bc88beebb43c402a82f7b515cd34c80810c30da5d2840b
runtime/dxmt-builtin-overlay/x86_64-windows/dxgi.dll	file	1765376	eb37acb0a0aea5610054304b3d346dbdce6881106e636954e395debdf9892c0c
runtime/dxmt-builtin-overlay/x86_64-windows/winemetal.dll	file	135168	0ab6b6259b2d48070618d988a0f8509798ab336d56b0cbda62725152ca59e2e4
runtime/translation-cache-preimage	directory	-	-
runtime/translation-cache-preimage/translation-cache.bin	file	22606624	f5faa1dc60cb7a53e7466a1d5b31ad8d3ac0115a049b0bcc37deb48e8f0a7cfa
